Command line invocation:
    /Applications/Development/Xcode.app/Contents/Developer/usr/bin/xcodebuild -project /private/tmp/pumpsync-ui-audit-harness/PumpSync.xcodeproj -scheme PumpSync -configuration Debug -skipMacroValidation -destination "platform=iOS Simulator,id=7C172CFA-650B-4566-BC58-65DD79E00540" -collect-test-diagnostics never COMPILER_INDEX_STORE_ENABLE=NO ONLY_ACTIVE_ARCH=YES -packageCachePath /Users/ericslutz/Library/Caches/org.swift.swiftpm -derivedDataPath /private/tmp/pumpsync-ui-audit-test-build -parallel-testing-enabled NO "-only-testing:PumpSyncUITests/PumpSyncAuditTests" -testProductsPath /Users/ericslutz/Library/Developer/XcodeBuildMCP/workspaces/PumpSync-84f5feba2ee4/test-products/test_sim_2026-10-01T15-28-31-147Z_pid68598_eeac7ad3.xctestproducts build-for-testing

Build settings from command line:
    COMPILER_INDEX_STORE_ENABLE = NO
    ONLY_ACTIVE_ARCH = YES

2026-10-01 11:28:33.191 xcodebuild[74605:2937976] Writing test products to /Users/ericslutz/Library/Developer/XcodeBuildMCP/workspaces/PumpSync-84f5feba2ee4/test-products/test_sim_2026-10-01T15-28-31-147Z_pid68598_eeac7ad3.xctestproducts
ComputePackagePrebuildTargetDependencyGraph

Prepare packages

CreateBuildRequest

SendProjectDescription

CreateBuildOperation

ComputeTargetDependencyGraph
note: Building targets in dependency order
note: Target dependency graph (3 targets)
    Target 'PumpSyncUITests' in project 'PumpSync'
        ➜ Explicit dependency on target 'PumpSync' in project 'PumpSync'
    Target 'PumpSyncTests' in project 'PumpSync'
        ➜ Explicit dependency on target 'PumpSync' in project 'PumpSync'
    Target 'PumpSync' in project 'PumpSync' (no dependencies)

GatherProvisioningInputs

CreateBuildDescription

ExecuteExternalTool /Applications/Development/Xcode.app/Contents/Developer/Toolchains/XcodeDefault.xctoolchain/usr/bin/clang -v -E -dM -isysroot /Applications/Development/Xcode.app/Contents/Developer/Platforms/iPhoneSimulator.platform/Developer/SDKs/iPhoneSimulator27.0.sdk -x c -c /dev/null

ExecuteExternalTool /Applications/Development/Xcode.app/Contents/Developer/Toolchains/XcodeDefault.xctoolchain/usr/bin/swiftc --version

ExecuteExternalTool /Applications/Development/Xcode.app/Contents/Developer/usr/bin/actool --print-asset-tag-combinations --output-format xml1 /tmp/pumpsync-ui-audit-harness/PumpSync/Resources/Assets.xcassets

ExecuteExternalTool /Applications/Development/Xcode.app/Contents/Developer/Toolchains/XcodeDefault.xctoolchain/usr/bin/ld -version_details

ExecuteExternalTool /Applications/Development/Xcode.app/Contents/Developer/usr/bin/actool --version --output-format xml1

Build description signature: cf545393f02942670a4ac8079e3ed06c
Build description path: /tmp/pumpsync-ui-audit-test-build/Build/Intermediates.noindex/XCBuildData/cf545393f02942670a4ac8079e3ed06c.xcbuilddata
CreateBuildDirectory /tmp/pumpsync-ui-audit-test-build/SDKExplicitPrecompiledModules
    cd /tmp/pumpsync-ui-audit-harness/PumpSync.xcodeproj
    builtin-create-build-directory /tmp/pumpsync-ui-audit-test-build/SDKExplicitPrecompiledModules

CreateBuildDirectory /tmp/pumpsync-ui-audit-test-build/CompilationCache.noindex
    cd /tmp/pumpsync-ui-audit-harness/PumpSync.xcodeproj
    builtin-create-build-directory /tmp/pumpsync-ui-audit-test-build/CompilationCache.noindex

CreateBuildDirectory /tmp/pumpsync-ui-audit-test-build/ModuleCache.noindex
    cd /tmp/pumpsync-ui-audit-harness/PumpSync.xcodeproj
    builtin-create-build-directory /tmp/pumpsync-ui-audit-test-build/ModuleCache.noindex

ClangStatCache /Applications/Development/Xcode.app/Contents/Developer/Toolchains/XcodeDefault.xctoolchain/usr/bin/clang-stat-cache /Applications/Development/Xcode.app/Contents/Developer/Platforms/iPhoneSimulator.platform/Developer/SDKs/iPhoneSimulator27.0.sdk /tmp/pumpsync-ui-audit-test-build/SDKStatCaches.noindex/iphonesimulator27.0-24A430-8b98ade55cdca77b755c004ede0894fd.sdkstatcache
    cd /tmp/pumpsync-ui-audit-harness/PumpSync.xcodeproj
    /Applications/Development/Xcode.app/Contents/Developer/Toolchains/XcodeDefault.xctoolchain/usr/bin/clang-stat-cache /Applications/Development/Xcode.app/Contents/Developer/Platforms/iPhoneSimulator.platform/Developer/SDKs/iPhoneSimulator27.0.sdk -o /tmp/pumpsync-ui-audit-test-build/SDKStatCaches.noindex/iphonesimulator27.0-24A430-8b98ade55cdca77b755c004ede0894fd.sdkstatcache

CreateBuildDirectory /tmp/pumpsync-ui-audit-test-build/Build/Intermediates.noindex
    cd /tmp/pumpsync-ui-audit-harness/PumpSync.xcodeproj
    builtin-create-build-directory /tmp/pumpsync-ui-audit-test-build/Build/Intermediates.noindex

CreateBuildDirectory /tmp/pumpsync-ui-audit-test-build/Build/Products
    cd /tmp/pumpsync-ui-audit-harness/PumpSync.xcodeproj
    builtin-create-build-directory /tmp/pumpsync-ui-audit-test-build/Build/Products

CreateBuildDirectory /tmp/pumpsync-ui-audit-test-build/Build/Products/Debug-iphonesimulator
    cd /tmp/pumpsync-ui-audit-harness/PumpSync.xcodeproj
    builtin-create-build-directory /tmp/pumpsync-ui-audit-test-build/Build/Products/Debug-iphonesimulator

CreateBuildDirectory /tmp/pumpsync-ui-audit-test-build/Build/Intermediates.noindex/PrecompiledHeaders
    cd /tmp/pumpsync-ui-audit-harness/PumpSync.xcodeproj
    builtin-create-build-directory /tmp/pumpsync-ui-audit-test-build/Build/Intermediates.noindex/PrecompiledHeaders

CreateBuildDirectory /tmp/pumpsync-ui-audit-test-build/Build/Intermediates.noindex/SwiftExplicitPrecompiledModules
    cd /tmp/pumpsync-ui-audit-harness/PumpSync.xcodeproj
    builtin-create-build-directory /tmp/pumpsync-ui-audit-test-build/Build/Intermediates.noindex/SwiftExplicitPrecompiledModules

CreateBuildDirectory /tmp/pumpsync-ui-audit-test-build/Build/Intermediates.noindex/ExplicitPrecompiledModules
    cd /tmp/pumpsync-ui-audit-harness/PumpSync.xcodeproj
    builtin-create-build-directory /tmp/pumpsync-ui-audit-test-build/Build/Intermediates.noindex/ExplicitPrecompiledModules

CreateBuildDirectory /tmp/pumpsync-ui-audit-test-build/Build/Intermediates.noindex/EagerLinkingTBDs/Debug-iphonesimulator
    cd /tmp/pumpsync-ui-audit-harness/PumpSync.xcodeproj
    builtin-create-build-directory /tmp/pumpsync-ui-audit-test-build/Build/Intermediates.noindex/EagerLinkingTBDs/Debug-iphonesimulator

WriteAuxiliaryFile /tmp/pumpsync-ui-audit-test-build/Build/Intermediates.noindex/PumpSync.build/Debug-iphonesimulator/PumpSync-7846ac918a4e7053840541c10a91dfd6-VFS-iphonesimulator/all-product-headers.yaml
    cd /tmp/pumpsync-ui-audit-harness/PumpSync.xcodeproj
    write-file /tmp/pumpsync-ui-audit-test-build/Build/Intermediates.noindex/PumpSync.build/Debug-iphonesimulator/PumpSync-7846ac918a4e7053840541c10a91dfd6-VFS-iphonesimulator/all-product-headers.yaml

WriteAuxiliaryFile /tmp/pumpsync-ui-audit-test-build/Build/Intermediates.noindex/PumpSync.build/Debug-iphonesimulator/PumpSyncUITests.build/PumpSyncUITests.DependencyMetadataFileList (in target 'PumpSyncUITests' from project 'PumpSync')
    cd /tmp/pumpsync-ui-audit-harness
    write-file /tmp/pumpsync-ui-audit-test-build/Build/Intermediates.noindex/PumpSync.build/Debug-iphonesimulator/PumpSyncUITests.build/PumpSyncUITests.DependencyMetadataFileList

WriteAuxiliaryFile /tmp/pumpsync-ui-audit-test-build/Build/Intermediates.noindex/PumpSync.build/Debug-iphonesimulator/PumpSyncUITests.build/PumpSyncUITests-own-target-headers.hmap (in target 'PumpSyncUITests' from project 'PumpSync')
    cd /tmp/pumpsync-ui-audit-harness
    write-file /tmp/pumpsync-ui-audit-test-build/Build/Intermediates.noindex/PumpSync.build/Debug-iphonesimulator/PumpSyncUITests.build/PumpSyncUITests-own-target-headers.hmap

WriteAuxiliaryFile /tmp/pumpsync-ui-audit-test-build/Build/Intermediates.noindex/PumpSync.build/Debug-iphonesimulator/PumpSyncUITests.build/PumpSyncUITests-generated-files.hmap (in target 'PumpSyncUITests' from project 'PumpSync')
    cd /tmp/pumpsync-ui-audit-harness
    write-file /tmp/pumpsync-ui-audit-test-build/Build/Intermediates.noindex/PumpSync.build/Debug-iphonesimulator/PumpSyncUITests.build/PumpSyncUITests-generated-files.hmap

WriteAuxiliaryFile /tmp/pumpsync-ui-audit-test-build/Build/Intermediates.noindex/PumpSync.build/Debug-iphonesimulator/PumpSyncUITests.build/PumpSyncUITests.hmap (in target 'PumpSyncUITests' from project 'PumpSync')
    cd /tmp/pumpsync-ui-audit-harness
    write-file /tmp/pumpsync-ui-audit-test-build/Build/Intermediates.noindex/PumpSync.build/Debug-iphonesimulator/PumpSyncUITests.build/PumpSyncUITests.hmap

WriteAuxiliaryFile /tmp/pumpsync-ui-audit-test-build/Build/Intermediates.noindex/PumpSync.build/Debug-iphonesimulator/PumpSyncUITests.build/PumpSyncUITests-all-target-headers.hmap (in target 'PumpSyncUITests' from project 'PumpSync')
    cd /tmp/pumpsync-ui-audit-harness
    write-file /tmp/pumpsync-ui-audit-test-build/Build/Intermediates.noindex/PumpSync.build/Debug-iphonesimulator/PumpSyncUITests.build/PumpSyncUITests-all-target-headers.hmap

WriteAuxiliaryFile /tmp/pumpsync-ui-audit-test-build/Build/Intermediates.noindex/PumpSync.build/Debug-iphonesimulator/PumpSyncUITests.build/PumpSyncUITests.DependencyStaticMetadataFileList (in target 'PumpSyncUITests' from project 'PumpSync')
    cd /tmp/pumpsync-ui-audit-harness
    write-file /tmp/pumpsync-ui-audit-test-build/Build/Intermediates.noindex/PumpSync.build/Debug-iphonesimulator/PumpSyncUITests.build/PumpSyncUITests.DependencyStaticMetadataFileList

WriteAuxiliaryFile /tmp/pumpsync-ui-audit-test-build/Build/Intermediates.noindex/PumpSync.build/Debug-iphonesimulator/PumpSyncUITests.build/empty-PumpSyncUITests.plist (in target 'PumpSyncUITests' from project 'PumpSync')
    cd /tmp/pumpsync-ui-audit-harness
    write-file /tmp/pumpsync-ui-audit-test-build/Build/Intermediates.noindex/PumpSync.build/Debug-iphonesimulator/PumpSyncUITests.build/empty-PumpSyncUITests.plist

WriteAuxiliaryFile /tmp/pumpsync-ui-audit-test-build/Build/Intermediates.noindex/PumpSync.build/Debug-iphonesimulator/PumpSyncUITests.build/PumpSyncUITests-project-headers.hmap (in target 'PumpSyncUITests' from project 'PumpSync')
    cd /tmp/pumpsync-ui-audit-harness
    write-file /tmp/pumpsync-ui-audit-test-build/Build/Intermediates.noindex/PumpSync.build/Debug-iphonesimulator/PumpSyncUITests.build/PumpSyncUITests-project-headers.hmap

WriteAuxiliaryFile /tmp/pumpsync-ui-audit-test-build/Build/Intermediates.noindex/PumpSync.build/Debug-iphonesimulator/PumpSyncUITests.build/PumpSyncUITests-all-non-framework-target-headers.hmap (in target 'PumpSyncUITests' from project 'PumpSync')
    cd /tmp/pumpsync-ui-audit-harness
    write-file /tmp/pumpsync-ui-audit-test-build/Build/Intermediates.noindex/PumpSync.build/Debug-iphonesimulator/PumpSyncUITests.build/PumpSyncUITests-all-non-framework-target-headers.hmap

WriteAuxiliaryFile /tmp/pumpsync-ui-audit-test-build/Build/Intermediates.noindex/PumpSync.build/Debug-iphonesimulator/PumpSyncUITests.build/ProductTypeInfoPlistAdditions.plist (in target 'PumpSyncUITests' from project 'PumpSync')
    cd /tmp/pumpsync-ui-audit-harness
    write-file /tmp/pumpsync-ui-audit-test-build/Build/Intermediates.noindex/PumpSync.build/Debug-iphonesimulator/PumpSyncUITests.build/ProductTypeInfoPlistAdditions.plist

WriteAuxiliaryFile /tmp/pumpsync-ui-audit-test-build/Build/Intermediates.noindex/PumpSync.build/Debug-iphonesimulator/PumpSyncUITests.build/Objects-normal/arm64/PumpSyncUITests_const_extract_protocols.json (in target 'PumpSyncUITests' from project 'PumpSync')
    cd /tmp/pumpsync-ui-audit-harness
    write-file /tmp/pumpsync-ui-audit-test-build/Build/Intermediates.noindex/PumpSync.build/Debug-iphonesimulator/PumpSyncUITests.build/Objects-normal/arm64/PumpSyncUITests_const_extract_protocols.json

WriteAuxiliaryFile /tmp/pumpsync-ui-audit-test-build/Build/Intermediates.noindex/PumpSync.build/Debug-iphonesimulator/PumpSyncUITests.build/Objects-normal/arm64/PumpSyncUITests.SwiftFileList (in target 'PumpSyncUITests' from project 'PumpSync')
    cd /tmp/pumpsync-ui-audit-harness
    write-file /tmp/pumpsync-ui-audit-test-build/Build/Intermediates.noindex/PumpSync.build/Debug-iphonesimulator/PumpSyncUITests.build/Objects-normal/arm64/PumpSyncUITests.SwiftFileList

WriteAuxiliaryFile /tmp/pumpsync-ui-audit-test-build/Build/Intermediates.noindex/PumpSync.build/Debug-iphonesimulator/PumpSyncUITests.build/Objects-normal/arm64/PumpSyncUITests.SwiftConstValuesFileList (in target 'PumpSyncUITests' from project 'PumpSync')
    cd /tmp/pumpsync-ui-audit-harness
    write-file /tmp/pumpsync-ui-audit-test-build/Build/Intermediates.noindex/PumpSync.build/Debug-iphonesimulator/PumpSyncUITests.build/Objects-normal/arm64/PumpSyncUITests.SwiftConstValuesFileList

WriteAuxiliaryFile /tmp/pumpsync-ui-audit-test-build/Build/Intermediates.noindex/PumpSync.build/Debug-iphonesimulator/PumpSyncUITests.build/Objects-normal/arm64/PumpSyncUITests.LinkFileList (in target 'PumpSyncUITests' from project 'PumpSync')
    cd /tmp/pumpsync-ui-audit-harness
    write-file /tmp/pumpsync-ui-audit-test-build/Build/Intermediates.noindex/PumpSync.build/Debug-iphonesimulator/PumpSyncUITests.build/Objects-normal/arm64/PumpSyncUITests.LinkFileList

WriteAuxiliaryFile /tmp/pumpsync-ui-audit-test-build/Build/Intermediates.noindex/PumpSync.build/Debug-iphonesimulator/PumpSyncUITests.build/Objects-normal/arm64/PumpSyncUITests-OutputFileMap.json (in target 'PumpSyncUITests' from project 'PumpSync')
    cd /tmp/pumpsync-ui-audit-harness
    write-file /tmp/pumpsync-ui-audit-test-build/Build/Intermediates.noindex/PumpSync.build/Debug-iphonesimulator/PumpSyncUITests.build/Objects-normal/arm64/PumpSyncUITests-OutputFileMap.json

WriteAuxiliaryFile /tmp/pumpsync-ui-audit-test-build/Build/Intermediates.noindex/PumpSync.build/Debug-iphonesimulator/PumpSyncUITests.build/DerivedSources/Entitlements-Simulated.plist (in target 'PumpSyncUITests' from project 'PumpSync')
    cd /tmp/pumpsync-ui-audit-harness
    write-file /tmp/pumpsync-ui-audit-test-build/Build/Intermediates.noindex/PumpSync.build/Debug-iphonesimulator/PumpSyncUITests.build/DerivedSources/Entitlements-Simulated.plist

WriteAuxiliaryFile /tmp/pumpsync-ui-audit-test-build/Build/Intermediates.noindex/PumpSync.build/Debug-iphonesimulator/PumpSyncTests.build/PumpSyncTests.hmap (in target 'PumpSyncTests' from project 'PumpSync')
    cd /tmp/pumpsync-ui-audit-harness
    write-file /tmp/pumpsync-ui-audit-test-build/Build/Intermediates.noindex/PumpSync.build/Debug-iphonesimulator/PumpSyncTests.build/PumpSyncTests.hmap

WriteAuxiliaryFile /tmp/pumpsync-ui-audit-test-build/Build/Intermediates.noindex/PumpSync.build/Debug-iphonesimulator/PumpSyncTests.build/empty-PumpSyncTests.plist (in target 'PumpSyncTests' from project 'PumpSync')
    cd /tmp/pumpsync-ui-audit-harness
    write-file /tmp/pumpsync-ui-audit-test-build/Build/Intermediates.noindex/PumpSync.build/Debug-iphonesimulator/PumpSyncTests.build/empty-PumpSyncTests.plist

WriteAuxiliaryFile /tmp/pumpsync-ui-audit-test-build/Build/Intermediates.noindex/PumpSync.build/Debug-iphonesimulator/PumpSyncTests.build/PumpSyncTests.DependencyStaticMetadataFileList (in target 'PumpSyncTests' from project 'PumpSync')
    cd /tmp/pumpsync-ui-audit-harness
    write-file /tmp/pumpsync-ui-audit-test-build/Build/Intermediates.noindex/PumpSync.build/Debug-iphonesimulator/PumpSyncTests.build/PumpSyncTests.DependencyStaticMetadataFileList

WriteAuxiliaryFile /tmp/pumpsync-ui-audit-test-build/Build/Intermediates.noindex/PumpSync.build/Debug-iphonesimulator/PumpSyncTests.build/PumpSyncTests.DependencyMetadataFileList (in target 'PumpSyncTests' from project 'PumpSync')
    cd /tmp/pumpsync-ui-audit-harness
    write-file /tmp/pumpsync-ui-audit-test-build/Build/Intermediates.noindex/PumpSync.build/Debug-iphonesimulator/PumpSyncTests.build/PumpSyncTests.DependencyMetadataFileList

WriteAuxiliaryFile /tmp/pumpsync-ui-audit-test-build/Build/Intermediates.noindex/PumpSync.build/Debug-iphonesimulator/PumpSyncTests.build/PumpSyncTests-project-headers.hmap (in target 'PumpSyncTests' from project 'PumpSync')
    cd /tmp/pumpsync-ui-audit-harness
    write-file /tmp/pumpsync-ui-audit-test-build/Build/Intermediates.noindex/PumpSync.build/Debug-iphonesimulator/PumpSyncTests.build/PumpSyncTests-project-headers.hmap

WriteAuxiliaryFile /tmp/pumpsync-ui-audit-test-build/Build/Intermediates.noindex/PumpSync.build/Debug-iphonesimulator/PumpSyncTests.build/PumpSyncTests-own-target-headers.hmap (in target 'PumpSyncTests' from project 'PumpSync')
    cd /tmp/pumpsync-ui-audit-harness
    write-file /tmp/pumpsync-ui-audit-test-build/Build/Intermediates.noindex/PumpSync.build/Debug-iphonesimulator/PumpSyncTests.build/PumpSyncTests-own-target-headers.hmap

WriteAuxiliaryFile /tmp/pumpsync-ui-audit-test-build/Build/Intermediates.noindex/PumpSync.build/Debug-iphonesimulator/PumpSyncTests.build/PumpSyncTests-generated-files.hmap (in target 'PumpSyncTests' from project 'PumpSync')
    cd /tmp/pumpsync-ui-audit-harness
    write-file /tmp/pumpsync-ui-audit-test-build/Build/Intermediates.noindex/PumpSync.build/Debug-iphonesimulator/PumpSyncTests.build/PumpSyncTests-generated-files.hmap

WriteAuxiliaryFile /tmp/pumpsync-ui-audit-test-build/Build/Intermediates.noindex/PumpSync.build/Debug-iphonesimulator/PumpSyncTests.build/PumpSyncTests-all-target-headers.hmap (in target 'PumpSyncTests' from project 'PumpSync')
    cd /tmp/pumpsync-ui-audit-harness
    write-file /tmp/pumpsync-ui-audit-test-build/Build/Intermediates.noindex/PumpSync.build/Debug-iphonesimulator/PumpSyncTests.build/PumpSyncTests-all-target-headers.hmap

WriteAuxiliaryFile /tmp/pumpsync-ui-audit-test-build/Build/Intermediates.noindex/PumpSync.build/Debug-iphonesimulator/PumpSyncTests.build/PumpSyncTests-all-non-framework-target-headers.hmap (in target 'PumpSyncTests' from project 'PumpSync')
    cd /tmp/pumpsync-ui-audit-harness
    write-file /tmp/pumpsync-ui-audit-test-build/Build/Intermediates.noindex/PumpSync.build/Debug-iphonesimulator/PumpSyncTests.build/PumpSyncTests-all-non-framework-target-headers.hmap

WriteAuxiliaryFile /tmp/pumpsync-ui-audit-test-build/Build/Intermediates.noindex/PumpSync.build/Debug-iphonesimulator/PumpSyncTests.build/Objects-normal/arm64/PumpSyncTests_const_extract_protocols.json (in target 'PumpSyncTests' from project 'PumpSync')
    cd /tmp/pumpsync-ui-audit-harness
    write-file /tmp/pumpsync-ui-audit-test-build/Build/Intermediates.noindex/PumpSync.build/Debug-iphonesimulator/PumpSyncTests.build/Objects-normal/arm64/PumpSyncTests_const_extract_protocols.json

WriteAuxiliaryFile /tmp/pumpsync-ui-audit-test-build/Build/Intermediates.noindex/PumpSync.build/Debug-iphonesimulator/PumpSyncTests.build/Objects-normal/arm64/PumpSyncTests.SwiftFileList (in target 'PumpSyncTests' from project 'PumpSync')
    cd /tmp/pumpsync-ui-audit-harness
    write-file /tmp/pumpsync-ui-audit-test-build/Build/Intermediates.noindex/PumpSync.build/Debug-iphonesimulator/PumpSyncTests.build/Objects-normal/arm64/PumpSyncTests.SwiftFileList

WriteAuxiliaryFile /tmp/pumpsync-ui-audit-test-build/Build/Intermediates.noindex/PumpSync.build/Debug-iphonesimulator/PumpSyncTests.build/Objects-normal/arm64/PumpSyncTests.SwiftConstValuesFileList (in target 'PumpSyncTests' from project 'PumpSync')
    cd /tmp/pumpsync-ui-audit-harness
    write-file /tmp/pumpsync-ui-audit-test-build/Build/Intermediates.noindex/PumpSync.build/Debug-iphonesimulator/PumpSyncTests.build/Objects-normal/arm64/PumpSyncTests.SwiftConstValuesFileList

WriteAuxiliaryFile /tmp/pumpsync-ui-audit-test-build/Build/Intermediates.noindex/PumpSync.build/Debug-iphonesimulator/PumpSyncTests.build/Objects-normal/arm64/PumpSyncTests.LinkFileList (in target 'PumpSyncTests' from project 'PumpSync')
    cd /tmp/pumpsync-ui-audit-harness
    write-file /tmp/pumpsync-ui-audit-test-build/Build/Intermediates.noindex/PumpSync.build/Debug-iphonesimulator/PumpSyncTests.build/Objects-normal/arm64/PumpSyncTests.LinkFileList

WriteAuxiliaryFile /tmp/pumpsync-ui-audit-test-build/Build/Intermediates.noindex/PumpSync.build/Debug-iphonesimulator/PumpSyncTests.build/Objects-normal/arm64/PumpSyncTests-OutputFileMap.json (in target 'PumpSyncTests' from project 'PumpSync')
    cd /tmp/pumpsync-ui-audit-harness
    write-file /tmp/pumpsync-ui-audit-test-build/Build/Intermediates.noindex/PumpSync.build/Debug-iphonesimulator/PumpSyncTests.build/Objects-normal/arm64/PumpSyncTests-OutputFileMap.json

WriteAuxiliaryFile /tmp/pumpsync-ui-audit-test-build/Build/Intermediates.noindex/PumpSync.build/Debug-iphonesimulator/PumpSync.build/PumpSync.DependencyStaticMetadataFileList (in target 'PumpSync' from project 'PumpSync')
    cd /tmp/pumpsync-ui-audit-harness
    write-file /tmp/pumpsync-ui-audit-test-build/Build/Intermediates.noindex/PumpSync.build/Debug-iphonesimulator/PumpSync.build/PumpSync.DependencyStaticMetadataFileList

WriteAuxiliaryFile /tmp/pumpsync-ui-audit-test-build/Build/Intermediates.noindex/PumpSync.build/Debug-iphonesimulator/PumpSync.build/PumpSync.hmap (in target 'PumpSync' from project 'PumpSync')
    cd /tmp/pumpsync-ui-audit-harness
    write-file /tmp/pumpsync-ui-audit-test-build/Build/Intermediates.noindex/PumpSync.build/Debug-iphonesimulator/PumpSync.build/PumpSync.hmap

WriteAuxiliaryFile /tmp/pumpsync-ui-audit-test-build/Build/Intermediates.noindex/PumpSync.build/Debug-iphonesimulator/PumpSync.build/PumpSync.DependencyMetadataFileList (in target 'PumpSync' from project 'PumpSync')
    cd /tmp/pumpsync-ui-audit-harness
    write-file /tmp/pumpsync-ui-audit-test-build/Build/Intermediates.noindex/PumpSync.build/Debug-iphonesimulator/PumpSync.build/PumpSync.DependencyMetadataFileList

WriteAuxiliaryFile /tmp/pumpsync-ui-audit-test-build/Build/Intermediates.noindex/PumpSync.build/Debug-iphonesimulator/PumpSync.build/PumpSync-project-headers.hmap (in target 'PumpSync' from project 'PumpSync')
    cd /tmp/pumpsync-ui-audit-harness
    write-file /tmp/pumpsync-ui-audit-test-build/Build/Intermediates.noindex/PumpSync.build/Debug-iphonesimulator/PumpSync.build/PumpSync-project-headers.hmap

WriteAuxiliaryFile /tmp/pumpsync-ui-audit-test-build/Build/Intermediates.noindex/PumpSync.build/Debug-iphonesimulator/PumpSync.build/PumpSync-own-target-headers.hmap (in target 'PumpSync' from project 'PumpSync')
    cd /tmp/pumpsync-ui-audit-harness
    write-file /tmp/pumpsync-ui-audit-test-build/Build/Intermediates.noindex/PumpSync.build/Debug-iphonesimulator/PumpSync.build/PumpSync-own-target-headers.hmap

WriteAuxiliaryFile /tmp/pumpsync-ui-audit-test-build/Build/Intermediates.noindex/PumpSync.build/Debug-iphonesimulator/PumpSync.build/PumpSync-generated-files.hmap (in target 'PumpSync' from project 'PumpSync')
    cd /tmp/pumpsync-ui-audit-harness
    write-file /tmp/pumpsync-ui-audit-test-build/Build/Intermediates.noindex/PumpSync.build/Debug-iphonesimulator/PumpSync.build/PumpSync-generated-files.hmap

WriteAuxiliaryFile /tmp/pumpsync-ui-audit-test-build/Build/Intermediates.noindex/PumpSync.build/Debug-iphonesimulator/PumpSync.build/PumpSync-all-target-headers.hmap (in target 'PumpSync' from project 'PumpSync')
    cd /tmp/pumpsync-ui-audit-harness
    write-file /tmp/pumpsync-ui-audit-test-build/Build/Intermediates.noindex/PumpSync.build/Debug-iphonesimulator/PumpSync.build/PumpSync-all-target-headers.hmap

WriteAuxiliaryFile /tmp/pumpsync-ui-audit-test-build/Build/Intermediates.noindex/PumpSync.build/Debug-iphonesimulator/PumpSync.build/PumpSync-all-non-framework-target-headers.hmap (in target 'PumpSync' from project 'PumpSync')
    cd /tmp/pumpsync-ui-audit-harness
    write-file /tmp/pumpsync-ui-audit-test-build/Build/Intermediates.noindex/PumpSync.build/Debug-iphonesimulator/PumpSync.build/PumpSync-all-non-framework-target-headers.hmap

WriteAuxiliaryFile /tmp/pumpsync-ui-audit-test-build/Build/Intermediates.noindex/PumpSync.build/Debug-iphonesimulator/PumpSync.build/PumpSync-DebugDylibPath-normal-arm64.txt (in target 'PumpSync' from project 'PumpSync')
    cd /tmp/pumpsync-ui-audit-harness
    write-file /tmp/pumpsync-ui-audit-test-build/Build/Intermediates.noindex/PumpSync.build/Debug-iphonesimulator/PumpSync.build/PumpSync-DebugDylibPath-normal-arm64.txt

WriteAuxiliaryFile /tmp/pumpsync-ui-audit-test-build/Build/Intermediates.noindex/PumpSync.build/Debug-iphonesimulator/PumpSync.build/PumpSync-DebugDylibInstallName-normal-arm64.txt (in target 'PumpSync' from project 'PumpSync')
    cd /tmp/pumpsync-ui-audit-harness
    write-file /tmp/pumpsync-ui-audit-test-build/Build/Intermediates.noindex/PumpSync.build/Debug-iphonesimulator/PumpSync.build/PumpSync-DebugDylibInstallName-normal-arm64.txt

WriteAuxiliaryFile /tmp/pumpsync-ui-audit-test-build/Build/Intermediates.noindex/PumpSync.build/Debug-iphonesimulator/PumpSync.build/Objects-normal/arm64/PumpSync.SwiftConstValuesFileList (in target 'PumpSync' from project 'PumpSync')
    cd /tmp/pumpsync-ui-audit-harness
    write-file /tmp/pumpsync-ui-audit-test-build/Build/Intermediates.noindex/PumpSync.build/Debug-iphonesimulator/PumpSync.build/Objects-normal/arm64/PumpSync.SwiftConstValuesFileList

WriteAuxiliaryFile /tmp/pumpsync-ui-audit-test-build/Build/Intermediates.noindex/PumpSync.build/Debug-iphonesimulator/PumpSync.build/Objects-normal/arm64/PumpSync.SwiftFileList (in target 'PumpSync' from project 'PumpSync')
    cd /tmp/pumpsync-ui-audit-harness
    write-file /tmp/pumpsync-ui-audit-test-build/Build/Intermediates.noindex/PumpSync.build/Debug-iphonesimulator/PumpSync.build/Objects-normal/arm64/PumpSync.SwiftFileList

WriteAuxiliaryFile /tmp/pumpsync-ui-audit-test-build/Build/Intermediates.noindex/PumpSync.build/Debug-iphonesimulator/PumpSync.build/Objects-normal/arm64/PumpSync.LinkFileList (in target 'PumpSync' from project 'PumpSync')
    cd /tmp/pumpsync-ui-audit-harness
    write-file /tmp/pumpsync-ui-audit-test-build/Build/Intermediates.noindex/PumpSync.build/Debug-iphonesimulator/PumpSync.build/Objects-normal/arm64/PumpSync.LinkFileList

WriteAuxiliaryFile /tmp/pumpsync-ui-audit-test-build/Build/Intermediates.noindex/PumpSync.build/Debug-iphonesimulator/PumpSync.build/Objects-normal/arm64/PumpSync_const_extract_protocols.json (in target 'PumpSync' from project 'PumpSync')
    cd /tmp/pumpsync-ui-audit-harness
    write-file /tmp/pumpsync-ui-audit-test-build/Build/Intermediates.noindex/PumpSync.build/Debug-iphonesimulator/PumpSync.build/Objects-normal/arm64/PumpSync_const_extract_protocols.json

WriteAuxiliaryFile /tmp/pumpsync-ui-audit-test-build/Build/Intermediates.noindex/PumpSync.build/Debug-iphonesimulator/PumpSync.build/Objects-normal/arm64/PumpSync-OutputFileMap.json (in target 'PumpSync' from project 'PumpSync')
    cd /tmp/pumpsync-ui-audit-harness
    write-file /tmp/pumpsync-ui-audit-test-build/Build/Intermediates.noindex/PumpSync.build/Debug-iphonesimulator/PumpSync.build/Objects-normal/arm64/PumpSync-OutputFileMap.json

WriteAuxiliaryFile /tmp/pumpsync-ui-audit-test-build/Build/Intermediates.noindex/PumpSync.build/Debug-iphonesimulator/PumpSync.build/DerivedSources/Entitlements-Simulated.plist (in target 'PumpSync' from project 'PumpSync')
    cd /tmp/pumpsync-ui-audit-harness
    write-file /tmp/pumpsync-ui-audit-test-build/Build/Intermediates.noindex/PumpSync.build/Debug-iphonesimulator/PumpSync.build/DerivedSources/Entitlements-Simulated.plist

MkDir /tmp/pumpsync-ui-audit-test-build/Build/Products/Debug-iphonesimulator/PumpSyncUITests-Runner.app/PlugIns/PumpSyncUITests.xctest (in target 'PumpSyncUITests' from project 'PumpSync')
    cd /tmp/pumpsync-ui-audit-harness
    /bin/mkdir -p /tmp/pumpsync-ui-audit-test-build/Build/Products/Debug-iphonesimulator/PumpSyncUITests-Runner.app/PlugIns/PumpSyncUITests.xctest

MkDir /tmp/pumpsync-ui-audit-test-build/Build/Products/Debug-iphonesimulator/PumpSync.app/PlugIns/PumpSyncTests.xctest (in target 'PumpSyncTests' from project 'PumpSync')
    cd /tmp/pumpsync-ui-audit-harness
    /bin/mkdir -p /tmp/pumpsync-ui-audit-test-build/Build/Products/Debug-iphonesimulator/PumpSync.app/PlugIns/PumpSyncTests.xctest

MkDir /tmp/pumpsync-ui-audit-test-build/Build/Products/Debug-iphonesimulator/PumpSync.app/PlugIns (in target 'PumpSync' from project 'PumpSync')
    cd /tmp/pumpsync-ui-audit-harness
    /bin/mkdir -p /tmp/pumpsync-ui-audit-test-build/Build/Products/Debug-iphonesimulator/PumpSync.app/PlugIns

MkDir /tmp/pumpsync-ui-audit-test-build/Build/Products/Debug-iphonesimulator/PumpSync.app (in target 'PumpSync' from project 'PumpSync')
    cd /tmp/pumpsync-ui-audit-harness
    /bin/mkdir -p /tmp/pumpsync-ui-audit-test-build/Build/Products/Debug-iphonesimulator/PumpSync.app

ProcessProductPackaging /tmp/pumpsync-ui-audit-harness/PumpSync/PumpSync.entitlements /tmp/pumpsync-ui-audit-test-build/Build/Intermediates.noindex/PumpSync.build/Debug-iphonesimulator/PumpSync.build/PumpSync.app-Simulated.xcent (in target 'PumpSync' from project 'PumpSync')
    cd /tmp/pumpsync-ui-audit-harness

    Entitlements:

    {
    "application-identifier" = "QS3GC3CT43.dev.ericslutz.PumpSync";
    "com.apple.developer.devicecheck.appattest-environment" = development;
    "com.apple.developer.healthkit" = 1;
}

    builtin-productPackagingUtility /tmp/pumpsync-ui-audit-harness/PumpSync/PumpSync.entitlements -entitlements -format xml -o /tmp/pumpsync-ui-audit-test-build/Build/Intermediates.noindex/PumpSync.build/Debug-iphonesimulator/PumpSync.build/PumpSync.app-Simulated.xcent

ProcessProductPackaging /tmp/pumpsync-ui-audit-harness/PumpSync/PumpSync.entitlements /tmp/pumpsync-ui-audit-test-build/Build/Intermediates.noindex/PumpSync.build/Debug-iphonesimulator/PumpSync.build/PumpSync.app.xcent (in target 'PumpSync' from project 'PumpSync')
    cd /tmp/pumpsync-ui-audit-harness

    Entitlements:

    {
}

    builtin-productPackagingUtility /tmp/pumpsync-ui-audit-harness/PumpSync/PumpSync.entitlements -entitlements -format xml -o /tmp/pumpsync-ui-audit-test-build/Build/Intermediates.noindex/PumpSync.build/Debug-iphonesimulator/PumpSync.build/PumpSync.app.xcent

ProcessProductPackagingDER /tmp/pumpsync-ui-audit-test-build/Build/Intermediates.noindex/PumpSync.build/Debug-iphonesimulator/PumpSync.build/PumpSync.app.xcent /tmp/pumpsync-ui-audit-test-build/Build/Intermediates.noindex/PumpSync.build/Debug-iphonesimulator/PumpSync.build/PumpSync.app.xcent.der (in target 'PumpSync' from project 'PumpSync')
    cd /tmp/pumpsync-ui-audit-harness
    /usr/bin/derq query -f xml -i /tmp/pumpsync-ui-audit-test-build/Build/Intermediates.noindex/PumpSync.build/Debug-iphonesimulator/PumpSync.build/PumpSync.app.xcent -o /tmp/pumpsync-ui-audit-test-build/Build/Intermediates.noindex/PumpSync.build/Debug-iphonesimulator/PumpSync.build/PumpSync.app.xcent.der --raw

ProcessProductPackagingDER /tmp/pumpsync-ui-audit-test-build/Build/Intermediates.noindex/PumpSync.build/Debug-iphonesimulator/PumpSync.build/PumpSync.app-Simulated.xcent /tmp/pumpsync-ui-audit-test-build/Build/Intermediates.noindex/PumpSync.build/Debug-iphonesimulator/PumpSync.build/PumpSync.app-Simulated.xcent.der (in target 'PumpSync' from project 'PumpSync')
    cd /tmp/pumpsync-ui-audit-harness
    /usr/bin/derq query -f xml -i /tmp/pumpsync-ui-audit-test-build/Build/Intermediates.noindex/PumpSync.build/Debug-iphonesimulator/PumpSync.build/PumpSync.app-Simulated.xcent -o /tmp/pumpsync-ui-audit-test-build/Build/Intermediates.noindex/PumpSync.build/Debug-iphonesimulator/PumpSync.build/PumpSync.app-Simulated.xcent.der --raw

Ld /tmp/pumpsync-ui-audit-test-build/Build/Products/Debug-iphonesimulator/PumpSync.app/__preview.dylib normal (in target 'PumpSync' from project 'PumpSync')
    cd /tmp/pumpsync-ui-audit-harness
    /Applications/Development/Xcode.app/Contents/Developer/Toolchains/XcodeDefault.xctoolchain/usr/bin/clang -Xlinker -reproducible -target arm64-apple-ios26.0-simulator -dynamiclib -isysroot /Applications/Development/Xcode.app/Contents/Developer/Platforms/iPhoneSimulator.platform/Developer/SDKs/iPhoneSimulator27.0.sdk -O0 -Xlinker -no_warn_duplicate_libraries -L/tmp/pumpsync-ui-audit-test-build/Build/Products/Debug-iphonesimulator -F/tmp/pumpsync-ui-audit-test-build/Build/Products/Debug-iphonesimulator -install_name @rpath/PumpSync.debug.dylib -Xlinker -dead_strip -rdynamic -Xlinker -no_deduplicate -Xlinker -objc_abi_version -Xlinker 2 -Xlinker -dependency_info -Xlinker /tmp/pumpsync-ui-audit-test-build/Build/Intermediates.noindex/PumpSync.build/Debug-iphonesimulator/PumpSync.build/Objects-normal/arm64/PumpSync_dependency_info.dat -Xlinker -sectcreate -Xlinker __TEXT -Xlinker __entitlements -Xlinker /tmp/pumpsync-ui-audit-test-build/Build/Intermediates.noindex/PumpSync.build/Debug-iphonesimulator/PumpSync.build/PumpSync.app-Simulated.xcent -Xlinker -sectcreate -Xlinker __TEXT -Xlinker __ents_der -Xlinker /tmp/pumpsync-ui-audit-test-build/Build/Intermediates.noindex/PumpSync.build/Debug-iphonesimulator/PumpSync.build/PumpSync.app-Simulated.xcent.der -Xlinker -no_adhoc_codesign -o /tmp/pumpsync-ui-audit-test-build/Build/Products/Debug-iphonesimulator/PumpSync.app/__preview.dylib

GenerateAssetSymbols /tmp/pumpsync-ui-audit-harness/PumpSync/Resources/Assets.xcassets (in target 'PumpSync' from project 'PumpSync')
    cd /tmp/pumpsync-ui-audit-harness
    /Applications/Development/Xcode.app/Contents/Developer/usr/bin/actool /tmp/pumpsync-ui-audit-harness/PumpSync/Resources/Assets.xcassets --compile /tmp/pumpsync-ui-audit-test-build/Build/Products/Debug-iphonesimulator/PumpSync.app --output-format human-readable-text --notices --warnings --export-dependency-info /tmp/pumpsync-ui-audit-test-build/Build/Intermediates.noindex/PumpSync.build/Debug-iphonesimulator/PumpSync.build/assetcatalog_dependencies --output-partial-info-plist /tmp/pumpsync-ui-audit-test-build/Build/Intermediates.noindex/PumpSync.build/Debug-iphonesimulator/PumpSync.build/assetcatalog_generated_info.plist --app-icon AppIcon --compress-pngs --enable-on-demand-resources YES --development-region en --target-device iphone --target-device ipad --minimum-deployment-target 26.0 --platform iphonesimulator --bundle-identifier dev.ericslutz.PumpSync --generate-swift-asset-symbol-extensions NO --generate-swift-asset-symbols /tmp/pumpsync-ui-audit-test-build/Build/Intermediates.noindex/PumpSync.build/Debug-iphonesimulator/PumpSync.build/DerivedSources/GeneratedAssetSymbols.swift --generate-objc-asset-symbols /tmp/pumpsync-ui-audit-test-build/Build/Intermediates.noindex/PumpSync.build/Debug-iphonesimulator/PumpSync.build/DerivedSources/GeneratedAssetSymbols.h --generate-asset-symbol-index /tmp/pumpsync-ui-audit-test-build/Build/Intermediates.noindex/PumpSync.build/Debug-iphonesimulator/PumpSync.build/DerivedSources/GeneratedAssetSymbols-Index.plist
/* com.apple.actool.compilation-results */
/tmp/pumpsync-ui-audit-test-build/Build/Intermediates.noindex/PumpSync.build/Debug-iphonesimulator/PumpSync.build/DerivedSources/GeneratedAssetSymbols-Index.plist
/tmp/pumpsync-ui-audit-test-build/Build/Intermediates.noindex/PumpSync.build/Debug-iphonesimulator/PumpSync.build/DerivedSources/GeneratedAssetSymbols.h
/tmp/pumpsync-ui-audit-test-build/Build/Intermediates.noindex/PumpSync.build/Debug-iphonesimulator/PumpSync.build/DerivedSources/GeneratedAssetSymbols.swift


MkDir /tmp/pumpsync-ui-audit-test-build/Build/Intermediates.noindex/PumpSync.build/Debug-iphonesimulator/PumpSync.build/assetcatalog_output/unthinned (in target 'PumpSync' from project 'PumpSync')
    cd /tmp/pumpsync-ui-audit-harness
    /bin/mkdir -p /tmp/pumpsync-ui-audit-test-build/Build/Intermediates.noindex/PumpSync.build/Debug-iphonesimulator/PumpSync.build/assetcatalog_output/unthinned

MkDir /tmp/pumpsync-ui-audit-test-build/Build/Intermediates.noindex/PumpSync.build/Debug-iphonesimulator/PumpSync.build/assetcatalog_output/thinned (in target 'PumpSync' from project 'PumpSync')
    cd /tmp/pumpsync-ui-audit-harness
    /bin/mkdir -p /tmp/pumpsync-ui-audit-test-build/Build/Intermediates.noindex/PumpSync.build/Debug-iphonesimulator/PumpSync.build/assetcatalog_output/thinned

CompileAssetCatalogVariant thinned /tmp/pumpsync-ui-audit-test-build/Build/Products/Debug-iphonesimulator/PumpSync.app /tmp/pumpsync-ui-audit-harness/PumpSync/Resources/Assets.xcassets (in target 'PumpSync' from project 'PumpSync')
    cd /tmp/pumpsync-ui-audit-harness
    /Applications/Development/Xcode.app/Contents/Developer/usr/bin/actool /tmp/pumpsync-ui-audit-harness/PumpSync/Resources/Assets.xcassets --compile /tmp/pumpsync-ui-audit-test-build/Build/Intermediates.noindex/PumpSync.build/Debug-iphonesimulator/PumpSync.build/assetcatalog_output/thinned --output-format human-readable-text --notices --warnings --export-dependency-info /tmp/pumpsync-ui-audit-test-build/Build/Intermediates.noindex/PumpSync.build/Debug-iphonesimulator/PumpSync.build/assetcatalog_dependencies_thinned --output-partial-info-plist /tmp/pumpsync-ui-audit-test-build/Build/Intermediates.noindex/PumpSync.build/Debug-iphonesimulator/PumpSync.build/assetcatalog_generated_info.plist_thinned --app-icon AppIcon --compress-pngs --enable-on-demand-resources YES --filter-for-thinning-device-configuration iPhone18,3 --filter-for-device-os-version 26.5 --development-region en --target-device iphone --target-device ipad --minimum-deployment-target 26.0 --platform iphonesimulator
/* com.apple.actool.compilation-results */
/tmp/pumpsync-ui-audit-test-build/Build/Intermediates.noindex/PumpSync.build/Debug-iphonesimulator/PumpSync.build/assetcatalog_generated_info.plist_thinned
/tmp/pumpsync-ui-audit-test-build/Build/Intermediates.noindex/PumpSync.build/Debug-iphonesimulator/PumpSync.build/assetcatalog_output/thinned/AppIcon60x60@2x.png
/tmp/pumpsync-ui-audit-test-build/Build/Intermediates.noindex/PumpSync.build/Debug-iphonesimulator/PumpSync.build/assetcatalog_output/thinned/AppIcon76x76@2x~ipad.png
/tmp/pumpsync-ui-audit-test-build/Build/Intermediates.noindex/PumpSync.build/Debug-iphonesimulator/PumpSync.build/assetcatalog_output/thinned/Assets.car


SwiftDriver PumpSync normal arm64 com.apple.xcode.tools.swift.compiler (in target 'PumpSync' from project 'PumpSync')
    cd /tmp/pumpsync-ui-audit-harness
    builtin-SwiftDriver -- /Applications/Development/Xcode.app/Contents/Developer/Toolchains/XcodeDefault.xctoolchain/usr/bin/swiftc -module-name PumpSync -Onone @/tmp/pumpsync-ui-audit-test-build/Build/Intermediates.noindex/PumpSync.build/Debug-iphonesimulator/PumpSync.build/Objects-normal/arm64/PumpSync.SwiftFileList -DDEBUG -enable-experimental-feature DebugDescriptionMacro -sdk /Applications/Development/Xcode.app/Contents/Developer/Platforms/iPhoneSimulator.platform/Developer/SDKs/iPhoneSimulator27.0.sdk -target arm64-apple-ios26.0-simulator -g -module-cache-path /tmp/pumpsync-ui-audit-test-build/ModuleCache.noindex -Xfrontend -serialize-debugging-options -enable-testing -warnings-as-errors -Xcc -D_LIBCPP_HARDENING_MODE\=_LIBCPP_HARDENING_MODE_DEBUG -swift-version 6 -I /tmp/pumpsync-ui-audit-test-build/Build/Products/Debug-iphonesimulator -F /tmp/pumpsync-ui-audit-test-build/Build/Products/Debug-iphonesimulator -c -j10 -enable-batch-mode -incremental -Xcc -ivfsstatcache -Xcc /tmp/pumpsync-ui-audit-test-build/SDKStatCaches.noindex/iphonesimulator27.0-24A430-8b98ade55cdca77b755c004ede0894fd.sdkstatcache -output-file-map /tmp/pumpsync-ui-audit-test-build/Build/Intermediates.noindex/PumpSync.build/Debug-iphonesimulator/PumpSync.build/Objects-normal/arm64/PumpSync-OutputFileMap.json -save-temps -no-color-diagnostics -explicit-module-build -module-cache-path /tmp/pumpsync-ui-audit-test-build/Build/Intermediates.noindex/SwiftExplicitPrecompiledModules -clang-scanner-module-cache-path /tmp/pumpsync-ui-audit-test-build/ModuleCache.noindex -sdk-module-cache-path /tmp/pumpsync-ui-audit-test-build/SDKExplicitPrecompiledModules -emit-dependencies -emit-module -emit-module-path /tmp/pumpsync-ui-audit-test-build/Build/Intermediates.noindex/PumpSync.build/Debug-iphonesimulator/PumpSync.build/Objects-normal/arm64/PumpSync.swiftmodule -serialize-diagnostics -dependency-scan-serialize-diagnostics-path /tmp/pumpsync-ui-audit-test-build/Build/Intermediates.noindex/PumpSync.build/Debug-iphonesimulator/PumpSync.build/Objects-normal/arm64/PumpSync-dependency-scan.dia -validate-clang-modules-once -clang-build-session-file /tmp/pumpsync-ui-audit-test-build/ModuleCache.noindex/Session.modulevalidation -Xcc -fmodules-prune-interval\=86400 -Xcc -fmodules-prune-after\=345600 -emit-const-values -const-gather-protocols-list /tmp/pumpsync-ui-audit-test-build/Build/Intermediates.noindex/PumpSync.build/Debug-iphonesimulator/PumpSync.build/Objects-normal/arm64/PumpSync_const_extract_protocols.json -Xcc -iquote -Xcc /tmp/pumpsync-ui-audit-test-build/Build/Intermediates.noindex/PumpSync.build/Debug-iphonesimulator/PumpSync.build/PumpSync-generated-files.hmap -Xcc -I/tmp/pumpsync-ui-audit-test-build/Build/Intermediates.noindex/PumpSync.build/Debug-iphonesimulator/PumpSync.build/PumpSync-own-target-headers.hmap -Xcc -I/tmp/pumpsync-ui-audit-test-build/Build/Intermediates.noindex/PumpSync.build/Debug-iphonesimulator/PumpSync.build/PumpSync-all-target-headers.hmap -Xcc -iquote -Xcc /tmp/pumpsync-ui-audit-test-build/Build/Intermediates.noindex/PumpSync.build/Debug-iphonesimulator/PumpSync.build/PumpSync-project-headers.hmap -Xcc -I/tmp/pumpsync-ui-audit-test-build/Build/Products/Debug-iphonesimulator/include -Xcc -I/tmp/pumpsync-ui-audit-test-build/Build/Intermediates.noindex/PumpSync.build/Debug-iphonesimulator/PumpSync.build/DerivedSources-normal/arm64 -Xcc -I/tmp/pumpsync-ui-audit-test-build/Build/Intermediates.noindex/PumpSync.build/Debug-iphonesimulator/PumpSync.build/DerivedSources/arm64 -Xcc -I/tmp/pumpsync-ui-audit-test-build/Build/Intermediates.noindex/PumpSync.build/Debug-iphonesimulator/PumpSync.build/DerivedSources -Xcc -DDEBUG\=1 -emit-objc-header -emit-objc-header-path /tmp/pumpsync-ui-audit-test-build/Build/Intermediates.noindex/PumpSync.build/Debug-iphonesimulator/PumpSync.build/Objects-normal/arm64/PumpSync-Swift.h -working-directory /tmp/pumpsync-ui-audit-harness -experimental-emit-module-separately -disable-cmo

SwiftExplicitDependencyGeneratePcm arm64 /tmp/pumpsync-ui-audit-test-build/SDKExplicitPrecompiledModules/_Builtin_stddef-95O0OURXGBJ73TT60O8L28EJ.pcm

SwiftExplicitDependencyGeneratePcm arm64 /tmp/pumpsync-ui-audit-test-build/SDKExplicitPrecompiledModules/_Builtin_stdbool-4JWFRR45V0O1618GF4OD9WJ1A.pcm

SwiftExplicitDependencyGeneratePcm arm64 /tmp/pumpsync-ui-audit-test-build/SDKExplicitPrecompiledModules/_Builtin_stdarg-D6F7W9KXTMLJ3WHNJ5LBG0Y69.pcm

SwiftExplicitDependencyGeneratePcm arm64 /tmp/pumpsync-ui-audit-test-build/SDKExplicitPrecompiledModules/ptrcheck-3IDJA5UAAYI6K6KMRT8KKUWDI.pcm

SwiftExplicitDependencyGeneratePcm arm64 /tmp/pumpsync-ui-audit-test-build/SDKExplicitPrecompiledModules/_StoreKit_SwiftUI-DLSWTAFF4C0TFNXSMO1UX5P87.pcm

SwiftExplicitDependencyGeneratePcm arm64 /tmp/pumpsync-ui-audit-test-build/SDKExplicitPrecompiledModules/_Builtin_float-ALYDMLL760Y6MJWT4PN9OOHMI.pcm

SwiftExplicitDependencyGeneratePcm arm64 /tmp/pumpsync-ui-audit-test-build/SDKExplicitPrecompiledModules/_SwiftConcurrencyShims-37I7NT7760CBQXMOS3W1EPOAH.pcm

SwiftExplicitDependencyGeneratePcm arm64 /tmp/pumpsync-ui-audit-test-build/SDKExplicitPrecompiledModules/ptrauth-9RB6ZHU9612LRVG31YUVSA56G.pcm

SwiftExplicitDependencyGeneratePcm arm64 /tmp/pumpsync-ui-audit-test-build/SDKExplicitPrecompiledModules/_AvailabilityInternal-7OQYVZCZ5QWQOKA5C9S6WLJ5R.pcm

SwiftExplicitDependencyGeneratePcm arm64 /tmp/pumpsync-ui-audit-test-build/SDKExplicitPrecompiledModules/SwiftShims-8YFCZ0L1V9LKPFPEOAF1E9HD1.pcm

SwiftExplicitDependencyGeneratePcm arm64 /tmp/pumpsync-ui-audit-test-build/SDKExplicitPrecompiledModules/DeveloperToolsSupport-4102JTKMOQRR5D97ORGT7VY55.pcm

SwiftExplicitDependencyGeneratePcm arm64 /tmp/pumpsync-ui-audit-test-build/SDKExplicitPrecompiledModules/_DarwinFoundation1-CCIMUP7GKVHFZNPHRWABJOLB.pcm

SwiftExplicitDependencyGeneratePcm arm64 /tmp/pumpsync-ui-audit-test-build/SDKExplicitPrecompiledModules/_Builtin_limits-A4LCB2KYEOZDO3WUGWWU6GUAP.pcm

SwiftExplicitDependencyGeneratePcm arm64 /tmp/pumpsync-ui-audit-test-build/SDKExplicitPrecompiledModules/_DarwinFoundation2-A4936J5KMA4W8BY7STBWUZB3V.pcm

SwiftExplicitDependencyGeneratePcm arm64 /tmp/pumpsync-ui-audit-test-build/SDKExplicitPrecompiledModules/ExtensionFoundation-59KM9GWSRTJY36OK6R6ULX3BF.pcm

SwiftExplicitDependencyGeneratePcm arm64 /tmp/pumpsync-ui-audit-test-build/SDKExplicitPrecompiledModules/_Builtin_tgmath-7QWXTDAROMDWRBVD20XXQXYJB.pcm

SwiftExplicitDependencyGeneratePcm arm64 /tmp/pumpsync-ui-audit-test-build/SDKExplicitPrecompiledModules/sys_types-Y4UAUJTC6N8AE6U3JID43Y28.pcm

SwiftExplicitDependencyGeneratePcm arm64 /tmp/pumpsync-ui-audit-test-build/SDKExplicitPrecompiledModules/string_h-AB79AVUQNYKSFYLL4GL4TOA83.pcm

SwiftExplicitDependencyGeneratePcm arm64 /tmp/pumpsync-ui-audit-test-build/SDKExplicitPrecompiledModules/_Builtin_stdint-72RJZSC80H2EONXDLOXB9ZOSM.pcm

SwiftExplicitDependencyGeneratePcm arm64 /tmp/pumpsync-ui-audit-test-build/SDKExplicitPrecompiledModules/_Builtin_stdatomic-4BC79FBZKDSOKTW4526X6D0I6.pcm

SwiftExplicitDependencyGeneratePcm arm64 /tmp/pumpsync-ui-audit-test-build/SDKExplicitPrecompiledModules/_DarwinFoundation3-ACNA4TI3V3MJ1FSGCZN2TVBVI.pcm

SwiftExplicitDependencyGeneratePcm arm64 /tmp/pumpsync-ui-audit-test-build/SDKExplicitPrecompiledModules/_Builtin_intrinsics-4XCQTA8OABH42L0IOIF71XZ42.pcm

SwiftExplicitDependencyGeneratePcm arm64 /tmp/pumpsync-ui-audit-test-build/SDKExplicitPrecompiledModules/_Builtin_inttypes-ATT259ZXBGCVRVTTX0VSGCFEQ.pcm

SwiftExplicitDependencyGeneratePcm arm64 /tmp/pumpsync-ui-audit-test-build/SDKExplicitPrecompiledModules/Darwin-3EDUUGOOGVWMRCDR4D66QJK6N.pcm

SwiftExplicitDependencyGeneratePcm arm64 /tmp/pumpsync-ui-audit-test-build/SDKExplicitPrecompiledModules/simd-95PY8334US2ROF6OKRK7ZNOJ1.pcm

LinkAssetCatalog /tmp/pumpsync-ui-audit-harness/PumpSync/Resources/Assets.xcassets (in target 'PumpSync' from project 'PumpSync')
    cd /tmp/pumpsync-ui-audit-harness
    builtin-linkAssetCatalog --thinned /tmp/pumpsync-ui-audit-test-build/Build/Intermediates.noindex/PumpSync.build/Debug-iphonesimulator/PumpSync.build/assetcatalog_output/thinned --thinned-dependencies /tmp/pumpsync-ui-audit-test-build/Build/Intermediates.noindex/PumpSync.build/Debug-iphonesimulator/PumpSync.build/assetcatalog_dependencies_thinned --thinned-info-plist-content /tmp/pumpsync-ui-audit-test-build/Build/Intermediates.noindex/PumpSync.build/Debug-iphonesimulator/PumpSync.build/assetcatalog_generated_info.plist_thinned --unthinned /tmp/pumpsync-ui-audit-test-build/Build/Intermediates.noindex/PumpSync.build/Debug-iphonesimulator/PumpSync.build/assetcatalog_output/unthinned --unthinned-dependencies /tmp/pumpsync-ui-audit-test-build/Build/Intermediates.noindex/PumpSync.build/Debug-iphonesimulator/PumpSync.build/assetcatalog_dependencies_unthinned --unthinned-info-plist-content /tmp/pumpsync-ui-audit-test-build/Build/Intermediates.noindex/PumpSync.build/Debug-iphonesimulator/PumpSync.build/assetcatalog_generated_info.plist_unthinned --output /tmp/pumpsync-ui-audit-test-build/Build/Products/Debug-iphonesimulator/PumpSync.app --plist-output /tmp/pumpsync-ui-audit-test-build/Build/Intermediates.noindex/PumpSync.build/Debug-iphonesimulator/PumpSync.build/assetcatalog_generated_info.plist
note: Emplaced /tmp/pumpsync-ui-audit-test-build/Build/Products/Debug-iphonesimulator/PumpSync.app/Assets.car (in target 'PumpSync' from project 'PumpSync')
note: Emplaced /tmp/pumpsync-ui-audit-test-build/Build/Products/Debug-iphonesimulator/PumpSync.app/AppIcon60x60@2x.png (in target 'PumpSync' from project 'PumpSync')
note: Emplaced /tmp/pumpsync-ui-audit-test-build/Build/Products/Debug-iphonesimulator/PumpSync.app/AppIcon76x76@2x~ipad.png (in target 'PumpSync' from project 'PumpSync')

ProcessInfoPlistFile /tmp/pumpsync-ui-audit-test-build/Build/Products/Debug-iphonesimulator/PumpSync.app/Info.plist /tmp/pumpsync-ui-audit-harness/PumpSync/Resources/Info.plist (in target 'PumpSync' from project 'PumpSync')
    cd /tmp/pumpsync-ui-audit-harness
    builtin-infoPlistUtility /tmp/pumpsync-ui-audit-harness/PumpSync/Resources/Info.plist -producttype com.apple.product-type.application -genpkginfo /tmp/pumpsync-ui-audit-test-build/Build/Products/Debug-iphonesimulator/PumpSync.app/PkgInfo -expandbuildsettings -format binary -platform iphonesimulator -additionalcontentfile /tmp/pumpsync-ui-audit-test-build/Build/Intermediates.noindex/PumpSync.build/Debug-iphonesimulator/PumpSync.build/assetcatalog_generated_info.plist -o /tmp/pumpsync-ui-audit-test-build/Build/Products/Debug-iphonesimulator/PumpSync.app/Info.plist

SwiftExplicitDependencyGeneratePcm arm64 /tmp/pumpsync-ui-audit-test-build/SDKExplicitPrecompiledModules/MachO-1VOYSEV7JUT6DF6BYOA7ESG0S.pcm

SwiftExplicitDependencyGeneratePcm arm64 /tmp/pumpsync-ui-audit-test-build/SDKExplicitPrecompiledModules/ObjectiveC-BDUZO31IOY2NMOG3IIOW4MA0D.pcm

SwiftExplicitDependencyGeneratePcm arm64 /tmp/pumpsync-ui-audit-test-build/SDKExplicitPrecompiledModules/os_object-5FA6IF7YXCT75XPAJXD1JA5GS.pcm

SwiftExplicitDependencyGeneratePcm arm64 /tmp/pumpsync-ui-audit-test-build/SDKExplicitPrecompiledModules/Spatial-8762Z1O0L80WVHQ78DS14GCKP.pcm

SwiftExplicitDependencyGeneratePcm arm64 /tmp/pumpsync-ui-audit-test-build/SDKExplicitPrecompiledModules/os_workgroup-5AWTUDDY9K7FB8NYBA9HW2PE6.pcm

SwiftExplicitDependencyGeneratePcm arm64 /tmp/pumpsync-ui-audit-test-build/SDKExplicitPrecompiledModules/Dispatch-ZBL1JTZFYLV5L7BVU219BK6D.pcm

SwiftExplicitDependencyGeneratePcm arm64 /tmp/pumpsync-ui-audit-test-build/SDKExplicitPrecompiledModules/XPC-9DWCMPJK8P191D33R3PQ1EOAJ.pcm

SwiftExplicitDependencyGeneratePcm arm64 /tmp/pumpsync-ui-audit-test-build/SDKExplicitPrecompiledModules/dnssd-1L1KTI82U3JR10ZHRK3AIT7VF.pcm

SwiftExplicitDependencyGeneratePcm arm64 /tmp/pumpsync-ui-audit-test-build/SDKExplicitPrecompiledModules/CoreFoundation-80SRS9DCAXQY6H1XXY1G765FN.pcm

SwiftExplicitDependencyGeneratePcm arm64 /tmp/pumpsync-ui-audit-test-build/SDKExplicitPrecompiledModules/os-Y9JYDU8TR8ZJV0YWM1I8GGS7.pcm

SwiftExplicitDependencyGeneratePcm arm64 /tmp/pumpsync-ui-audit-test-build/SDKExplicitPrecompiledModules/CoreGraphics-20GMRB28EC6ZY04M8TKQPU8ZI.pcm

SwiftExplicitDependencyGeneratePcm arm64 /tmp/pumpsync-ui-audit-test-build/SDKExplicitPrecompiledModules/Security-BZ41FZZ3L3TTMW8FJGUMKD0NT.pcm

SwiftExplicitDependencyGeneratePcm arm64 /tmp/pumpsync-ui-audit-test-build/SDKExplicitPrecompiledModules/CoreAudioTypes-3MLUQ3SSE4ACQ5UJO1QRFDU67.pcm

SwiftExplicitDependencyGeneratePcm arm64 /tmp/pumpsync-ui-audit-test-build/SDKExplicitPrecompiledModules/CFNetwork-86QHJXF9I352MWI44482JNG25.pcm

SwiftExplicitDependencyGeneratePcm arm64 /tmp/pumpsync-ui-audit-test-build/SDKExplicitPrecompiledModules/CoreAudio-5M4SPCGBXBII1H477FPJTILZA.pcm

SwiftExplicitDependencyGeneratePcm arm64 /tmp/pumpsync-ui-audit-test-build/SDKExplicitPrecompiledModules/Foundation-DE46WCFPTUUAL8OBPEJIAQJC0.pcm

SwiftExplicitDependencyGeneratePcm arm64 /tmp/pumpsync-ui-audit-test-build/SDKExplicitPrecompiledModules/ImageIO-868XIMO5ED6KJ9K03UREURUIA.pcm

SwiftExplicitDependencyGeneratePcm arm64 /tmp/pumpsync-ui-audit-test-build/SDKExplicitPrecompiledModules/CoreText-A8M2CB6U6SSROVNPBCY2K1Q7E.pcm

SwiftExplicitDependencyGeneratePcm arm64 /tmp/pumpsync-ui-audit-test-build/SDKExplicitPrecompiledModules/UserNotifications-9UDO6M40JI0KYPIHQHTLZ8TXE.pcm

SwiftExplicitDependencyGeneratePcm arm64 /tmp/pumpsync-ui-audit-test-build/SDKExplicitPrecompiledModules/FileProvider-BG841508433F9PJTN9DI5PC74.pcm

SwiftExplicitDependencyGeneratePcm arm64 /tmp/pumpsync-ui-audit-test-build/SDKExplicitPrecompiledModules/UniformTypeIdentifiers-6NJM28EXCRH90NIIWQ3MX0HP.pcm

SwiftExplicitDependencyGeneratePcm arm64 /tmp/pumpsync-ui-audit-test-build/SDKExplicitPrecompiledModules/_LocationEssentials-B1CUQH79LD0EXVTWQXG3U38B8.pcm

SwiftExplicitDependencyGeneratePcm arm64 /tmp/pumpsync-ui-audit-test-build/SDKExplicitPrecompiledModules/CoreData-9OP8A8CGV0AUL6IYNPRP3QZ1Y.pcm

SwiftExplicitDependencyGeneratePcm arm64 /tmp/pumpsync-ui-audit-test-build/SDKExplicitPrecompiledModules/BackgroundTasks-38P861ZR9W6LLN2LW869L2KR5.pcm

SwiftExplicitDependencyGeneratePcm arm64 /tmp/pumpsync-ui-audit-test-build/SDKExplicitPrecompiledModules/RelevanceKit-C1NFBYUYDKEEMABTHWE159M6T.pcm

SwiftExplicitDependencyGeneratePcm arm64 /tmp/pumpsync-ui-audit-test-build/SDKExplicitPrecompiledModules/Symbols-DVD4X8M7GZWD1853GPDZS9QPP.pcm

SwiftExplicitDependencyGeneratePcm arm64 /tmp/pumpsync-ui-audit-test-build/SDKExplicitPrecompiledModules/AppIntentsTypeSupport-DSXV3INQL4B2W28H49UBHC70W.pcm

SwiftExplicitDependencyGeneratePcm arm64 /tmp/pumpsync-ui-audit-test-build/SDKExplicitPrecompiledModules/AppIntents-BIRL8PALSQU5OUM4ZU847BT5F.pcm

SwiftExplicitDependencyGeneratePcm arm64 /tmp/pumpsync-ui-audit-test-build/SDKExplicitPrecompiledModules/Network-BS963HUBH55NNQJ1UT61ETH60.pcm

SwiftExplicitDependencyGeneratePcm arm64 /tmp/pumpsync-ui-audit-test-build/SDKExplicitPrecompiledModules/MetricKit-EP8U3ZHL9JU2RDSQPTGJWZEWD.pcm

SwiftExplicitDependencyGeneratePcm arm64 /tmp/pumpsync-ui-audit-test-build/SDKExplicitPrecompiledModules/CoreLocation-5SDMSHX39AR0MFNUCAU9RJTPB.pcm

SwiftExplicitDependencyGeneratePcm arm64 /tmp/pumpsync-ui-audit-test-build/SDKExplicitPrecompiledModules/OpenGLES-9COULAO8Z5RS05A8ZIJ1JHSBO.pcm

SwiftExplicitDependencyGeneratePcm arm64 /tmp/pumpsync-ui-audit-test-build/SDKExplicitPrecompiledModules/CoreTransferable-8VQ2UVU2CR3IQXU67KQQ6PTTH.pcm

SwiftExplicitDependencyGeneratePcm arm64 /tmp/pumpsync-ui-audit-test-build/SDKExplicitPrecompiledModules/StateReporting-BT6COC5W6IIN4UIS1SS15Y6LX.pcm

SwiftExplicitDependencyGeneratePcm arm64 /tmp/pumpsync-ui-audit-test-build/SDKExplicitPrecompiledModules/DeviceCheck-6HZA9EEERRT54MHTWOVU9OT9M.pcm

SwiftExplicitDependencyGeneratePcm arm64 /tmp/pumpsync-ui-audit-test-build/SDKExplicitPrecompiledModules/CoreSpotlight-7UHP1WVFYWOSO5MWCGUZ7PNXB.pcm

SwiftExplicitDependencyGeneratePcm arm64 /tmp/pumpsync-ui-audit-test-build/SDKExplicitPrecompiledModules/LocalAuthentication-12XGI9VHYBGV9EV7HX097WLNY.pcm

SwiftExplicitDependencyGeneratePcm arm64 /tmp/pumpsync-ui-audit-test-build/SDKExplicitPrecompiledModules/UIUtilities-7FWN7AV2I6Y135I34WPH2KLMU.pcm

SwiftExplicitDependencyGeneratePcm arm64 /tmp/pumpsync-ui-audit-test-build/SDKExplicitPrecompiledModules/BackgroundAssets-9GUUVTAU7GT2RKV4480NGRY0E.pcm

SwiftExplicitDependencyGeneratePcm arm64 /tmp/pumpsync-ui-audit-test-build/SDKExplicitPrecompiledModules/IOSurface-E3WTD28057CDZ8MZ1N59473RG.pcm

SwiftExplicitDependencyGeneratePcm arm64 /tmp/pumpsync-ui-audit-test-build/SDKExplicitPrecompiledModules/Accessibility-144NWF17V0GIB5R39GQSQ1P0Z.pcm

SwiftExplicitDependencyGeneratePcm arm64 /tmp/pumpsync-ui-audit-test-build/SDKExplicitPrecompiledModules/HealthKit-AFA0KXEO8ZCAUTL7EX5A3C6XA.pcm

SwiftExplicitDependencyGeneratePcm arm64 /tmp/pumpsync-ui-audit-test-build/SDKExplicitPrecompiledModules/OSLog-5HM01XAQ6U3Q7LDRARJ5G852D.pcm

SwiftExplicitDependencyGeneratePcm arm64 /tmp/pumpsync-ui-audit-test-build/SDKExplicitPrecompiledModules/CoreMotion-UK2EK2B90AH11MBXKRJPO941.pcm

SwiftExplicitDependencyGeneratePcm arm64 /tmp/pumpsync-ui-audit-test-build/SDKExplicitPrecompiledModules/DataDetection-53NRT56P3Y7OPQEFVL1I1VNFC.pcm

SwiftExplicitDependencyGeneratePcm arm64 /tmp/pumpsync-ui-audit-test-build/SDKExplicitPrecompiledModules/Metal-3FG5MNA3O7720SWXC453VSKQK.pcm

SwiftExplicitDependencyGeneratePcm arm64 /tmp/pumpsync-ui-audit-test-build/SDKExplicitPrecompiledModules/CoreVideo-1BWY1SLRDA51BWNUBPSWKH9DJ.pcm

SwiftExplicitDependencyGeneratePcm arm64 /tmp/pumpsync-ui-audit-test-build/SDKExplicitPrecompiledModules/CoreImage-2NJMO98LRBYZU9HMDYXXVPQ30.pcm

SwiftExplicitDependencyGeneratePcm arm64 /tmp/pumpsync-ui-audit-test-build/SDKExplicitPrecompiledModules/QuartzCore-6BSZ1IVAT8J5LTMSICT5YW7XP.pcm

SwiftExplicitDependencyGeneratePcm arm64 /tmp/pumpsync-ui-audit-test-build/SDKExplicitPrecompiledModules/CoreMedia-4Y9LZQTLSWAAJHQQ9LP7VURYJ.pcm

SwiftExplicitDependencyGeneratePcm arm64 /tmp/pumpsync-ui-audit-test-build/SDKExplicitPrecompiledModules/SwiftUICore-AAYOL2QZQMNJN2JWKZW2KPQIN.pcm

SwiftExplicitDependencyGeneratePcm arm64 /tmp/pumpsync-ui-audit-test-build/SDKExplicitPrecompiledModules/UIKit-AK7Z993JJHR0LPH8CTLYFB3EY.pcm

SwiftExplicitDependencyGeneratePcm arm64 /tmp/pumpsync-ui-audit-test-build/SDKExplicitPrecompiledModules/SwiftUI-5KCGAT8K1PWSROYHEFAVMQ230.pcm

SwiftExplicitDependencyGeneratePcm arm64 /tmp/pumpsync-ui-audit-test-build/SDKExplicitPrecompiledModules/StoreKit-5V9V6M3DSNPF61HU40X3FZPIZ.pcm

SwiftCompile normal arm64 Compiling\ SyncStatusBanner.swift,\ SyncView.swift,\ TandemCredentialForm.swift /tmp/pumpsync-ui-audit-harness/PumpSync/Sources/UI/SyncStatusBanner.swift /tmp/pumpsync-ui-audit-harness/PumpSync/Sources/UI/SyncView.swift /tmp/pumpsync-ui-audit-harness/PumpSync/Sources/Tandem/TandemCredentialForm.swift (in target 'PumpSync' from project 'PumpSync')

SwiftCompile normal arm64 /tmp/pumpsync-ui-audit-harness/PumpSync/Sources/UI/SyncStatusBanner.swift (in target 'PumpSync' from project 'PumpSync')
    cd /tmp/pumpsync-ui-audit-harness
    builtin-SwiftPerFileCompile SyncStatusBanner.swift

SwiftCompile normal arm64 /tmp/pumpsync-ui-audit-harness/PumpSync/Sources/UI/SyncView.swift (in target 'PumpSync' from project 'PumpSync')
    cd /tmp/pumpsync-ui-audit-harness
    builtin-SwiftPerFileCompile SyncView.swift

SwiftCompile normal arm64 /tmp/pumpsync-ui-audit-harness/PumpSync/Sources/Tandem/TandemCredentialForm.swift (in target 'PumpSync' from project 'PumpSync')
    cd /tmp/pumpsync-ui-audit-harness
    builtin-SwiftPerFileCompile TandemCredentialForm.swift

SwiftCompile normal arm64 Compiling\ TandemCredentialStore.swift,\ TandemCredentials.swift,\ GeneratedAssetSymbols.swift /tmp/pumpsync-ui-audit-harness/PumpSync/Sources/Tandem/TandemCredentialStore.swift /tmp/pumpsync-ui-audit-harness/PumpSync/Sources/Tandem/TandemCredentials.swift /tmp/pumpsync-ui-audit-test-build/Build/Intermediates.noindex/PumpSync.build/Debug-iphonesimulator/PumpSync.build/DerivedSources/GeneratedAssetSymbols.swift (in target 'PumpSync' from project 'PumpSync')

SwiftCompile normal arm64 /tmp/pumpsync-ui-audit-harness/PumpSync/Sources/Tandem/TandemCredentialStore.swift (in target 'PumpSync' from project 'PumpSync')
    cd /tmp/pumpsync-ui-audit-harness
    builtin-SwiftPerFileCompile TandemCredentialStore.swift

SwiftCompile normal arm64 /tmp/pumpsync-ui-audit-harness/PumpSync/Sources/Tandem/TandemCredentials.swift (in target 'PumpSync' from project 'PumpSync')
    cd /tmp/pumpsync-ui-audit-harness
    builtin-SwiftPerFileCompile TandemCredentials.swift

SwiftCompile normal arm64 /tmp/pumpsync-ui-audit-test-build/Build/Intermediates.noindex/PumpSync.build/Debug-iphonesimulator/PumpSync.build/DerivedSources/GeneratedAssetSymbols.swift (in target 'PumpSync' from project 'PumpSync')
    cd /tmp/pumpsync-ui-audit-harness
    builtin-SwiftPerFileCompile GeneratedAssetSymbols.swift

SwiftCompile normal arm64 Compiling\ ForegroundRecoveryController.swift,\ GlassUI.swift,\ HealthAccessView.swift,\ HealthKitService.swift /tmp/pumpsync-ui-audit-harness/PumpSync/Sources/App/ForegroundRecoveryController.swift /tmp/pumpsync-ui-audit-harness/PumpSync/Sources/UI/GlassUI.swift /tmp/pumpsync-ui-audit-harness/PumpSync/Sources/UI/HealthAccessView.swift /tmp/pumpsync-ui-audit-harness/PumpSync/Sources/Health/HealthKitService.swift (in target 'PumpSync' from project 'PumpSync')

SwiftCompile normal arm64 /tmp/pumpsync-ui-audit-harness/PumpSync/Sources/App/ForegroundRecoveryController.swift (in target 'PumpSync' from project 'PumpSync')
    cd /tmp/pumpsync-ui-audit-harness
    builtin-SwiftPerFileCompile ForegroundRecoveryController.swift

SwiftCompile normal arm64 /tmp/pumpsync-ui-audit-harness/PumpSync/Sources/UI/GlassUI.swift (in target 'PumpSync' from project 'PumpSync')
    cd /tmp/pumpsync-ui-audit-harness
    builtin-SwiftPerFileCompile GlassUI.swift

SwiftCompile normal arm64 /tmp/pumpsync-ui-audit-harness/PumpSync/Sources/UI/HealthAccessView.swift (in target 'PumpSync' from project 'PumpSync')
    cd /tmp/pumpsync-ui-audit-harness
    builtin-SwiftPerFileCompile HealthAccessView.swift

SwiftCompile normal arm64 /tmp/pumpsync-ui-audit-harness/PumpSync/Sources/Health/HealthKitService.swift (in target 'PumpSync' from project 'PumpSync')
    cd /tmp/pumpsync-ui-audit-harness
    builtin-SwiftPerFileCompile HealthKitService.swift

SwiftCompile normal arm64 Compiling\ APIModels.swift,\ AppConstants.swift,\ AppLaunchEnvironment.swift,\ AppServices.swift /tmp/pumpsync-ui-audit-harness/PumpSync/Sources/Networking/APIModels.swift /tmp/pumpsync-ui-audit-harness/PumpSync/Sources/App/AppConstants.swift /tmp/pumpsync-ui-audit-harness/PumpSync/Sources/App/AppLaunchEnvironment.swift /tmp/pumpsync-ui-audit-harness/PumpSync/Sources/App/AppServices.swift (in target 'PumpSync' from project 'PumpSync')

SwiftCompile normal arm64 /tmp/pumpsync-ui-audit-harness/PumpSync/Sources/Networking/APIModels.swift (in target 'PumpSync' from project 'PumpSync')
    cd /tmp/pumpsync-ui-audit-harness
    builtin-SwiftPerFileCompile APIModels.swift

SwiftCompile normal arm64 /tmp/pumpsync-ui-audit-harness/PumpSync/Sources/App/AppConstants.swift (in target 'PumpSync' from project 'PumpSync')
    cd /tmp/pumpsync-ui-audit-harness
    builtin-SwiftPerFileCompile AppConstants.swift

SwiftCompile normal arm64 /tmp/pumpsync-ui-audit-harness/PumpSync/Sources/App/AppLaunchEnvironment.swift (in target 'PumpSync' from project 'PumpSync')
    cd /tmp/pumpsync-ui-audit-harness
    builtin-SwiftPerFileCompile AppLaunchEnvironment.swift

SwiftCompile normal arm64 /tmp/pumpsync-ui-audit-harness/PumpSync/Sources/App/AppServices.swift (in target 'PumpSync' from project 'PumpSync')
    cd /tmp/pumpsync-ui-audit-harness
    builtin-SwiftPerFileCompile AppServices.swift

SwiftCompile normal arm64 Compiling\ PumpSyncApp.swift,\ PumpSyncShortcuts.swift,\ SecureKeychainStore.swift,\ SettingsView.swift /tmp/pumpsync-ui-audit-harness/PumpSync/Sources/App/PumpSyncApp.swift /tmp/pumpsync-ui-audit-harness/PumpSync/Sources/App/PumpSyncShortcuts.swift /tmp/pumpsync-ui-audit-harness/PumpSync/Sources/Storage/SecureKeychainStore.swift /tmp/pumpsync-ui-audit-harness/PumpSync/Sources/UI/SettingsView.swift (in target 'PumpSync' from project 'PumpSync')

SwiftCompile normal arm64 /tmp/pumpsync-ui-audit-harness/PumpSync/Sources/App/PumpSyncApp.swift (in target 'PumpSync' from project 'PumpSync')
    cd /tmp/pumpsync-ui-audit-harness
    builtin-SwiftPerFileCompile PumpSyncApp.swift

SwiftCompile normal arm64 /tmp/pumpsync-ui-audit-harness/PumpSync/Sources/App/PumpSyncShortcuts.swift (in target 'PumpSync' from project 'PumpSync')
    cd /tmp/pumpsync-ui-audit-harness
    builtin-SwiftPerFileCompile PumpSyncShortcuts.swift

SwiftCompile normal arm64 /tmp/pumpsync-ui-audit-harness/PumpSync/Sources/Storage/SecureKeychainStore.swift (in target 'PumpSync' from project 'PumpSync')
    cd /tmp/pumpsync-ui-audit-harness
    builtin-SwiftPerFileCompile SecureKeychainStore.swift

SwiftCompile normal arm64 /tmp/pumpsync-ui-audit-harness/PumpSync/Sources/UI/SettingsView.swift (in target 'PumpSync' from project 'PumpSync')
    cd /tmp/pumpsync-ui-audit-harness
    builtin-SwiftPerFileCompile SettingsView.swift

SwiftCompile normal arm64 Compiling\ BackgroundSyncScheduler.swift,\ DeveloperView.swift,\ DeviceSessionProofProvider.swift,\ DiagnosticsLogStore.swift /tmp/pumpsync-ui-audit-harness/PumpSync/Sources/Sync/BackgroundSyncScheduler.swift /tmp/pumpsync-ui-audit-harness/PumpSync/Sources/UI/DeveloperView.swift /tmp/pumpsync-ui-audit-harness/PumpSync/Sources/Auth/DeviceSessionProofProvider.swift /tmp/pumpsync-ui-audit-harness/PumpSync/Sources/App/DiagnosticsLogStore.swift (in target 'PumpSync' from project 'PumpSync')

SwiftCompile normal arm64 /tmp/pumpsync-ui-audit-harness/PumpSync/Sources/Sync/BackgroundSyncScheduler.swift (in target 'PumpSync' from project 'PumpSync')
    cd /tmp/pumpsync-ui-audit-harness
    builtin-SwiftPerFileCompile BackgroundSyncScheduler.swift

SwiftCompile normal arm64 /tmp/pumpsync-ui-audit-harness/PumpSync/Sources/UI/DeveloperView.swift (in target 'PumpSync' from project 'PumpSync')
    cd /tmp/pumpsync-ui-audit-harness
    builtin-SwiftPerFileCompile DeveloperView.swift

SwiftCompile normal arm64 /tmp/pumpsync-ui-audit-harness/PumpSync/Sources/Auth/DeviceSessionProofProvider.swift (in target 'PumpSync' from project 'PumpSync')
    cd /tmp/pumpsync-ui-audit-harness
    builtin-SwiftPerFileCompile DeviceSessionProofProvider.swift

SwiftCompile normal arm64 /tmp/pumpsync-ui-audit-harness/PumpSync/Sources/App/DiagnosticsLogStore.swift (in target 'PumpSync' from project 'PumpSync')
    cd /tmp/pumpsync-ui-audit-harness
    builtin-SwiftPerFileCompile DiagnosticsLogStore.swift

SwiftCompile normal arm64 Compiling\ HealthWritePermission.swift,\ ImportedSampleLedger.swift,\ InitialImportRange.swift,\ InstallStateReconciler.swift /tmp/pumpsync-ui-audit-harness/PumpSync/Sources/Health/HealthWritePermission.swift /tmp/pumpsync-ui-audit-harness/PumpSync/Sources/Storage/ImportedSampleLedger.swift /tmp/pumpsync-ui-audit-harness/PumpSync/Sources/Sync/InitialImportRange.swift /tmp/pumpsync-ui-audit-harness/PumpSync/Sources/Storage/InstallStateReconciler.swift (in target 'PumpSync' from project 'PumpSync')

SwiftCompile normal arm64 /tmp/pumpsync-ui-audit-harness/PumpSync/Sources/Health/HealthWritePermission.swift (in target 'PumpSync' from project 'PumpSync')
    cd /tmp/pumpsync-ui-audit-harness
    builtin-SwiftPerFileCompile HealthWritePermission.swift

SwiftCompile normal arm64 /tmp/pumpsync-ui-audit-harness/PumpSync/Sources/Storage/ImportedSampleLedger.swift (in target 'PumpSync' from project 'PumpSync')
    cd /tmp/pumpsync-ui-audit-harness
    builtin-SwiftPerFileCompile ImportedSampleLedger.swift

SwiftCompile normal arm64 /tmp/pumpsync-ui-audit-harness/PumpSync/Sources/Sync/InitialImportRange.swift (in target 'PumpSync' from project 'PumpSync')
    cd /tmp/pumpsync-ui-audit-harness
    builtin-SwiftPerFileCompile InitialImportRange.swift

SwiftCompile normal arm64 /tmp/pumpsync-ui-audit-harness/PumpSync/Sources/Storage/InstallStateReconciler.swift (in target 'PumpSync' from project 'PumpSync')
    cd /tmp/pumpsync-ui-audit-harness
    builtin-SwiftPerFileCompile InstallStateReconciler.swift

SwiftCompile normal arm64 Compiling\ AppView.swift,\ AuthService.swift,\ BackendSessionStore.swift,\ BackgroundSyncDiagnostics.swift /tmp/pumpsync-ui-audit-harness/PumpSync/Sources/App/AppView.swift /tmp/pumpsync-ui-audit-harness/PumpSync/Sources/Auth/AuthService.swift /tmp/pumpsync-ui-audit-harness/PumpSync/Sources/Auth/BackendSessionStore.swift /tmp/pumpsync-ui-audit-harness/PumpSync/Sources/Sync/BackgroundSyncDiagnostics.swift (in target 'PumpSync' from project 'PumpSync')

SwiftCompile normal arm64 /tmp/pumpsync-ui-audit-harness/PumpSync/Sources/App/AppView.swift (in target 'PumpSync' from project 'PumpSync')
    cd /tmp/pumpsync-ui-audit-harness
    builtin-SwiftPerFileCompile AppView.swift

SwiftCompile normal arm64 /tmp/pumpsync-ui-audit-harness/PumpSync/Sources/Auth/AuthService.swift (in target 'PumpSync' from project 'PumpSync')
    cd /tmp/pumpsync-ui-audit-harness
    builtin-SwiftPerFileCompile AuthService.swift

SwiftCompile normal arm64 /tmp/pumpsync-ui-audit-harness/PumpSync/Sources/Auth/BackendSessionStore.swift (in target 'PumpSync' from project 'PumpSync')
    cd /tmp/pumpsync-ui-audit-harness
    builtin-SwiftPerFileCompile BackendSessionStore.swift

SwiftCompile normal arm64 /tmp/pumpsync-ui-audit-harness/PumpSync/Sources/Sync/BackgroundSyncDiagnostics.swift (in target 'PumpSync' from project 'PumpSync')
    cd /tmp/pumpsync-ui-audit-harness
    builtin-SwiftPerFileCompile BackgroundSyncDiagnostics.swift

SwiftEmitModule normal arm64 Emitting\ module\ for\ PumpSync (in target 'PumpSync' from project 'PumpSync')

SwiftCompile normal arm64 (in target 'PumpSync' from project 'PumpSync')
    cd /tmp/pumpsync-ui-audit-harness


SwiftCompile normal arm64 Compiling\ SupportBundleBuilder.swift,\ SyncCoordinator.swift,\ SyncMetadataStore.swift /tmp/pumpsync-ui-audit-harness/PumpSync/Sources/App/SupportBundleBuilder.swift /tmp/pumpsync-ui-audit-harness/PumpSync/Sources/Sync/SyncCoordinator.swift /tmp/pumpsync-ui-audit-harness/PumpSync/Sources/Storage/SyncMetadataStore.swift (in target 'PumpSync' from project 'PumpSync')

SwiftCompile normal arm64 /tmp/pumpsync-ui-audit-harness/PumpSync/Sources/App/SupportBundleBuilder.swift (in target 'PumpSync' from project 'PumpSync')
    cd /tmp/pumpsync-ui-audit-harness
    builtin-SwiftPerFileCompile SupportBundleBuilder.swift

SwiftCompile normal arm64 /tmp/pumpsync-ui-audit-harness/PumpSync/Sources/Sync/SyncCoordinator.swift (in target 'PumpSync' from project 'PumpSync')
    cd /tmp/pumpsync-ui-audit-harness
    builtin-SwiftPerFileCompile SyncCoordinator.swift

SwiftCompile normal arm64 /tmp/pumpsync-ui-audit-harness/PumpSync/Sources/Storage/SyncMetadataStore.swift (in target 'PumpSync' from project 'PumpSync')
    cd /tmp/pumpsync-ui-audit-harness
    builtin-SwiftPerFileCompile SyncMetadataStore.swift

SwiftCompile normal arm64 Compiling\ MetricKitDiagnosticsCollector.swift,\ NativeDiagnosticsStore.swift,\ PrivacyView.swift,\ PumpSyncAPIClient.swift /tmp/pumpsync-ui-audit-harness/PumpSync/Sources/App/MetricKitDiagnosticsCollector.swift /tmp/pumpsync-ui-audit-harness/PumpSync/Sources/App/NativeDiagnosticsStore.swift /tmp/pumpsync-ui-audit-harness/PumpSync/Sources/UI/PrivacyView.swift /tmp/pumpsync-ui-audit-harness/PumpSync/Sources/Networking/PumpSyncAPIClient.swift (in target 'PumpSync' from project 'PumpSync')

SwiftCompile normal arm64 /tmp/pumpsync-ui-audit-harness/PumpSync/Sources/App/MetricKitDiagnosticsCollector.swift (in target 'PumpSync' from project 'PumpSync')
    cd /tmp/pumpsync-ui-audit-harness
    builtin-SwiftPerFileCompile MetricKitDiagnosticsCollector.swift

SwiftCompile normal arm64 /tmp/pumpsync-ui-audit-harness/PumpSync/Sources/App/NativeDiagnosticsStore.swift (in target 'PumpSync' from project 'PumpSync')
    cd /tmp/pumpsync-ui-audit-harness
    builtin-SwiftPerFileCompile NativeDiagnosticsStore.swift

SwiftCompile normal arm64 /tmp/pumpsync-ui-audit-harness/PumpSync/Sources/UI/PrivacyView.swift (in target 'PumpSync' from project 'PumpSync')
    cd /tmp/pumpsync-ui-audit-harness
    builtin-SwiftPerFileCompile PrivacyView.swift

SwiftCompile normal arm64 /tmp/pumpsync-ui-audit-harness/PumpSync/Sources/Networking/PumpSyncAPIClient.swift (in target 'PumpSync' from project 'PumpSync')
    cd /tmp/pumpsync-ui-audit-harness
    builtin-SwiftPerFileCompile PumpSyncAPIClient.swift

SwiftDriverJobDiscovery normal arm64 Compiling TandemCredentialStore.swift, TandemCredentials.swift, GeneratedAssetSymbols.swift (in target 'PumpSync' from project 'PumpSync')

SwiftDriverJobDiscovery normal arm64 Compiling HealthWritePermission.swift, ImportedSampleLedger.swift, InitialImportRange.swift, InstallStateReconciler.swift (in target 'PumpSync' from project 'PumpSync')

SwiftDriverJobDiscovery normal arm64 Compiling ForegroundRecoveryController.swift, GlassUI.swift, HealthAccessView.swift, HealthKitService.swift (in target 'PumpSync' from project 'PumpSync')

SwiftDriverJobDiscovery normal arm64 Compiling APIModels.swift, AppConstants.swift, AppLaunchEnvironment.swift, AppServices.swift (in target 'PumpSync' from project 'PumpSync')

SwiftDriverJobDiscovery normal arm64 Compiling SupportBundleBuilder.swift, SyncCoordinator.swift, SyncMetadataStore.swift (in target 'PumpSync' from project 'PumpSync')

SwiftDriverJobDiscovery normal arm64 Emitting module for PumpSync (in target 'PumpSync' from project 'PumpSync')

SwiftDriver\ Compilation\ Requirements PumpSync normal arm64 com.apple.xcode.tools.swift.compiler (in target 'PumpSync' from project 'PumpSync')
    cd /tmp/pumpsync-ui-audit-harness
    builtin-Swift-Compilation-Requirements -- /Applications/Development/Xcode.app/Contents/Developer/Toolchains/XcodeDefault.xctoolchain/usr/bin/swiftc -module-name PumpSync -Onone @/tmp/pumpsync-ui-audit-test-build/Build/Intermediates.noindex/PumpSync.build/Debug-iphonesimulator/PumpSync.build/Objects-normal/arm64/PumpSync.SwiftFileList -DDEBUG -enable-experimental-feature DebugDescriptionMacro -sdk /Applications/Development/Xcode.app/Contents/Developer/Platforms/iPhoneSimulator.platform/Developer/SDKs/iPhoneSimulator27.0.sdk -target arm64-apple-ios26.0-simulator -g -module-cache-path /tmp/pumpsync-ui-audit-test-build/ModuleCache.noindex -Xfrontend -serialize-debugging-options -enable-testing -warnings-as-errors -Xcc -D_LIBCPP_HARDENING_MODE\=_LIBCPP_HARDENING_MODE_DEBUG -swift-version 6 -I /tmp/pumpsync-ui-audit-test-build/Build/Products/Debug-iphonesimulator -F /tmp/pumpsync-ui-audit-test-build/Build/Products/Debug-iphonesimulator -c -j10 -enable-batch-mode -incremental -Xcc -ivfsstatcache -Xcc /tmp/pumpsync-ui-audit-test-build/SDKStatCaches.noindex/iphonesimulator27.0-24A430-8b98ade55cdca77b755c004ede0894fd.sdkstatcache -output-file-map /tmp/pumpsync-ui-audit-test-build/Build/Intermediates.noindex/PumpSync.build/Debug-iphonesimulator/PumpSync.build/Objects-normal/arm64/PumpSync-OutputFileMap.json -save-temps -no-color-diagnostics -explicit-module-build -module-cache-path /tmp/pumpsync-ui-audit-test-build/Build/Intermediates.noindex/SwiftExplicitPrecompiledModules -clang-scanner-module-cache-path /tmp/pumpsync-ui-audit-test-build/ModuleCache.noindex -sdk-module-cache-path /tmp/pumpsync-ui-audit-test-build/SDKExplicitPrecompiledModules -emit-dependencies -emit-module -emit-module-path /tmp/pumpsync-ui-audit-test-build/Build/Intermediates.noindex/PumpSync.build/Debug-iphonesimulator/PumpSync.build/Objects-normal/arm64/PumpSync.swiftmodule -serialize-diagnostics -dependency-scan-serialize-diagnostics-path /tmp/pumpsync-ui-audit-test-build/Build/Intermediates.noindex/PumpSync.build/Debug-iphonesimulator/PumpSync.build/Objects-normal/arm64/PumpSync-dependency-scan.dia -validate-clang-modules-once -clang-build-session-file /tmp/pumpsync-ui-audit-test-build/ModuleCache.noindex/Session.modulevalidation -Xcc -fmodules-prune-interval\=86400 -Xcc -fmodules-prune-after\=345600 -emit-const-values -const-gather-protocols-list /tmp/pumpsync-ui-audit-test-build/Build/Intermediates.noindex/PumpSync.build/Debug-iphonesimulator/PumpSync.build/Objects-normal/arm64/PumpSync_const_extract_protocols.json -Xcc -iquote -Xcc /tmp/pumpsync-ui-audit-test-build/Build/Intermediates.noindex/PumpSync.build/Debug-iphonesimulator/PumpSync.build/PumpSync-generated-files.hmap -Xcc -I/tmp/pumpsync-ui-audit-test-build/Build/Intermediates.noindex/PumpSync.build/Debug-iphonesimulator/PumpSync.build/PumpSync-own-target-headers.hmap -Xcc -I/tmp/pumpsync-ui-audit-test-build/Build/Intermediates.noindex/PumpSync.build/Debug-iphonesimulator/PumpSync.build/PumpSync-all-target-headers.hmap -Xcc -iquote -Xcc /tmp/pumpsync-ui-audit-test-build/Build/Intermediates.noindex/PumpSync.build/Debug-iphonesimulator/PumpSync.build/PumpSync-project-headers.hmap -Xcc -I/tmp/pumpsync-ui-audit-test-build/Build/Products/Debug-iphonesimulator/include -Xcc -I/tmp/pumpsync-ui-audit-test-build/Build/Intermediates.noindex/PumpSync.build/Debug-iphonesimulator/PumpSync.build/DerivedSources-normal/arm64 -Xcc -I/tmp/pumpsync-ui-audit-test-build/Build/Intermediates.noindex/PumpSync.build/Debug-iphonesimulator/PumpSync.build/DerivedSources/arm64 -Xcc -I/tmp/pumpsync-ui-audit-test-build/Build/Intermediates.noindex/PumpSync.build/Debug-iphonesimulator/PumpSync.build/DerivedSources -Xcc -DDEBUG\=1 -emit-objc-header -emit-objc-header-path /tmp/pumpsync-ui-audit-test-build/Build/Intermediates.noindex/PumpSync.build/Debug-iphonesimulator/PumpSync.build/Objects-normal/arm64/PumpSync-Swift.h -working-directory /tmp/pumpsync-ui-audit-harness -experimental-emit-module-separately -disable-cmo

SwiftMergeGeneratedHeaders /tmp/pumpsync-ui-audit-test-build/Build/Intermediates.noindex/PumpSync.build/Debug-iphonesimulator/PumpSync.build/DerivedSources/PumpSync-Swift.h /tmp/pumpsync-ui-audit-test-build/Build/Intermediates.noindex/PumpSync.build/Debug-iphonesimulator/PumpSync.build/Objects-normal/arm64/PumpSync-Swift.h (in target 'PumpSync' from project 'PumpSync')
    cd /tmp/pumpsync-ui-audit-harness
    builtin-swiftHeaderTool -arch arm64 /tmp/pumpsync-ui-audit-test-build/Build/Intermediates.noindex/PumpSync.build/Debug-iphonesimulator/PumpSync.build/Objects-normal/arm64/PumpSync-Swift.h -o /tmp/pumpsync-ui-audit-test-build/Build/Intermediates.noindex/PumpSync.build/Debug-iphonesimulator/PumpSync.build/DerivedSources/PumpSync-Swift.h

Copy /tmp/pumpsync-ui-audit-test-build/Build/Products/Debug-iphonesimulator/PumpSync.swiftmodule/arm64-apple-ios-simulator.abi.json /tmp/pumpsync-ui-audit-test-build/Build/Intermediates.noindex/PumpSync.build/Debug-iphonesimulator/PumpSync.build/Objects-normal/arm64/PumpSync.abi.json (in target 'PumpSync' from project 'PumpSync')
    cd /tmp/pumpsync-ui-audit-harness
    builtin-copy -exclude .DS_Store -exclude CVS -exclude .svn -exclude .git -exclude .hg -resolve-src-symlinks -rename /tmp/pumpsync-ui-audit-test-build/Build/Intermediates.noindex/PumpSync.build/Debug-iphonesimulator/PumpSync.build/Objects-normal/arm64/PumpSync.abi.json /tmp/pumpsync-ui-audit-test-build/Build/Products/Debug-iphonesimulator/PumpSync.swiftmodule/arm64-apple-ios-simulator.abi.json

Copy /tmp/pumpsync-ui-audit-test-build/Build/Products/Debug-iphonesimulator/PumpSync.swiftmodule/arm64-apple-ios-simulator.swiftmodule /tmp/pumpsync-ui-audit-test-build/Build/Intermediates.noindex/PumpSync.build/Debug-iphonesimulator/PumpSync.build/Objects-normal/arm64/PumpSync.swiftmodule (in target 'PumpSync' from project 'PumpSync')
    cd /tmp/pumpsync-ui-audit-harness
    builtin-copy -exclude .DS_Store -exclude CVS -exclude .svn -exclude .git -exclude .hg -resolve-src-symlinks -rename /tmp/pumpsync-ui-audit-test-build/Build/Intermediates.noindex/PumpSync.build/Debug-iphonesimulator/PumpSync.build/Objects-normal/arm64/PumpSync.swiftmodule /tmp/pumpsync-ui-audit-test-build/Build/Products/Debug-iphonesimulator/PumpSync.swiftmodule/arm64-apple-ios-simulator.swiftmodule

Copy /tmp/pumpsync-ui-audit-test-build/Build/Products/Debug-iphonesimulator/PumpSync.swiftmodule/arm64-apple-ios-simulator.swiftdoc /tmp/pumpsync-ui-audit-test-build/Build/Intermediates.noindex/PumpSync.build/Debug-iphonesimulator/PumpSync.build/Objects-normal/arm64/PumpSync.swiftdoc (in target 'PumpSync' from project 'PumpSync')
    cd /tmp/pumpsync-ui-audit-harness
    builtin-copy -exclude .DS_Store -exclude CVS -exclude .svn -exclude .git -exclude .hg -resolve-src-symlinks -rename /tmp/pumpsync-ui-audit-test-build/Build/Intermediates.noindex/PumpSync.build/Debug-iphonesimulator/PumpSync.build/Objects-normal/arm64/PumpSync.swiftdoc /tmp/pumpsync-ui-audit-test-build/Build/Products/Debug-iphonesimulator/PumpSync.swiftmodule/arm64-apple-ios-simulator.swiftdoc

Copy /tmp/pumpsync-ui-audit-test-build/Build/Products/Debug-iphonesimulator/PumpSync.swiftmodule/Project/arm64-apple-ios-simulator.swiftsourceinfo /tmp/pumpsync-ui-audit-test-build/Build/Intermediates.noindex/PumpSync.build/Debug-iphonesimulator/PumpSync.build/Objects-normal/arm64/PumpSync.swiftsourceinfo (in target 'PumpSync' from project 'PumpSync')
    cd /tmp/pumpsync-ui-audit-harness
    builtin-copy -exclude .DS_Store -exclude CVS -exclude .svn -exclude .git -exclude .hg -resolve-src-symlinks -rename /tmp/pumpsync-ui-audit-test-build/Build/Intermediates.noindex/PumpSync.build/Debug-iphonesimulator/PumpSync.build/Objects-normal/arm64/PumpSync.swiftsourceinfo /tmp/pumpsync-ui-audit-test-build/Build/Products/Debug-iphonesimulator/PumpSync.swiftmodule/Project/arm64-apple-ios-simulator.swiftsourceinfo

ProcessProductPackaging "" /tmp/pumpsync-ui-audit-test-build/Build/Intermediates.noindex/PumpSync.build/Debug-iphonesimulator/PumpSyncUITests.build/PumpSyncUITests.xctest-Simulated.xcent (in target 'PumpSyncUITests' from project 'PumpSync')
    cd /tmp/pumpsync-ui-audit-harness

    Entitlements:

    {
    "application-identifier" = "QS3GC3CT43.dev.ericslutz.PumpSyncUITests.xctrunner";
    "keychain-access-groups" =     (
        "QS3GC3CT43.dev.ericslutz.PumpSyncUITests.xctrunner"
    );
}

    builtin-productPackagingUtility -entitlements -format xml -o /tmp/pumpsync-ui-audit-test-build/Build/Intermediates.noindex/PumpSync.build/Debug-iphonesimulator/PumpSyncUITests.build/PumpSyncUITests.xctest-Simulated.xcent

SwiftDriver PumpSyncTests normal arm64 com.apple.xcode.tools.swift.compiler (in target 'PumpSyncTests' from project 'PumpSync')
    cd /tmp/pumpsync-ui-audit-harness
    builtin-SwiftDriver -- /Applications/Development/Xcode.app/Contents/Developer/Toolchains/XcodeDefault.xctoolchain/usr/bin/swiftc -module-name PumpSyncTests -Onone @/tmp/pumpsync-ui-audit-test-build/Build/Intermediates.noindex/PumpSync.build/Debug-iphonesimulator/PumpSyncTests.build/Objects-normal/arm64/PumpSyncTests.SwiftFileList -DDEBUG -plugin-path /Applications/Development/Xcode.app/Contents/Developer/Toolchains/XcodeDefault.xctoolchain/usr/lib/swift/host/plugins/testing -enable-experimental-feature DebugDescriptionMacro -sdk /Applications/Development/Xcode.app/Contents/Developer/Platforms/iPhoneSimulator.platform/Developer/SDKs/iPhoneSimulator27.0.sdk -target arm64-apple-ios26.0-simulator -g -module-cache-path /tmp/pumpsync-ui-audit-test-build/ModuleCache.noindex -Xfrontend -serialize-debugging-options -enable-testing -warnings-as-errors -Xcc -D_LIBCPP_HARDENING_MODE\=_LIBCPP_HARDENING_MODE_DEBUG -swift-version 6 -I /tmp/pumpsync-ui-audit-test-build/Build/Products/Debug-iphonesimulator -Isystem /Applications/Development/Xcode.app/Contents/Developer/Platforms/iPhoneSimulator.platform/Developer/usr/lib -F /tmp/pumpsync-ui-audit-test-build/Build/Products/Debug-iphonesimulator -F /Applications/Development/Xcode.app/Contents/Developer/Platforms/iPhoneSimulator.platform/Developer/Library/Frameworks -F /Applications/Development/Xcode.app/Contents/Developer/Platforms/iPhoneSimulator.platform/Developer/SDKs/iPhoneSimulator27.0.sdk/Developer/Library/Frameworks -c -j10 -enable-batch-mode -incremental -Xcc -ivfsstatcache -Xcc /tmp/pumpsync-ui-audit-test-build/SDKStatCaches.noindex/iphonesimulator27.0-24A430-8b98ade55cdca77b755c004ede0894fd.sdkstatcache -output-file-map /tmp/pumpsync-ui-audit-test-build/Build/Intermediates.noindex/PumpSync.build/Debug-iphonesimulator/PumpSyncTests.build/Objects-normal/arm64/PumpSyncTests-OutputFileMap.json -save-temps -no-color-diagnostics -explicit-module-build -module-cache-path /tmp/pumpsync-ui-audit-test-build/Build/Intermediates.noindex/SwiftExplicitPrecompiledModules -clang-scanner-module-cache-path /tmp/pumpsync-ui-audit-test-build/ModuleCache.noindex -sdk-module-cache-path /tmp/pumpsync-ui-audit-test-build/SDKExplicitPrecompiledModules -emit-dependencies -emit-module -emit-module-path /tmp/pumpsync-ui-audit-test-build/Build/Intermediates.noindex/PumpSync.build/Debug-iphonesimulator/PumpSyncTests.build/Objects-normal/arm64/PumpSyncTests.swiftmodule -serialize-diagnostics -dependency-scan-serialize-diagnostics-path /tmp/pumpsync-ui-audit-test-build/Build/Intermediates.noindex/PumpSync.build/Debug-iphonesimulator/PumpSyncTests.build/Objects-normal/arm64/PumpSyncTests-dependency-scan.dia -validate-clang-modules-once -clang-build-session-file /tmp/pumpsync-ui-audit-test-build/ModuleCache.noindex/Session.modulevalidation -Xcc -fmodules-prune-interval\=86400 -Xcc -fmodules-prune-after\=345600 -emit-const-values -const-gather-protocols-list /tmp/pumpsync-ui-audit-test-build/Build/Intermediates.noindex/PumpSync.build/Debug-iphonesimulator/PumpSyncTests.build/Objects-normal/arm64/PumpSyncTests_const_extract_protocols.json -Xcc -iquote -Xcc /tmp/pumpsync-ui-audit-test-build/Build/Intermediates.noindex/PumpSync.build/Debug-iphonesimulator/PumpSyncTests.build/PumpSyncTests-generated-files.hmap -Xcc -I/tmp/pumpsync-ui-audit-test-build/Build/Intermediates.noindex/PumpSync.build/Debug-iphonesimulator/PumpSyncTests.build/PumpSyncTests-own-target-headers.hmap -Xcc -I/tmp/pumpsync-ui-audit-test-build/Build/Intermediates.noindex/PumpSync.build/Debug-iphonesimulator/PumpSyncTests.build/PumpSyncTests-all-target-headers.hmap -Xcc -iquote -Xcc /tmp/pumpsync-ui-audit-test-build/Build/Intermediates.noindex/PumpSync.build/Debug-iphonesimulator/PumpSyncTests.build/PumpSyncTests-project-headers.hmap -Xcc -I/tmp/pumpsync-ui-audit-test-build/Build/Products/Debug-iphonesimulator/include -Xcc -I/tmp/pumpsync-ui-audit-test-build/Build/Intermediates.noindex/PumpSync.build/Debug-iphonesimulator/PumpSyncTests.build/DerivedSources-normal/arm64 -Xcc -I/tmp/pumpsync-ui-audit-test-build/Build/Intermediates.noindex/PumpSync.build/Debug-iphonesimulator/PumpSyncTests.build/DerivedSources/arm64 -Xcc -I/tmp/pumpsync-ui-audit-test-build/Build/Intermediates.noindex/PumpSync.build/Debug-iphonesimulator/PumpSyncTests.build/DerivedSources -Xcc -DDEBUG\=1 -emit-objc-header -emit-objc-header-path /tmp/pumpsync-ui-audit-test-build/Build/Intermediates.noindex/PumpSync.build/Debug-iphonesimulator/PumpSyncTests.build/Objects-normal/arm64/PumpSyncTests-Swift.h -working-directory /tmp/pumpsync-ui-audit-harness -experimental-emit-module-separately -disable-cmo

ProcessProductPackagingDER /tmp/pumpsync-ui-audit-test-build/Build/Intermediates.noindex/PumpSync.build/Debug-iphonesimulator/PumpSyncUITests.build/PumpSyncUITests.xctest-Simulated.xcent /tmp/pumpsync-ui-audit-test-build/Build/Intermediates.noindex/PumpSync.build/Debug-iphonesimulator/PumpSyncUITests.build/PumpSyncUITests.xctest-Simulated.xcent.der (in target 'PumpSyncUITests' from project 'PumpSync')
    cd /tmp/pumpsync-ui-audit-harness
    /usr/bin/derq query -f xml -i /tmp/pumpsync-ui-audit-test-build/Build/Intermediates.noindex/PumpSync.build/Debug-iphonesimulator/PumpSyncUITests.build/PumpSyncUITests.xctest-Simulated.xcent -o /tmp/pumpsync-ui-audit-test-build/Build/Intermediates.noindex/PumpSync.build/Debug-iphonesimulator/PumpSyncUITests.build/PumpSyncUITests.xctest-Simulated.xcent.der --raw

SwiftDriver PumpSyncUITests normal arm64 com.apple.xcode.tools.swift.compiler (in target 'PumpSyncUITests' from project 'PumpSync')
    cd /tmp/pumpsync-ui-audit-harness
    builtin-SwiftDriver -- /Applications/Development/Xcode.app/Contents/Developer/Toolchains/XcodeDefault.xctoolchain/usr/bin/swiftc -module-name PumpSyncUITests -Onone @/tmp/pumpsync-ui-audit-test-build/Build/Intermediates.noindex/PumpSync.build/Debug-iphonesimulator/PumpSyncUITests.build/Objects-normal/arm64/PumpSyncUITests.SwiftFileList -DDEBUG -module-alias Testing\=_Testing_Unavailable -plugin-path /Applications/Development/Xcode.app/Contents/Developer/Toolchains/XcodeDefault.xctoolchain/usr/lib/swift/host/plugins/testing -enable-experimental-feature DebugDescriptionMacro -sdk /Applications/Development/Xcode.app/Contents/Developer/Platforms/iPhoneSimulator.platform/Developer/SDKs/iPhoneSimulator27.0.sdk -target arm64-apple-ios26.0-simulator -g -module-cache-path /tmp/pumpsync-ui-audit-test-build/ModuleCache.noindex -Xfrontend -serialize-debugging-options -enable-testing -warnings-as-errors -Xcc -D_LIBCPP_HARDENING_MODE\=_LIBCPP_HARDENING_MODE_DEBUG -swift-version 6 -I /tmp/pumpsync-ui-audit-test-build/Build/Products/Debug-iphonesimulator -Isystem /Applications/Development/Xcode.app/Contents/Developer/Platforms/iPhoneSimulator.platform/Developer/usr/lib -F /tmp/pumpsync-ui-audit-test-build/Build/Products/Debug-iphonesimulator -F /Applications/Development/Xcode.app/Contents/Developer/Platforms/iPhoneSimulator.platform/Developer/Library/Frameworks -F /Applications/Development/Xcode.app/Contents/Developer/Platforms/iPhoneSimulator.platform/Developer/SDKs/iPhoneSimulator27.0.sdk/Developer/Library/Frameworks -parse-as-library -c -j10 -enable-batch-mode -incremental -Xcc -ivfsstatcache -Xcc /tmp/pumpsync-ui-audit-test-build/SDKStatCaches.noindex/iphonesimulator27.0-24A430-8b98ade55cdca77b755c004ede0894fd.sdkstatcache -output-file-map /tmp/pumpsync-ui-audit-test-build/Build/Intermediates.noindex/PumpSync.build/Debug-iphonesimulator/PumpSyncUITests.build/Objects-normal/arm64/PumpSyncUITests-OutputFileMap.json -save-temps -no-color-diagnostics -explicit-module-build -module-cache-path /tmp/pumpsync-ui-audit-test-build/Build/Intermediates.noindex/SwiftExplicitPrecompiledModules -clang-scanner-module-cache-path /tmp/pumpsync-ui-audit-test-build/ModuleCache.noindex -sdk-module-cache-path /tmp/pumpsync-ui-audit-test-build/SDKExplicitPrecompiledModules -emit-dependencies -emit-module -emit-module-path /tmp/pumpsync-ui-audit-test-build/Build/Intermediates.noindex/PumpSync.build/Debug-iphonesimulator/PumpSyncUITests.build/Objects-normal/arm64/PumpSyncUITests.swiftmodule -serialize-diagnostics -dependency-scan-serialize-diagnostics-path /tmp/pumpsync-ui-audit-test-build/Build/Intermediates.noindex/PumpSync.build/Debug-iphonesimulator/PumpSyncUITests.build/Objects-normal/arm64/PumpSyncUITests-dependency-scan.dia -validate-clang-modules-once -clang-build-session-file /tmp/pumpsync-ui-audit-test-build/ModuleCache.noindex/Session.modulevalidation -Xcc -fmodules-prune-interval\=86400 -Xcc -fmodules-prune-after\=345600 -emit-const-values -const-gather-protocols-list /tmp/pumpsync-ui-audit-test-build/Build/Intermediates.noindex/PumpSync.build/Debug-iphonesimulator/PumpSyncUITests.build/Objects-normal/arm64/PumpSyncUITests_const_extract_protocols.json -Xcc -iquote -Xcc /tmp/pumpsync-ui-audit-test-build/Build/Intermediates.noindex/PumpSync.build/Debug-iphonesimulator/PumpSyncUITests.build/PumpSyncUITests-generated-files.hmap -Xcc -I/tmp/pumpsync-ui-audit-test-build/Build/Intermediates.noindex/PumpSync.build/Debug-iphonesimulator/PumpSyncUITests.build/PumpSyncUITests-own-target-headers.hmap -Xcc -I/tmp/pumpsync-ui-audit-test-build/Build/Intermediates.noindex/PumpSync.build/Debug-iphonesimulator/PumpSyncUITests.build/PumpSyncUITests-all-target-headers.hmap -Xcc -iquote -Xcc /tmp/pumpsync-ui-audit-test-build/Build/Intermediates.noindex/PumpSync.build/Debug-iphonesimulator/PumpSyncUITests.build/PumpSyncUITests-project-headers.hmap -Xcc -I/tmp/pumpsync-ui-audit-test-build/Build/Products/Debug-iphonesimulator/include -Xcc -I/tmp/pumpsync-ui-audit-test-build/Build/Intermediates.noindex/PumpSync.build/Debug-iphonesimulator/PumpSyncUITests.build/DerivedSources-normal/arm64 -Xcc -I/tmp/pumpsync-ui-audit-test-build/Build/Intermediates.noindex/PumpSync.build/Debug-iphonesimulator/PumpSyncUITests.build/DerivedSources/arm64 -Xcc -I/tmp/pumpsync-ui-audit-test-build/Build/Intermediates.noindex/PumpSync.build/Debug-iphonesimulator/PumpSyncUITests.build/DerivedSources -Xcc -DDEBUG\=1 -emit-objc-header -emit-objc-header-path /tmp/pumpsync-ui-audit-test-build/Build/Intermediates.noindex/PumpSync.build/Debug-iphonesimulator/PumpSyncUITests.build/Objects-normal/arm64/PumpSyncUITests-Swift.h -working-directory /tmp/pumpsync-ui-audit-harness -experimental-emit-module-separately -disable-cmo

SwiftDriverJobDiscovery normal arm64 Compiling MetricKitDiagnosticsCollector.swift, NativeDiagnosticsStore.swift, PrivacyView.swift, PumpSyncAPIClient.swift (in target 'PumpSync' from project 'PumpSync')

SwiftDriverJobDiscovery normal arm64 Compiling BackgroundSyncScheduler.swift, DeveloperView.swift, DeviceSessionProofProvider.swift, DiagnosticsLogStore.swift (in target 'PumpSync' from project 'PumpSync')

SwiftDriverJobDiscovery normal arm64 Compiling PumpSyncApp.swift, PumpSyncShortcuts.swift, SecureKeychainStore.swift, SettingsView.swift (in target 'PumpSync' from project 'PumpSync')

SwiftExplicitDependencyGeneratePcm arm64 /tmp/pumpsync-ui-audit-test-build/Build/Intermediates.noindex/SwiftExplicitPrecompiledModules/XCUIAutomation-CSSYAQPIM45WF595ELTT0G9TE.pcm

SwiftDriverJobDiscovery normal arm64 Compiling SyncStatusBanner.swift, SyncView.swift, TandemCredentialForm.swift (in target 'PumpSync' from project 'PumpSync')

SwiftExplicitDependencyCompileModuleFromInterface arm64 /tmp/pumpsync-ui-audit-test-build/Build/Intermediates.noindex/SwiftExplicitPrecompiledModules/XCUIAutomation-2UJO8TGZEQRGG.swiftmodule

SwiftExplicitDependencyGeneratePcm arm64 /tmp/pumpsync-ui-audit-test-build/Build/Intermediates.noindex/SwiftExplicitPrecompiledModules/XCTest-5IY2A5G075TKTZ7N9D2HX7KO9.pcm

SwiftExplicitDependencyCompileModuleFromInterface arm64 /tmp/pumpsync-ui-audit-test-build/Build/Intermediates.noindex/SwiftExplicitPrecompiledModules/XCTest-8H89VZUUBBWM.swiftmodule

SwiftDriverJobDiscovery normal arm64 Compiling AppView.swift, AuthService.swift, BackendSessionStore.swift, BackgroundSyncDiagnostics.swift (in target 'PumpSync' from project 'PumpSync')

SwiftDriver\ Compilation PumpSync normal arm64 com.apple.xcode.tools.swift.compiler (in target 'PumpSync' from project 'PumpSync')
    cd /tmp/pumpsync-ui-audit-harness
    builtin-Swift-Compilation -- /Applications/Development/Xcode.app/Contents/Developer/Toolchains/XcodeDefault.xctoolchain/usr/bin/swiftc -module-name PumpSync -Onone @/tmp/pumpsync-ui-audit-test-build/Build/Intermediates.noindex/PumpSync.build/Debug-iphonesimulator/PumpSync.build/Objects-normal/arm64/PumpSync.SwiftFileList -DDEBUG -enable-experimental-feature DebugDescriptionMacro -sdk /Applications/Development/Xcode.app/Contents/Developer/Platforms/iPhoneSimulator.platform/Developer/SDKs/iPhoneSimulator27.0.sdk -target arm64-apple-ios26.0-simulator -g -module-cache-path /tmp/pumpsync-ui-audit-test-build/ModuleCache.noindex -Xfrontend -serialize-debugging-options -enable-testing -warnings-as-errors -Xcc -D_LIBCPP_HARDENING_MODE\=_LIBCPP_HARDENING_MODE_DEBUG -swift-version 6 -I /tmp/pumpsync-ui-audit-test-build/Build/Products/Debug-iphonesimulator -F /tmp/pumpsync-ui-audit-test-build/Build/Products/Debug-iphonesimulator -c -j10 -enable-batch-mode -incremental -Xcc -ivfsstatcache -Xcc /tmp/pumpsync-ui-audit-test-build/SDKStatCaches.noindex/iphonesimulator27.0-24A430-8b98ade55cdca77b755c004ede0894fd.sdkstatcache -output-file-map /tmp/pumpsync-ui-audit-test-build/Build/Intermediates.noindex/PumpSync.build/Debug-iphonesimulator/PumpSync.build/Objects-normal/arm64/PumpSync-OutputFileMap.json -save-temps -no-color-diagnostics -explicit-module-build -module-cache-path /tmp/pumpsync-ui-audit-test-build/Build/Intermediates.noindex/SwiftExplicitPrecompiledModules -clang-scanner-module-cache-path /tmp/pumpsync-ui-audit-test-build/ModuleCache.noindex -sdk-module-cache-path /tmp/pumpsync-ui-audit-test-build/SDKExplicitPrecompiledModules -emit-dependencies -emit-module -emit-module-path /tmp/pumpsync-ui-audit-test-build/Build/Intermediates.noindex/PumpSync.build/Debug-iphonesimulator/PumpSync.build/Objects-normal/arm64/PumpSync.swiftmodule -serialize-diagnostics -dependency-scan-serialize-diagnostics-path /tmp/pumpsync-ui-audit-test-build/Build/Intermediates.noindex/PumpSync.build/Debug-iphonesimulator/PumpSync.build/Objects-normal/arm64/PumpSync-dependency-scan.dia -validate-clang-modules-once -clang-build-session-file /tmp/pumpsync-ui-audit-test-build/ModuleCache.noindex/Session.modulevalidation -Xcc -fmodules-prune-interval\=86400 -Xcc -fmodules-prune-after\=345600 -emit-const-values -const-gather-protocols-list /tmp/pumpsync-ui-audit-test-build/Build/Intermediates.noindex/PumpSync.build/Debug-iphonesimulator/PumpSync.build/Objects-normal/arm64/PumpSync_const_extract_protocols.json -Xcc -iquote -Xcc /tmp/pumpsync-ui-audit-test-build/Build/Intermediates.noindex/PumpSync.build/Debug-iphonesimulator/PumpSync.build/PumpSync-generated-files.hmap -Xcc -I/tmp/pumpsync-ui-audit-test-build/Build/Intermediates.noindex/PumpSync.build/Debug-iphonesimulator/PumpSync.build/PumpSync-own-target-headers.hmap -Xcc -I/tmp/pumpsync-ui-audit-test-build/Build/Intermediates.noindex/PumpSync.build/Debug-iphonesimulator/PumpSync.build/PumpSync-all-target-headers.hmap -Xcc -iquote -Xcc /tmp/pumpsync-ui-audit-test-build/Build/Intermediates.noindex/PumpSync.build/Debug-iphonesimulator/PumpSync.build/PumpSync-project-headers.hmap -Xcc -I/tmp/pumpsync-ui-audit-test-build/Build/Products/Debug-iphonesimulator/include -Xcc -I/tmp/pumpsync-ui-audit-test-build/Build/Intermediates.noindex/PumpSync.build/Debug-iphonesimulator/PumpSync.build/DerivedSources-normal/arm64 -Xcc -I/tmp/pumpsync-ui-audit-test-build/Build/Intermediates.noindex/PumpSync.build/Debug-iphonesimulator/PumpSync.build/DerivedSources/arm64 -Xcc -I/tmp/pumpsync-ui-audit-test-build/Build/Intermediates.noindex/PumpSync.build/Debug-iphonesimulator/PumpSync.build/DerivedSources -Xcc -DDEBUG\=1 -emit-objc-header -emit-objc-header-path /tmp/pumpsync-ui-audit-test-build/Build/Intermediates.noindex/PumpSync.build/Debug-iphonesimulator/PumpSync.build/Objects-normal/arm64/PumpSync-Swift.h -working-directory /tmp/pumpsync-ui-audit-harness -experimental-emit-module-separately -disable-cmo

Ld /tmp/pumpsync-ui-audit-test-build/Build/Products/Debug-iphonesimulator/PumpSync.app/PumpSync.debug.dylib normal (in target 'PumpSync' from project 'PumpSync')
    cd /tmp/pumpsync-ui-audit-harness
    /Applications/Development/Xcode.app/Contents/Developer/Toolchains/XcodeDefault.xctoolchain/usr/bin/clang -Xlinker -reproducible -target arm64-apple-ios26.0-simulator -dynamiclib -isysroot /Applications/Development/Xcode.app/Contents/Developer/Platforms/iPhoneSimulator.platform/Developer/SDKs/iPhoneSimulator27.0.sdk -O0 -Xlinker -no_warn_duplicate_libraries -L/tmp/pumpsync-ui-audit-test-build/Build/Intermediates.noindex/EagerLinkingTBDs/Debug-iphonesimulator -L/tmp/pumpsync-ui-audit-test-build/Build/Products/Debug-iphonesimulator -F/tmp/pumpsync-ui-audit-test-build/Build/Intermediates.noindex/EagerLinkingTBDs/Debug-iphonesimulator -F/tmp/pumpsync-ui-audit-test-build/Build/Products/Debug-iphonesimulator -filelist /tmp/pumpsync-ui-audit-test-build/Build/Intermediates.noindex/PumpSync.build/Debug-iphonesimulator/PumpSync.build/Objects-normal/arm64/PumpSync.LinkFileList -install_name @rpath/PumpSync.debug.dylib -Xlinker -rpath -Xlinker @executable_path/Frameworks -Xlinker -dead_strip -Xlinker -object_path_lto -Xlinker /tmp/pumpsync-ui-audit-test-build/Build/Intermediates.noindex/PumpSync.build/Debug-iphonesimulator/PumpSync.build/Objects-normal/arm64/PumpSync_lto.o -rdynamic -Xlinker -no_deduplicate -Xlinker -objc_abi_version -Xlinker 2 -Xlinker -dependency_info -Xlinker /tmp/pumpsync-ui-audit-test-build/Build/Intermediates.noindex/PumpSync.build/Debug-iphonesimulator/PumpSync.build/Objects-normal/arm64/PumpSync_dependency_info.dat -fobjc-link-runtime -L/Applications/Development/Xcode.app/Contents/Developer/Toolchains/XcodeDefault.xctoolchain/usr/lib/swift/iphonesimulator -L/usr/lib/swift -Xlinker -add_ast_path -Xlinker /tmp/pumpsync-ui-audit-test-build/Build/Intermediates.noindex/PumpSync.build/Debug-iphonesimulator/PumpSync.build/Objects-normal/arm64/PumpSync.swiftmodule -Xlinker -alias -Xlinker _main -Xlinker ___debug_main_executable_dylib_entry_point -Xlinker -no_adhoc_codesign -o /tmp/pumpsync-ui-audit-test-build/Build/Products/Debug-iphonesimulator/PumpSync.app/PumpSync.debug.dylib

SwiftEmitModule normal arm64 Emitting\ module\ for\ PumpSyncTests (in target 'PumpSyncTests' from project 'PumpSync')

SwiftCompile normal arm64 (in target 'PumpSyncTests' from project 'PumpSync')
    cd /tmp/pumpsync-ui-audit-harness


SwiftEmitModule normal arm64 Emitting\ module\ for\ PumpSyncUITests (in target 'PumpSyncUITests' from project 'PumpSync')

SwiftCompile normal arm64 (in target 'PumpSyncUITests' from project 'PumpSync')
    cd /tmp/pumpsync-ui-audit-harness


SwiftCompile normal arm64 Compiling\ TandemCredentialFormTests.swift,\ URLProtocolStub.swift /tmp/pumpsync-ui-audit-harness/PumpSyncTests/TandemCredentialFormTests.swift /tmp/pumpsync-ui-audit-harness/PumpSyncTests/URLProtocolStub.swift (in target 'PumpSyncTests' from project 'PumpSync')

SwiftCompile normal arm64 /tmp/pumpsync-ui-audit-harness/PumpSyncTests/TandemCredentialFormTests.swift (in target 'PumpSyncTests' from project 'PumpSync')
    cd /tmp/pumpsync-ui-audit-harness
    builtin-SwiftPerFileCompile TandemCredentialFormTests.swift

SwiftCompile normal arm64 /tmp/pumpsync-ui-audit-harness/PumpSyncTests/URLProtocolStub.swift (in target 'PumpSyncTests' from project 'PumpSync')
    cd /tmp/pumpsync-ui-audit-harness
    builtin-SwiftPerFileCompile URLProtocolStub.swift

SwiftCompile normal arm64 Compiling\ PumpSyncUITests.swift /tmp/pumpsync-ui-audit-harness/PumpSyncUITests/PumpSyncUITests.swift (in target 'PumpSyncUITests' from project 'PumpSync')

SwiftCompile normal arm64 /tmp/pumpsync-ui-audit-harness/PumpSyncUITests/PumpSyncUITests.swift (in target 'PumpSyncUITests' from project 'PumpSync')
    cd /tmp/pumpsync-ui-audit-harness
    builtin-SwiftPerFileCompile PumpSyncUITests.swift

SwiftCompile normal arm64 Compiling\ SyncCoordinatorTests.swift,\ SyncViewTests.swift /tmp/pumpsync-ui-audit-harness/PumpSyncTests/SyncCoordinatorTests.swift /tmp/pumpsync-ui-audit-harness/PumpSyncTests/SyncViewTests.swift (in target 'PumpSyncTests' from project 'PumpSync')

SwiftCompile normal arm64 /tmp/pumpsync-ui-audit-harness/PumpSyncTests/SyncCoordinatorTests.swift (in target 'PumpSyncTests' from project 'PumpSync')
    cd /tmp/pumpsync-ui-audit-harness
    builtin-SwiftPerFileCompile SyncCoordinatorTests.swift

SwiftCompile normal arm64 /tmp/pumpsync-ui-audit-harness/PumpSyncTests/SyncViewTests.swift (in target 'PumpSyncTests' from project 'PumpSync')
    cd /tmp/pumpsync-ui-audit-harness
    builtin-SwiftPerFileCompile SyncViewTests.swift

SwiftCompile normal arm64 Compiling\ HealthAccessTests.swift,\ ImportedSampleLedgerTests.swift /tmp/pumpsync-ui-audit-harness/PumpSyncTests/HealthAccessTests.swift /tmp/pumpsync-ui-audit-harness/PumpSyncTests/ImportedSampleLedgerTests.swift (in target 'PumpSyncTests' from project 'PumpSync')

SwiftCompile normal arm64 /tmp/pumpsync-ui-audit-harness/PumpSyncTests/HealthAccessTests.swift (in target 'PumpSyncTests' from project 'PumpSync')
    cd /tmp/pumpsync-ui-audit-harness
    builtin-SwiftPerFileCompile HealthAccessTests.swift

SwiftCompile normal arm64 /tmp/pumpsync-ui-audit-harness/PumpSyncTests/ImportedSampleLedgerTests.swift (in target 'PumpSyncTests' from project 'PumpSync')
    cd /tmp/pumpsync-ui-audit-harness
    builtin-SwiftPerFileCompile ImportedSampleLedgerTests.swift

SwiftCompile normal arm64 Compiling\ DiagnosticsLogStoreTests.swift,\ ForegroundRecoveryControllerTests.swift /tmp/pumpsync-ui-audit-harness/PumpSyncTests/DiagnosticsLogStoreTests.swift /tmp/pumpsync-ui-audit-harness/PumpSyncTests/ForegroundRecoveryControllerTests.swift (in target 'PumpSyncTests' from project 'PumpSync')

SwiftCompile normal arm64 /tmp/pumpsync-ui-audit-harness/PumpSyncTests/DiagnosticsLogStoreTests.swift (in target 'PumpSyncTests' from project 'PumpSync')
    cd /tmp/pumpsync-ui-audit-harness
    builtin-SwiftPerFileCompile DiagnosticsLogStoreTests.swift

SwiftCompile normal arm64 /tmp/pumpsync-ui-audit-harness/PumpSyncTests/ForegroundRecoveryControllerTests.swift (in target 'PumpSyncTests' from project 'PumpSync')
    cd /tmp/pumpsync-ui-audit-harness
    builtin-SwiftPerFileCompile ForegroundRecoveryControllerTests.swift

SwiftCompile normal arm64 Compiling\ JSONCodecTests.swift,\ NativeDiagnosticsStoreTests.swift /tmp/pumpsync-ui-audit-harness/PumpSyncTests/JSONCodecTests.swift /tmp/pumpsync-ui-audit-harness/PumpSyncTests/NativeDiagnosticsStoreTests.swift (in target 'PumpSyncTests' from project 'PumpSync')

SwiftCompile normal arm64 /tmp/pumpsync-ui-audit-harness/PumpSyncTests/JSONCodecTests.swift (in target 'PumpSyncTests' from project 'PumpSync')
    cd /tmp/pumpsync-ui-audit-harness
    builtin-SwiftPerFileCompile JSONCodecTests.swift

SwiftCompile normal arm64 /tmp/pumpsync-ui-audit-harness/PumpSyncTests/NativeDiagnosticsStoreTests.swift (in target 'PumpSyncTests' from project 'PumpSync')
    cd /tmp/pumpsync-ui-audit-harness
    builtin-SwiftPerFileCompile NativeDiagnosticsStoreTests.swift

SwiftCompile normal arm64 Compiling\ PolicyURLTests.swift,\ PumpSyncAPIClientTests.swift /tmp/pumpsync-ui-audit-harness/PumpSyncTests/PolicyURLTests.swift /tmp/pumpsync-ui-audit-harness/PumpSyncTests/PumpSyncAPIClientTests.swift (in target 'PumpSyncTests' from project 'PumpSync')

SwiftCompile normal arm64 /tmp/pumpsync-ui-audit-harness/PumpSyncTests/PolicyURLTests.swift (in target 'PumpSyncTests' from project 'PumpSync')
    cd /tmp/pumpsync-ui-audit-harness
    builtin-SwiftPerFileCompile PolicyURLTests.swift

SwiftCompile normal arm64 /tmp/pumpsync-ui-audit-harness/PumpSyncTests/PumpSyncAPIClientTests.swift (in target 'PumpSyncTests' from project 'PumpSync')
    cd /tmp/pumpsync-ui-audit-harness
    builtin-SwiftPerFileCompile PumpSyncAPIClientTests.swift

SwiftCompile normal arm64 Compiling\ SubscriptionPresentationTests.swift,\ SupportBundleBuilderTests.swift /tmp/pumpsync-ui-audit-harness/PumpSyncTests/SubscriptionPresentationTests.swift /tmp/pumpsync-ui-audit-harness/PumpSyncTests/SupportBundleBuilderTests.swift (in target 'PumpSyncTests' from project 'PumpSync')

SwiftCompile normal arm64 /tmp/pumpsync-ui-audit-harness/PumpSyncTests/SubscriptionPresentationTests.swift (in target 'PumpSyncTests' from project 'PumpSync')
    cd /tmp/pumpsync-ui-audit-harness
    builtin-SwiftPerFileCompile SubscriptionPresentationTests.swift

SwiftCompile normal arm64 /tmp/pumpsync-ui-audit-harness/PumpSyncTests/SupportBundleBuilderTests.swift (in target 'PumpSyncTests' from project 'PumpSync')
    cd /tmp/pumpsync-ui-audit-harness
    builtin-SwiftPerFileCompile SupportBundleBuilderTests.swift

SwiftDriverJobDiscovery normal arm64 Emitting module for PumpSyncUITests (in target 'PumpSyncUITests' from project 'PumpSync')

SwiftDriver\ Compilation\ Requirements PumpSyncUITests normal arm64 com.apple.xcode.tools.swift.compiler (in target 'PumpSyncUITests' from project 'PumpSync')
    cd /tmp/pumpsync-ui-audit-harness
    builtin-Swift-Compilation-Requirements -- /Applications/Development/Xcode.app/Contents/Developer/Toolchains/XcodeDefault.xctoolchain/usr/bin/swiftc -module-name PumpSyncUITests -Onone @/tmp/pumpsync-ui-audit-test-build/Build/Intermediates.noindex/PumpSync.build/Debug-iphonesimulator/PumpSyncUITests.build/Objects-normal/arm64/PumpSyncUITests.SwiftFileList -DDEBUG -module-alias Testing\=_Testing_Unavailable -plugin-path /Applications/Development/Xcode.app/Contents/Developer/Toolchains/XcodeDefault.xctoolchain/usr/lib/swift/host/plugins/testing -enable-experimental-feature DebugDescriptionMacro -sdk /Applications/Development/Xcode.app/Contents/Developer/Platforms/iPhoneSimulator.platform/Developer/SDKs/iPhoneSimulator27.0.sdk -target arm64-apple-ios26.0-simulator -g -module-cache-path /tmp/pumpsync-ui-audit-test-build/ModuleCache.noindex -Xfrontend -serialize-debugging-options -enable-testing -warnings-as-errors -Xcc -D_LIBCPP_HARDENING_MODE\=_LIBCPP_HARDENING_MODE_DEBUG -swift-version 6 -I /tmp/pumpsync-ui-audit-test-build/Build/Products/Debug-iphonesimulator -Isystem /Applications/Development/Xcode.app/Contents/Developer/Platforms/iPhoneSimulator.platform/Developer/usr/lib -F /tmp/pumpsync-ui-audit-test-build/Build/Products/Debug-iphonesimulator -F /Applications/Development/Xcode.app/Contents/Developer/Platforms/iPhoneSimulator.platform/Developer/Library/Frameworks -F /Applications/Development/Xcode.app/Contents/Developer/Platforms/iPhoneSimulator.platform/Developer/SDKs/iPhoneSimulator27.0.sdk/Developer/Library/Frameworks -parse-as-library -c -j10 -enable-batch-mode -incremental -Xcc -ivfsstatcache -Xcc /tmp/pumpsync-ui-audit-test-build/SDKStatCaches.noindex/iphonesimulator27.0-24A430-8b98ade55cdca77b755c004ede0894fd.sdkstatcache -output-file-map /tmp/pumpsync-ui-audit-test-build/Build/Intermediates.noindex/PumpSync.build/Debug-iphonesimulator/PumpSyncUITests.build/Objects-normal/arm64/PumpSyncUITests-OutputFileMap.json -save-temps -no-color-diagnostics -explicit-module-build -module-cache-path /tmp/pumpsync-ui-audit-test-build/Build/Intermediates.noindex/SwiftExplicitPrecompiledModules -clang-scanner-module-cache-path /tmp/pumpsync-ui-audit-test-build/ModuleCache.noindex -sdk-module-cache-path /tmp/pumpsync-ui-audit-test-build/SDKExplicitPrecompiledModules -emit-dependencies -emit-module -emit-module-path /tmp/pumpsync-ui-audit-test-build/Build/Intermediates.noindex/PumpSync.build/Debug-iphonesimulator/PumpSyncUITests.build/Objects-normal/arm64/PumpSyncUITests.swiftmodule -serialize-diagnostics -dependency-scan-serialize-diagnostics-path /tmp/pumpsync-ui-audit-test-build/Build/Intermediates.noindex/PumpSync.build/Debug-iphonesimulator/PumpSyncUITests.build/Objects-normal/arm64/PumpSyncUITests-dependency-scan.dia -validate-clang-modules-once -clang-build-session-file /tmp/pumpsync-ui-audit-test-build/ModuleCache.noindex/Session.modulevalidation -Xcc -fmodules-prune-interval\=86400 -Xcc -fmodules-prune-after\=345600 -emit-const-values -const-gather-protocols-list /tmp/pumpsync-ui-audit-test-build/Build/Intermediates.noindex/PumpSync.build/Debug-iphonesimulator/PumpSyncUITests.build/Objects-normal/arm64/PumpSyncUITests_const_extract_protocols.json -Xcc -iquote -Xcc /tmp/pumpsync-ui-audit-test-build/Build/Intermediates.noindex/PumpSync.build/Debug-iphonesimulator/PumpSyncUITests.build/PumpSyncUITests-generated-files.hmap -Xcc -I/tmp/pumpsync-ui-audit-test-build/Build/Intermediates.noindex/PumpSync.build/Debug-iphonesimulator/PumpSyncUITests.build/PumpSyncUITests-own-target-headers.hmap -Xcc -I/tmp/pumpsync-ui-audit-test-build/Build/Intermediates.noindex/PumpSync.build/Debug-iphonesimulator/PumpSyncUITests.build/PumpSyncUITests-all-target-headers.hmap -Xcc -iquote -Xcc /tmp/pumpsync-ui-audit-test-build/Build/Intermediates.noindex/PumpSync.build/Debug-iphonesimulator/PumpSyncUITests.build/PumpSyncUITests-project-headers.hmap -Xcc -I/tmp/pumpsync-ui-audit-test-build/Build/Products/Debug-iphonesimulator/include -Xcc -I/tmp/pumpsync-ui-audit-test-build/Build/Intermediates.noindex/PumpSync.build/Debug-iphonesimulator/PumpSyncUITests.build/DerivedSources-normal/arm64 -Xcc -I/tmp/pumpsync-ui-audit-test-build/Build/Intermediates.noindex/PumpSync.build/Debug-iphonesimulator/PumpSyncUITests.build/DerivedSources/arm64 -Xcc -I/tmp/pumpsync-ui-audit-test-build/Build/Intermediates.noindex/PumpSync.build/Debug-iphonesimulator/PumpSyncUITests.build/DerivedSources -Xcc -DDEBUG\=1 -emit-objc-header -emit-objc-header-path /tmp/pumpsync-ui-audit-test-build/Build/Intermediates.noindex/PumpSync.build/Debug-iphonesimulator/PumpSyncUITests.build/Objects-normal/arm64/PumpSyncUITests-Swift.h -working-directory /tmp/pumpsync-ui-audit-harness -experimental-emit-module-separately -disable-cmo

SwiftDriverJobDiscovery normal arm64 Compiling TandemCredentialFormTests.swift, URLProtocolStub.swift (in target 'PumpSyncTests' from project 'PumpSync')

SwiftCompile normal arm64 Compiling\ AuthServiceTests.swift,\ BackendSessionStoreTests.swift,\ BackgroundExecutionDeadlineTests.swift /tmp/pumpsync-ui-audit-harness/PumpSyncTests/AuthServiceTests.swift /tmp/pumpsync-ui-audit-harness/PumpSyncTests/BackendSessionStoreTests.swift /tmp/pumpsync-ui-audit-harness/PumpSyncTests/BackgroundExecutionDeadlineTests.swift (in target 'PumpSyncTests' from project 'PumpSync')

SwiftCompile normal arm64 /tmp/pumpsync-ui-audit-harness/PumpSyncTests/AuthServiceTests.swift (in target 'PumpSyncTests' from project 'PumpSync')
    cd /tmp/pumpsync-ui-audit-harness
    builtin-SwiftPerFileCompile AuthServiceTests.swift

SwiftCompile normal arm64 /tmp/pumpsync-ui-audit-harness/PumpSyncTests/BackendSessionStoreTests.swift (in target 'PumpSyncTests' from project 'PumpSync')
    cd /tmp/pumpsync-ui-audit-harness
    builtin-SwiftPerFileCompile BackendSessionStoreTests.swift

SwiftCompile normal arm64 /tmp/pumpsync-ui-audit-harness/PumpSyncTests/BackgroundExecutionDeadlineTests.swift (in target 'PumpSyncTests' from project 'PumpSync')
    cd /tmp/pumpsync-ui-audit-harness
    builtin-SwiftPerFileCompile BackgroundExecutionDeadlineTests.swift

SwiftMergeGeneratedHeaders /tmp/pumpsync-ui-audit-test-build/Build/Intermediates.noindex/PumpSync.build/Debug-iphonesimulator/PumpSyncUITests.build/DerivedSources/PumpSyncUITests-Swift.h /tmp/pumpsync-ui-audit-test-build/Build/Intermediates.noindex/PumpSync.build/Debug-iphonesimulator/PumpSyncUITests.build/Objects-normal/arm64/PumpSyncUITests-Swift.h (in target 'PumpSyncUITests' from project 'PumpSync')
    cd /tmp/pumpsync-ui-audit-harness
    builtin-swiftHeaderTool -arch arm64 /tmp/pumpsync-ui-audit-test-build/Build/Intermediates.noindex/PumpSync.build/Debug-iphonesimulator/PumpSyncUITests.build/Objects-normal/arm64/PumpSyncUITests-Swift.h -o /tmp/pumpsync-ui-audit-test-build/Build/Intermediates.noindex/PumpSync.build/Debug-iphonesimulator/PumpSyncUITests.build/DerivedSources/PumpSyncUITests-Swift.h

SwiftDriverJobDiscovery normal arm64 Compiling PumpSyncUITests.swift (in target 'PumpSyncUITests' from project 'PumpSync')

Copy /tmp/pumpsync-ui-audit-test-build/Build/Products/Debug-iphonesimulator/PumpSyncUITests.swiftmodule/arm64-apple-ios-simulator.swiftmodule /tmp/pumpsync-ui-audit-test-build/Build/Intermediates.noindex/PumpSync.build/Debug-iphonesimulator/PumpSyncUITests.build/Objects-normal/arm64/PumpSyncUITests.swiftmodule (in target 'PumpSyncUITests' from project 'PumpSync')
    cd /tmp/pumpsync-ui-audit-harness
    builtin-copy -exclude .DS_Store -exclude CVS -exclude .svn -exclude .git -exclude .hg -resolve-src-symlinks -rename /tmp/pumpsync-ui-audit-test-build/Build/Intermediates.noindex/PumpSync.build/Debug-iphonesimulator/PumpSyncUITests.build/Objects-normal/arm64/PumpSyncUITests.swiftmodule /tmp/pumpsync-ui-audit-test-build/Build/Products/Debug-iphonesimulator/PumpSyncUITests.swiftmodule/arm64-apple-ios-simulator.swiftmodule

Copy /tmp/pumpsync-ui-audit-test-build/Build/Products/Debug-iphonesimulator/PumpSyncUITests.swiftmodule/arm64-apple-ios-simulator.swiftdoc /tmp/pumpsync-ui-audit-test-build/Build/Intermediates.noindex/PumpSync.build/Debug-iphonesimulator/PumpSyncUITests.build/Objects-normal/arm64/PumpSyncUITests.swiftdoc (in target 'PumpSyncUITests' from project 'PumpSync')
    cd /tmp/pumpsync-ui-audit-harness
    builtin-copy -exclude .DS_Store -exclude CVS -exclude .svn -exclude .git -exclude .hg -resolve-src-symlinks -rename /tmp/pumpsync-ui-audit-test-build/Build/Intermediates.noindex/PumpSync.build/Debug-iphonesimulator/PumpSyncUITests.build/Objects-normal/arm64/PumpSyncUITests.swiftdoc /tmp/pumpsync-ui-audit-test-build/Build/Products/Debug-iphonesimulator/PumpSyncUITests.swiftmodule/arm64-apple-ios-simulator.swiftdoc

Copy /tmp/pumpsync-ui-audit-test-build/Build/Products/Debug-iphonesimulator/PumpSyncUITests.swiftmodule/arm64-apple-ios-simulator.abi.json /tmp/pumpsync-ui-audit-test-build/Build/Intermediates.noindex/PumpSync.build/Debug-iphonesimulator/PumpSyncUITests.build/Objects-normal/arm64/PumpSyncUITests.abi.json (in target 'PumpSyncUITests' from project 'PumpSync')
    cd /tmp/pumpsync-ui-audit-harness
    builtin-copy -exclude .DS_Store -exclude CVS -exclude .svn -exclude .git -exclude .hg -resolve-src-symlinks -rename /tmp/pumpsync-ui-audit-test-build/Build/Intermediates.noindex/PumpSync.build/Debug-iphonesimulator/PumpSyncUITests.build/Objects-normal/arm64/PumpSyncUITests.abi.json /tmp/pumpsync-ui-audit-test-build/Build/Products/Debug-iphonesimulator/PumpSyncUITests.swiftmodule/arm64-apple-ios-simulator.abi.json

Copy /tmp/pumpsync-ui-audit-test-build/Build/Products/Debug-iphonesimulator/PumpSyncUITests.swiftmodule/Project/arm64-apple-ios-simulator.swiftsourceinfo /tmp/pumpsync-ui-audit-test-build/Build/Intermediates.noindex/PumpSync.build/Debug-iphonesimulator/PumpSyncUITests.build/Objects-normal/arm64/PumpSyncUITests.swiftsourceinfo (in target 'PumpSyncUITests' from project 'PumpSync')
    cd /tmp/pumpsync-ui-audit-harness
    builtin-copy -exclude .DS_Store -exclude CVS -exclude .svn -exclude .git -exclude .hg -resolve-src-symlinks -rename /tmp/pumpsync-ui-audit-test-build/Build/Intermediates.noindex/PumpSync.build/Debug-iphonesimulator/PumpSyncUITests.build/Objects-normal/arm64/PumpSyncUITests.swiftsourceinfo /tmp/pumpsync-ui-audit-test-build/Build/Products/Debug-iphonesimulator/PumpSyncUITests.swiftmodule/Project/arm64-apple-ios-simulator.swiftsourceinfo

SwiftDriver\ Compilation PumpSyncUITests normal arm64 com.apple.xcode.tools.swift.compiler (in target 'PumpSyncUITests' from project 'PumpSync')
    cd /tmp/pumpsync-ui-audit-harness
    builtin-Swift-Compilation -- /Applications/Development/Xcode.app/Contents/Developer/Toolchains/XcodeDefault.xctoolchain/usr/bin/swiftc -module-name PumpSyncUITests -Onone @/tmp/pumpsync-ui-audit-test-build/Build/Intermediates.noindex/PumpSync.build/Debug-iphonesimulator/PumpSyncUITests.build/Objects-normal/arm64/PumpSyncUITests.SwiftFileList -DDEBUG -module-alias Testing\=_Testing_Unavailable -plugin-path /Applications/Development/Xcode.app/Contents/Developer/Toolchains/XcodeDefault.xctoolchain/usr/lib/swift/host/plugins/testing -enable-experimental-feature DebugDescriptionMacro -sdk /Applications/Development/Xcode.app/Contents/Developer/Platforms/iPhoneSimulator.platform/Developer/SDKs/iPhoneSimulator27.0.sdk -target arm64-apple-ios26.0-simulator -g -module-cache-path /tmp/pumpsync-ui-audit-test-build/ModuleCache.noindex -Xfrontend -serialize-debugging-options -enable-testing -warnings-as-errors -Xcc -D_LIBCPP_HARDENING_MODE\=_LIBCPP_HARDENING_MODE_DEBUG -swift-version 6 -I /tmp/pumpsync-ui-audit-test-build/Build/Products/Debug-iphonesimulator -Isystem /Applications/Development/Xcode.app/Contents/Developer/Platforms/iPhoneSimulator.platform/Developer/usr/lib -F /tmp/pumpsync-ui-audit-test-build/Build/Products/Debug-iphonesimulator -F /Applications/Development/Xcode.app/Contents/Developer/Platforms/iPhoneSimulator.platform/Developer/Library/Frameworks -F /Applications/Development/Xcode.app/Contents/Developer/Platforms/iPhoneSimulator.platform/Developer/SDKs/iPhoneSimulator27.0.sdk/Developer/Library/Frameworks -parse-as-library -c -j10 -enable-batch-mode -incremental -Xcc -ivfsstatcache -Xcc /tmp/pumpsync-ui-audit-test-build/SDKStatCaches.noindex/iphonesimulator27.0-24A430-8b98ade55cdca77b755c004ede0894fd.sdkstatcache -output-file-map /tmp/pumpsync-ui-audit-test-build/Build/Intermediates.noindex/PumpSync.build/Debug-iphonesimulator/PumpSyncUITests.build/Objects-normal/arm64/PumpSyncUITests-OutputFileMap.json -save-temps -no-color-diagnostics -explicit-module-build -module-cache-path /tmp/pumpsync-ui-audit-test-build/Build/Intermediates.noindex/SwiftExplicitPrecompiledModules -clang-scanner-module-cache-path /tmp/pumpsync-ui-audit-test-build/ModuleCache.noindex -sdk-module-cache-path /tmp/pumpsync-ui-audit-test-build/SDKExplicitPrecompiledModules -emit-dependencies -emit-module -emit-module-path /tmp/pumpsync-ui-audit-test-build/Build/Intermediates.noindex/PumpSync.build/Debug-iphonesimulator/PumpSyncUITests.build/Objects-normal/arm64/PumpSyncUITests.swiftmodule -serialize-diagnostics -dependency-scan-serialize-diagnostics-path /tmp/pumpsync-ui-audit-test-build/Build/Intermediates.noindex/PumpSync.build/Debug-iphonesimulator/PumpSyncUITests.build/Objects-normal/arm64/PumpSyncUITests-dependency-scan.dia -validate-clang-modules-once -clang-build-session-file /tmp/pumpsync-ui-audit-test-build/ModuleCache.noindex/Session.modulevalidation -Xcc -fmodules-prune-interval\=86400 -Xcc -fmodules-prune-after\=345600 -emit-const-values -const-gather-protocols-list /tmp/pumpsync-ui-audit-test-build/Build/Intermediates.noindex/PumpSync.build/Debug-iphonesimulator/PumpSyncUITests.build/Objects-normal/arm64/PumpSyncUITests_const_extract_protocols.json -Xcc -iquote -Xcc /tmp/pumpsync-ui-audit-test-build/Build/Intermediates.noindex/PumpSync.build/Debug-iphonesimulator/PumpSyncUITests.build/PumpSyncUITests-generated-files.hmap -Xcc -I/tmp/pumpsync-ui-audit-test-build/Build/Intermediates.noindex/PumpSync.build/Debug-iphonesimulator/PumpSyncUITests.build/PumpSyncUITests-own-target-headers.hmap -Xcc -I/tmp/pumpsync-ui-audit-test-build/Build/Intermediates.noindex/PumpSync.build/Debug-iphonesimulator/PumpSyncUITests.build/PumpSyncUITests-all-target-headers.hmap -Xcc -iquote -Xcc /tmp/pumpsync-ui-audit-test-build/Build/Intermediates.noindex/PumpSync.build/Debug-iphonesimulator/PumpSyncUITests.build/PumpSyncUITests-project-headers.hmap -Xcc -I/tmp/pumpsync-ui-audit-test-build/Build/Products/Debug-iphonesimulator/include -Xcc -I/tmp/pumpsync-ui-audit-test-build/Build/Intermediates.noindex/PumpSync.build/Debug-iphonesimulator/PumpSyncUITests.build/DerivedSources-normal/arm64 -Xcc -I/tmp/pumpsync-ui-audit-test-build/Build/Intermediates.noindex/PumpSync.build/Debug-iphonesimulator/PumpSyncUITests.build/DerivedSources/arm64 -Xcc -I/tmp/pumpsync-ui-audit-test-build/Build/Intermediates.noindex/PumpSync.build/Debug-iphonesimulator/PumpSyncUITests.build/DerivedSources -Xcc -DDEBUG\=1 -emit-objc-header -emit-objc-header-path /tmp/pumpsync-ui-audit-test-build/Build/Intermediates.noindex/PumpSync.build/Debug-iphonesimulator/PumpSyncUITests.build/Objects-normal/arm64/PumpSyncUITests-Swift.h -working-directory /tmp/pumpsync-ui-audit-harness -experimental-emit-module-separately -disable-cmo

SwiftCompile normal arm64 Compiling\ InitialImportRangeTests.swift,\ InstallStateReconcilerTests.swift /tmp/pumpsync-ui-audit-harness/PumpSyncTests/InitialImportRangeTests.swift /tmp/pumpsync-ui-audit-harness/PumpSyncTests/InstallStateReconcilerTests.swift (in target 'PumpSyncTests' from project 'PumpSync')

SwiftCompile normal arm64 /tmp/pumpsync-ui-audit-harness/PumpSyncTests/InitialImportRangeTests.swift (in target 'PumpSyncTests' from project 'PumpSync')
    cd /tmp/pumpsync-ui-audit-harness
    builtin-SwiftPerFileCompile InitialImportRangeTests.swift

SwiftCompile normal arm64 /tmp/pumpsync-ui-audit-harness/PumpSyncTests/InstallStateReconcilerTests.swift (in target 'PumpSyncTests' from project 'PumpSync')
    cd /tmp/pumpsync-ui-audit-harness
    builtin-SwiftPerFileCompile InstallStateReconcilerTests.swift

SwiftCompile normal arm64 Compiling\ BackgroundSyncDiagnosticsTests.swift,\ DeviceSessionProofProviderTests.swift /tmp/pumpsync-ui-audit-harness/PumpSyncTests/BackgroundSyncDiagnosticsTests.swift /tmp/pumpsync-ui-audit-harness/PumpSyncTests/DeviceSessionProofProviderTests.swift (in target 'PumpSyncTests' from project 'PumpSync')

SwiftCompile normal arm64 /tmp/pumpsync-ui-audit-harness/PumpSyncTests/BackgroundSyncDiagnosticsTests.swift (in target 'PumpSyncTests' from project 'PumpSync')
    cd /tmp/pumpsync-ui-audit-harness
    builtin-SwiftPerFileCompile BackgroundSyncDiagnosticsTests.swift

SwiftCompile normal arm64 /tmp/pumpsync-ui-audit-harness/PumpSyncTests/DeviceSessionProofProviderTests.swift (in target 'PumpSyncTests' from project 'PumpSync')
    cd /tmp/pumpsync-ui-audit-harness
    builtin-SwiftPerFileCompile DeviceSessionProofProviderTests.swift

SwiftDriverJobDiscovery normal arm64 Compiling SubscriptionPresentationTests.swift, SupportBundleBuilderTests.swift (in target 'PumpSyncTests' from project 'PumpSync')

SwiftDriverJobDiscovery normal arm64 Compiling JSONCodecTests.swift, NativeDiagnosticsStoreTests.swift (in target 'PumpSyncTests' from project 'PumpSync')

ConstructStubExecutorLinkFileList /tmp/pumpsync-ui-audit-test-build/Build/Intermediates.noindex/PumpSync.build/Debug-iphonesimulator/PumpSync.build/PumpSync-ExecutorLinkFileList-normal-arm64.txt (in target 'PumpSync' from project 'PumpSync')
    cd /tmp/pumpsync-ui-audit-harness
    construct-stub-executor-link-file-list /tmp/pumpsync-ui-audit-test-build/Build/Products/Debug-iphonesimulator/PumpSync.app/PumpSync.debug.dylib /Applications/Development/Xcode.app/Contents/Developer/Platforms/iPhoneSimulator.platform/Developer/usr/lib/libPreviewsJITStubExecutor_no_swift_entry_point.a /Applications/Development/Xcode.app/Contents/Developer/Platforms/iPhoneSimulator.platform/Developer/usr/lib/libPreviewsJITStubExecutor.a --output /tmp/pumpsync-ui-audit-test-build/Build/Intermediates.noindex/PumpSync.build/Debug-iphonesimulator/PumpSync.build/PumpSync-ExecutorLinkFileList-normal-arm64.txt
note: Using stub executor library with Swift entry point. (in target 'PumpSync' from project 'PumpSync')

GenerateDSYMFile /tmp/pumpsync-ui-audit-test-build/Build/Products/Debug-iphonesimulator/PumpSync.app.dSYM /tmp/pumpsync-ui-audit-test-build/Build/Products/Debug-iphonesimulator/PumpSync.app/PumpSync.debug.dylib (in target 'PumpSync' from project 'PumpSync')
    cd /tmp/pumpsync-ui-audit-harness
    export PATH\=/Applications/Development/Xcode.app/Contents/SharedFrameworks/SwiftBuild.framework/Versions/A/PlugIns/SWBBuildService.bundle/Contents/PlugIns/SWBUniversalPlatformPlugin.bundle/Contents/Frameworks/SWBUniversalPlatform.framework/Resources:/Applications/Development/Xcode.app/Contents/Developer/Toolchains/XcodeDefault.xctoolchain/usr/bin:/Applications/Development/Xcode.app/Contents/Developer/Toolchains/XcodeDefault.xctoolchain/usr/local/bin:/Applications/Development/Xcode.app/Contents/Developer/Toolchains/XcodeDefault.xctoolchain/usr/libexec:/Applications/Development/Xcode.app/Contents/Developer/Platforms/iPhoneSimulator.platform/usr/bin:/Applications/Development/Xcode.app/Contents/Developer/Platforms/iPhoneSimulator.platform/usr/local/bin:/Applications/Development/Xcode.app/Contents/Developer/Platforms/iPhoneSimulator.platform/Developer/usr/bin:/Applications/Development/Xcode.app/Contents/Developer/Platforms/iPhoneSimulator.platform/Developer/usr/local/bin:/Applications/Development/Xcode.app/Contents/Developer/usr/bin:/Applications/Development/Xcode.app/Contents/Developer/usr/local/bin:/Users/ericslutz/.npm/_npx/99336612077b7094/node_modules/.bin:/Users/ericslutz/Developer/Code/Side\ Projects/PumpSync/node_modules/.bin:/Users/ericslutz/Developer/Code/Side\ Projects/node_modules/.bin:/Users/ericslutz/Developer/Code/node_modules/.bin:/Users/ericslutz/Developer/node_modules/.bin:/Users/ericslutz/node_modules/.bin:/Users/node_modules/.bin:/node_modules/.bin:/Users/ericslutz/.nvm/versions/node/v24.16.0/lib/node_modules/npm/node_modules/@npmcli/run-script/lib/node-gyp-bin:/Users/ericslutz/.codex/tmp/arg0/codex-arg00OUOXi:/Applications/ChatGPT.app/Contents/Resources/codex-cli/codex-path:/Users/ericslutz/.cache/codex-runtimes/codex-primary-runtime/dependencies/bin/override:/Users/ericslutz/.unity/bin:/Users/ericslutz/.nvm/versions/node/v24.16.0/bin:/opt/homebrew/opt/git/bin:/opt/homebrew/bin:/opt/homebrew/sbin:/usr/local/bin:/System/Cryptexes/App/usr/bin:/usr/bin:/bin:/usr/sbin:/sbin:/var/run/com.apple.security.cryptexd/codex.system/bootstrap/usr/local/bin:/var/run/com.apple.security.cryptexd/codex.system/bootstrap/usr/bin:/var/run/com.apple.security.cryptexd/codex.system/bootstrap/usr/appleinternal/bin:/pkg/env/global/bin:/Library/Apple/usr/bin:/usr/local/MacGPG2/bin:/Applications/Wireshark.app/Contents/MacOS:/Applications/VMware\ Fusion.app/Contents/Public:/usr/local/share/dotnet:/Library/Frameworks/Mono.framework/Versions/Current/Commands:/Users/ericslutz/.dotnet:/Users/ericslutz/.dotnet/tools:/opt/homebrew/opt/azure-cli/bin:/Users/ericslutz/.orbstack/bin:/Users/ericslutz/.cache/codex-runtimes/codex-primary-runtime/dependencies/bin/fallback:/Applications/ChatGPT.app/Contents/Resources:/Applications/ChatGPT.app/Contents/Resources/codex-cli/CodexCLI.app/Contents/MacOS
    /Applications/Development/Xcode.app/Contents/Developer/Toolchains/XcodeDefault.xctoolchain/usr/bin/dsymutil /tmp/pumpsync-ui-audit-test-build/Build/Products/Debug-iphonesimulator/PumpSync.app/PumpSync.debug.dylib -o /tmp/pumpsync-ui-audit-test-build/Build/Products/Debug-iphonesimulator/PumpSync.app.dSYM

Ld /tmp/pumpsync-ui-audit-test-build/Build/Products/Debug-iphonesimulator/PumpSync.app/PumpSync normal (in target 'PumpSync' from project 'PumpSync')
    cd /tmp/pumpsync-ui-audit-harness
    /Applications/Development/Xcode.app/Contents/Developer/Toolchains/XcodeDefault.xctoolchain/usr/bin/clang -Xlinker -reproducible -target arm64-apple-ios26.0-simulator -isysroot /Applications/Development/Xcode.app/Contents/Developer/Platforms/iPhoneSimulator.platform/Developer/SDKs/iPhoneSimulator27.0.sdk -O0 -Xlinker -no_warn_duplicate_libraries -L/tmp/pumpsync-ui-audit-test-build/Build/Products/Debug-iphonesimulator -F/tmp/pumpsync-ui-audit-test-build/Build/Products/Debug-iphonesimulator -Xlinker -rpath -Xlinker @executable_path -Xlinker -rpath -Xlinker @executable_path/Frameworks -rdynamic -Xlinker -no_deduplicate -Xlinker -objc_abi_version -Xlinker 2 -e ___debug_blank_executor_main -Xlinker -sectcreate -Xlinker __TEXT -Xlinker __debug_dylib -Xlinker /tmp/pumpsync-ui-audit-test-build/Build/Intermediates.noindex/PumpSync.build/Debug-iphonesimulator/PumpSync.build/PumpSync-DebugDylibPath-normal-arm64.txt -Xlinker -sectcreate -Xlinker __TEXT -Xlinker __debug_instlnm -Xlinker /tmp/pumpsync-ui-audit-test-build/Build/Intermediates.noindex/PumpSync.build/Debug-iphonesimulator/PumpSync.build/PumpSync-DebugDylibInstallName-normal-arm64.txt -Xlinker -filelist -Xlinker /tmp/pumpsync-ui-audit-test-build/Build/Intermediates.noindex/PumpSync.build/Debug-iphonesimulator/PumpSync.build/PumpSync-ExecutorLinkFileList-normal-arm64.txt -Xlinker -sectcreate -Xlinker __TEXT -Xlinker __entitlements -Xlinker /tmp/pumpsync-ui-audit-test-build/Build/Intermediates.noindex/PumpSync.build/Debug-iphonesimulator/PumpSync.build/PumpSync.app-Simulated.xcent -Xlinker -sectcreate -Xlinker __TEXT -Xlinker __ents_der -Xlinker /tmp/pumpsync-ui-audit-test-build/Build/Intermediates.noindex/PumpSync.build/Debug-iphonesimulator/PumpSync.build/PumpSync.app-Simulated.xcent.der /tmp/pumpsync-ui-audit-test-build/Build/Products/Debug-iphonesimulator/PumpSync.app/PumpSync.debug.dylib -Xlinker -no_adhoc_codesign -o /tmp/pumpsync-ui-audit-test-build/Build/Products/Debug-iphonesimulator/PumpSync.app/PumpSync

SwiftDriverJobDiscovery normal arm64 Emitting module for PumpSyncTests (in target 'PumpSyncTests' from project 'PumpSync')

SwiftDriver\ Compilation\ Requirements PumpSyncTests normal arm64 com.apple.xcode.tools.swift.compiler (in target 'PumpSyncTests' from project 'PumpSync')
    cd /tmp/pumpsync-ui-audit-harness
    builtin-Swift-Compilation-Requirements -- /Applications/Development/Xcode.app/Contents/Developer/Toolchains/XcodeDefault.xctoolchain/usr/bin/swiftc -module-name PumpSyncTests -Onone @/tmp/pumpsync-ui-audit-test-build/Build/Intermediates.noindex/PumpSync.build/Debug-iphonesimulator/PumpSyncTests.build/Objects-normal/arm64/PumpSyncTests.SwiftFileList -DDEBUG -plugin-path /Applications/Development/Xcode.app/Contents/Developer/Toolchains/XcodeDefault.xctoolchain/usr/lib/swift/host/plugins/testing -enable-experimental-feature DebugDescriptionMacro -sdk /Applications/Development/Xcode.app/Contents/Developer/Platforms/iPhoneSimulator.platform/Developer/SDKs/iPhoneSimulator27.0.sdk -target arm64-apple-ios26.0-simulator -g -module-cache-path /tmp/pumpsync-ui-audit-test-build/ModuleCache.noindex -Xfrontend -serialize-debugging-options -enable-testing -warnings-as-errors -Xcc -D_LIBCPP_HARDENING_MODE\=_LIBCPP_HARDENING_MODE_DEBUG -swift-version 6 -I /tmp/pumpsync-ui-audit-test-build/Build/Products/Debug-iphonesimulator -Isystem /Applications/Development/Xcode.app/Contents/Developer/Platforms/iPhoneSimulator.platform/Developer/usr/lib -F /tmp/pumpsync-ui-audit-test-build/Build/Products/Debug-iphonesimulator -F /Applications/Development/Xcode.app/Contents/Developer/Platforms/iPhoneSimulator.platform/Developer/Library/Frameworks -F /Applications/Development/Xcode.app/Contents/Developer/Platforms/iPhoneSimulator.platform/Developer/SDKs/iPhoneSimulator27.0.sdk/Developer/Library/Frameworks -c -j10 -enable-batch-mode -incremental -Xcc -ivfsstatcache -Xcc /tmp/pumpsync-ui-audit-test-build/SDKStatCaches.noindex/iphonesimulator27.0-24A430-8b98ade55cdca77b755c004ede0894fd.sdkstatcache -output-file-map /tmp/pumpsync-ui-audit-test-build/Build/Intermediates.noindex/PumpSync.build/Debug-iphonesimulator/PumpSyncTests.build/Objects-normal/arm64/PumpSyncTests-OutputFileMap.json -save-temps -no-color-diagnostics -explicit-module-build -module-cache-path /tmp/pumpsync-ui-audit-test-build/Build/Intermediates.noindex/SwiftExplicitPrecompiledModules -clang-scanner-module-cache-path /tmp/pumpsync-ui-audit-test-build/ModuleCache.noindex -sdk-module-cache-path /tmp/pumpsync-ui-audit-test-build/SDKExplicitPrecompiledModules -emit-dependencies -emit-module -emit-module-path /tmp/pumpsync-ui-audit-test-build/Build/Intermediates.noindex/PumpSync.build/Debug-iphonesimulator/PumpSyncTests.build/Objects-normal/arm64/PumpSyncTests.swiftmodule -serialize-diagnostics -dependency-scan-serialize-diagnostics-path /tmp/pumpsync-ui-audit-test-build/Build/Intermediates.noindex/PumpSync.build/Debug-iphonesimulator/PumpSyncTests.build/Objects-normal/arm64/PumpSyncTests-dependency-scan.dia -validate-clang-modules-once -clang-build-session-file /tmp/pumpsync-ui-audit-test-build/ModuleCache.noindex/Session.modulevalidation -Xcc -fmodules-prune-interval\=86400 -Xcc -fmodules-prune-after\=345600 -emit-const-values -const-gather-protocols-list /tmp/pumpsync-ui-audit-test-build/Build/Intermediates.noindex/PumpSync.build/Debug-iphonesimulator/PumpSyncTests.build/Objects-normal/arm64/PumpSyncTests_const_extract_protocols.json -Xcc -iquote -Xcc /tmp/pumpsync-ui-audit-test-build/Build/Intermediates.noindex/PumpSync.build/Debug-iphonesimulator/PumpSyncTests.build/PumpSyncTests-generated-files.hmap -Xcc -I/tmp/pumpsync-ui-audit-test-build/Build/Intermediates.noindex/PumpSync.build/Debug-iphonesimulator/PumpSyncTests.build/PumpSyncTests-own-target-headers.hmap -Xcc -I/tmp/pumpsync-ui-audit-test-build/Build/Intermediates.noindex/PumpSync.build/Debug-iphonesimulator/PumpSyncTests.build/PumpSyncTests-all-target-headers.hmap -Xcc -iquote -Xcc /tmp/pumpsync-ui-audit-test-build/Build/Intermediates.noindex/PumpSync.build/Debug-iphonesimulator/PumpSyncTests.build/PumpSyncTests-project-headers.hmap -Xcc -I/tmp/pumpsync-ui-audit-test-build/Build/Products/Debug-iphonesimulator/include -Xcc -I/tmp/pumpsync-ui-audit-test-build/Build/Intermediates.noindex/PumpSync.build/Debug-iphonesimulator/PumpSyncTests.build/DerivedSources-normal/arm64 -Xcc -I/tmp/pumpsync-ui-audit-test-build/Build/Intermediates.noindex/PumpSync.build/Debug-iphonesimulator/PumpSyncTests.build/DerivedSources/arm64 -Xcc -I/tmp/pumpsync-ui-audit-test-build/Build/Intermediates.noindex/PumpSync.build/Debug-iphonesimulator/PumpSyncTests.build/DerivedSources -Xcc -DDEBUG\=1 -emit-objc-header -emit-objc-header-path /tmp/pumpsync-ui-audit-test-build/Build/Intermediates.noindex/PumpSync.build/Debug-iphonesimulator/PumpSyncTests.build/Objects-normal/arm64/PumpSyncTests-Swift.h -working-directory /tmp/pumpsync-ui-audit-harness -experimental-emit-module-separately -disable-cmo

SwiftMergeGeneratedHeaders /tmp/pumpsync-ui-audit-test-build/Build/Intermediates.noindex/PumpSync.build/Debug-iphonesimulator/PumpSyncTests.build/DerivedSources/PumpSyncTests-Swift.h /tmp/pumpsync-ui-audit-test-build/Build/Intermediates.noindex/PumpSync.build/Debug-iphonesimulator/PumpSyncTests.build/Objects-normal/arm64/PumpSyncTests-Swift.h (in target 'PumpSyncTests' from project 'PumpSync')
    cd /tmp/pumpsync-ui-audit-harness
    builtin-swiftHeaderTool -arch arm64 /tmp/pumpsync-ui-audit-test-build/Build/Intermediates.noindex/PumpSync.build/Debug-iphonesimulator/PumpSyncTests.build/Objects-normal/arm64/PumpSyncTests-Swift.h -o /tmp/pumpsync-ui-audit-test-build/Build/Intermediates.noindex/PumpSync.build/Debug-iphonesimulator/PumpSyncTests.build/DerivedSources/PumpSyncTests-Swift.h

Copy /tmp/pumpsync-ui-audit-test-build/Build/Products/Debug-iphonesimulator/PumpSyncTests.swiftmodule/arm64-apple-ios-simulator.swiftmodule /tmp/pumpsync-ui-audit-test-build/Build/Intermediates.noindex/PumpSync.build/Debug-iphonesimulator/PumpSyncTests.build/Objects-normal/arm64/PumpSyncTests.swiftmodule (in target 'PumpSyncTests' from project 'PumpSync')
    cd /tmp/pumpsync-ui-audit-harness
    builtin-copy -exclude .DS_Store -exclude CVS -exclude .svn -exclude .git -exclude .hg -resolve-src-symlinks -rename /tmp/pumpsync-ui-audit-test-build/Build/Intermediates.noindex/PumpSync.build/Debug-iphonesimulator/PumpSyncTests.build/Objects-normal/arm64/PumpSyncTests.swiftmodule /tmp/pumpsync-ui-audit-test-build/Build/Products/Debug-iphonesimulator/PumpSyncTests.swiftmodule/arm64-apple-ios-simulator.swiftmodule

Copy /tmp/pumpsync-ui-audit-test-build/Build/Products/Debug-iphonesimulator/PumpSyncTests.swiftmodule/arm64-apple-ios-simulator.swiftdoc /tmp/pumpsync-ui-audit-test-build/Build/Intermediates.noindex/PumpSync.build/Debug-iphonesimulator/PumpSyncTests.build/Objects-normal/arm64/PumpSyncTests.swiftdoc (in target 'PumpSyncTests' from project 'PumpSync')
    cd /tmp/pumpsync-ui-audit-harness
    builtin-copy -exclude .DS_Store -exclude CVS -exclude .svn -exclude .git -exclude .hg -resolve-src-symlinks -rename /tmp/pumpsync-ui-audit-test-build/Build/Intermediates.noindex/PumpSync.build/Debug-iphonesimulator/PumpSyncTests.build/Objects-normal/arm64/PumpSyncTests.swiftdoc /tmp/pumpsync-ui-audit-test-build/Build/Products/Debug-iphonesimulator/PumpSyncTests.swiftmodule/arm64-apple-ios-simulator.swiftdoc

SwiftDriverJobDiscovery normal arm64 Compiling HealthAccessTests.swift, ImportedSampleLedgerTests.swift (in target 'PumpSyncTests' from project 'PumpSync')

Copy /tmp/pumpsync-ui-audit-test-build/Build/Products/Debug-iphonesimulator/PumpSyncTests.swiftmodule/arm64-apple-ios-simulator.abi.json /tmp/pumpsync-ui-audit-test-build/Build/Intermediates.noindex/PumpSync.build/Debug-iphonesimulator/PumpSyncTests.build/Objects-normal/arm64/PumpSyncTests.abi.json (in target 'PumpSyncTests' from project 'PumpSync')
    cd /tmp/pumpsync-ui-audit-harness
    builtin-copy -exclude .DS_Store -exclude CVS -exclude .svn -exclude .git -exclude .hg -resolve-src-symlinks -rename /tmp/pumpsync-ui-audit-test-build/Build/Intermediates.noindex/PumpSync.build/Debug-iphonesimulator/PumpSyncTests.build/Objects-normal/arm64/PumpSyncTests.abi.json /tmp/pumpsync-ui-audit-test-build/Build/Products/Debug-iphonesimulator/PumpSyncTests.swiftmodule/arm64-apple-ios-simulator.abi.json

Copy /tmp/pumpsync-ui-audit-test-build/Build/Products/Debug-iphonesimulator/PumpSyncTests.swiftmodule/Project/arm64-apple-ios-simulator.swiftsourceinfo /tmp/pumpsync-ui-audit-test-build/Build/Intermediates.noindex/PumpSync.build/Debug-iphonesimulator/PumpSyncTests.build/Objects-normal/arm64/PumpSyncTests.swiftsourceinfo (in target 'PumpSyncTests' from project 'PumpSync')
    cd /tmp/pumpsync-ui-audit-harness
    builtin-copy -exclude .DS_Store -exclude CVS -exclude .svn -exclude .git -exclude .hg -resolve-src-symlinks -rename /tmp/pumpsync-ui-audit-test-build/Build/Intermediates.noindex/PumpSync.build/Debug-iphonesimulator/PumpSyncTests.build/Objects-normal/arm64/PumpSyncTests.swiftsourceinfo /tmp/pumpsync-ui-audit-test-build/Build/Products/Debug-iphonesimulator/PumpSyncTests.swiftmodule/Project/arm64-apple-ios-simulator.swiftsourceinfo

SwiftDriverJobDiscovery normal arm64 Compiling DiagnosticsLogStoreTests.swift, ForegroundRecoveryControllerTests.swift (in target 'PumpSyncTests' from project 'PumpSync')

SwiftDriverJobDiscovery normal arm64 Compiling PolicyURLTests.swift, PumpSyncAPIClientTests.swift (in target 'PumpSyncTests' from project 'PumpSync')

GenerateDSYMFile /tmp/pumpsync-ui-audit-test-build/Build/Products/Debug-iphonesimulator/PumpSync.app.dSYM /tmp/pumpsync-ui-audit-test-build/Build/Products/Debug-iphonesimulator/PumpSync.app/PumpSync (in target 'PumpSync' from project 'PumpSync')
    cd /tmp/pumpsync-ui-audit-harness
    export PATH\=/Applications/Development/Xcode.app/Contents/SharedFrameworks/SwiftBuild.framework/Versions/A/PlugIns/SWBBuildService.bundle/Contents/PlugIns/SWBUniversalPlatformPlugin.bundle/Contents/Frameworks/SWBUniversalPlatform.framework/Resources:/Applications/Development/Xcode.app/Contents/Developer/Toolchains/XcodeDefault.xctoolchain/usr/bin:/Applications/Development/Xcode.app/Contents/Developer/Toolchains/XcodeDefault.xctoolchain/usr/local/bin:/Applications/Development/Xcode.app/Contents/Developer/Toolchains/XcodeDefault.xctoolchain/usr/libexec:/Applications/Development/Xcode.app/Contents/Developer/Platforms/iPhoneSimulator.platform/usr/bin:/Applications/Development/Xcode.app/Contents/Developer/Platforms/iPhoneSimulator.platform/usr/local/bin:/Applications/Development/Xcode.app/Contents/Developer/Platforms/iPhoneSimulator.platform/Developer/usr/bin:/Applications/Development/Xcode.app/Contents/Developer/Platforms/iPhoneSimulator.platform/Developer/usr/local/bin:/Applications/Development/Xcode.app/Contents/Developer/usr/bin:/Applications/Development/Xcode.app/Contents/Developer/usr/local/bin:/Users/ericslutz/.npm/_npx/99336612077b7094/node_modules/.bin:/Users/ericslutz/Developer/Code/Side\ Projects/PumpSync/node_modules/.bin:/Users/ericslutz/Developer/Code/Side\ Projects/node_modules/.bin:/Users/ericslutz/Developer/Code/node_modules/.bin:/Users/ericslutz/Developer/node_modules/.bin:/Users/ericslutz/node_modules/.bin:/Users/node_modules/.bin:/node_modules/.bin:/Users/ericslutz/.nvm/versions/node/v24.16.0/lib/node_modules/npm/node_modules/@npmcli/run-script/lib/node-gyp-bin:/Users/ericslutz/.codex/tmp/arg0/codex-arg00OUOXi:/Applications/ChatGPT.app/Contents/Resources/codex-cli/codex-path:/Users/ericslutz/.cache/codex-runtimes/codex-primary-runtime/dependencies/bin/override:/Users/ericslutz/.unity/bin:/Users/ericslutz/.nvm/versions/node/v24.16.0/bin:/opt/homebrew/opt/git/bin:/opt/homebrew/bin:/opt/homebrew/sbin:/usr/local/bin:/System/Cryptexes/App/usr/bin:/usr/bin:/bin:/usr/sbin:/sbin:/var/run/com.apple.security.cryptexd/codex.system/bootstrap/usr/local/bin:/var/run/com.apple.security.cryptexd/codex.system/bootstrap/usr/bin:/var/run/com.apple.security.cryptexd/codex.system/bootstrap/usr/appleinternal/bin:/pkg/env/global/bin:/Library/Apple/usr/bin:/usr/local/MacGPG2/bin:/Applications/Wireshark.app/Contents/MacOS:/Applications/VMware\ Fusion.app/Contents/Public:/usr/local/share/dotnet:/Library/Frameworks/Mono.framework/Versions/Current/Commands:/Users/ericslutz/.dotnet:/Users/ericslutz/.dotnet/tools:/opt/homebrew/opt/azure-cli/bin:/Users/ericslutz/.orbstack/bin:/Users/ericslutz/.cache/codex-runtimes/codex-primary-runtime/dependencies/bin/fallback:/Applications/ChatGPT.app/Contents/Resources:/Applications/ChatGPT.app/Contents/Resources/codex-cli/CodexCLI.app/Contents/MacOS
    /Applications/Development/Xcode.app/Contents/Developer/Toolchains/XcodeDefault.xctoolchain/usr/bin/dsymutil -q /tmp/pumpsync-ui-audit-test-build/Build/Products/Debug-iphonesimulator/PumpSync.app/PumpSync -o /tmp/pumpsync-ui-audit-test-build/Build/Products/Debug-iphonesimulator/PumpSync.app.dSYM

CopySwiftLibs /tmp/pumpsync-ui-audit-test-build/Build/Products/Debug-iphonesimulator/PumpSync.app (in target 'PumpSync' from project 'PumpSync')
    cd /tmp/pumpsync-ui-audit-harness
    builtin-swiftStdLibTool --copy --verbose --sign - --scan-executable /tmp/pumpsync-ui-audit-test-build/Build/Products/Debug-iphonesimulator/PumpSync.app/PumpSync.debug.dylib --scan-folder /tmp/pumpsync-ui-audit-test-build/Build/Products/Debug-iphonesimulator/PumpSync.app/Frameworks --scan-folder /tmp/pumpsync-ui-audit-test-build/Build/Products/Debug-iphonesimulator/PumpSync.app/PlugIns --scan-folder /tmp/pumpsync-ui-audit-test-build/Build/Products/Debug-iphonesimulator/PumpSync.app/SystemExtensions --scan-folder /tmp/pumpsync-ui-audit-test-build/Build/Products/Debug-iphonesimulator/PumpSync.app/Extensions --platform iphonesimulator --toolchain /Applications/Development/Xcode.app/Contents/Developer/Toolchains/XcodeDefault.xctoolchain --destination /tmp/pumpsync-ui-audit-test-build/Build/Products/Debug-iphonesimulator/PumpSync.app/Frameworks --strip-bitcode --strip-bitcode-tool /Applications/Development/Xcode.app/Contents/Developer/Toolchains/XcodeDefault.xctoolchain/usr/bin/bitcode_strip --emit-dependency-info /tmp/pumpsync-ui-audit-test-build/Build/Intermediates.noindex/PumpSync.build/Debug-iphonesimulator/PumpSync.build/SwiftStdLibToolInputDependencies.dep --filter-for-swift-os

ExtractAppIntentsMetadata (in target 'PumpSync' from project 'PumpSync')
    cd /tmp/pumpsync-ui-audit-harness
    /Applications/Development/Xcode.app/Contents/Developer/Toolchains/XcodeDefault.xctoolchain/usr/bin/appintentsmetadataprocessor --toolchain-dir /Applications/Development/Xcode.app/Contents/Developer/Toolchains/XcodeDefault.xctoolchain --module-name PumpSync --sdk-root /Applications/Development/Xcode.app/Contents/Developer/Platforms/iPhoneSimulator.platform/Developer/SDKs/iPhoneSimulator27.0.sdk --xcode-version 27A266a --platform-family iOS --deployment-target 26.0 --bundle-identifier dev.ericslutz.PumpSync --output /tmp/pumpsync-ui-audit-test-build/Build/Products/Debug-iphonesimulator/PumpSync.app --target-triple arm64-apple-ios26.0-simulator --binary-file /tmp/pumpsync-ui-audit-test-build/Build/Products/Debug-iphonesimulator/PumpSync.app/PumpSync --dependency-file /tmp/pumpsync-ui-audit-test-build/Build/Intermediates.noindex/PumpSync.build/Debug-iphonesimulator/PumpSync.build/Objects-normal/arm64/PumpSync_dependency_info.dat --stringsdata-file /tmp/pumpsync-ui-audit-test-build/Build/Intermediates.noindex/PumpSync.build/Debug-iphonesimulator/PumpSync.build/Objects-normal/arm64/ExtractedAppShortcutsMetadata.stringsdata --source-file-list /tmp/pumpsync-ui-audit-test-build/Build/Intermediates.noindex/PumpSync.build/Debug-iphonesimulator/PumpSync.build/Objects-normal/arm64/PumpSync.SwiftFileList --metadata-file-list /tmp/pumpsync-ui-audit-test-build/Build/Intermediates.noindex/PumpSync.build/Debug-iphonesimulator/PumpSync.build/PumpSync.DependencyMetadataFileList --static-metadata-file-list /tmp/pumpsync-ui-audit-test-build/Build/Intermediates.noindex/PumpSync.build/Debug-iphonesimulator/PumpSync.build/PumpSync.DependencyStaticMetadataFileList --swift-const-vals-list /tmp/pumpsync-ui-audit-test-build/Build/Intermediates.noindex/PumpSync.build/Debug-iphonesimulator/PumpSync.build/Objects-normal/arm64/PumpSync.SwiftConstValuesFileList --compile-time-extraction --deployment-aware-processing --no-app-shortcuts-localization
2026-10-01 11:28:44.544 appintentsmetadataprocessor[74754:2938973] Starting appintentsmetadataprocessor export
2026-10-01 11:28:44.663 appintentsmetadataprocessor[74754:2938973] Writing Metadata.appintents
2026-10-01 11:28:44.663 appintentsmetadataprocessor[74754:2938973] Metadata root: /tmp/pumpsync-ui-audit-test-build/Build/Products/Debug-iphonesimulator/PumpSync.app/Metadata.appintents

SwiftDriverJobDiscovery normal arm64 Compiling InitialImportRangeTests.swift, InstallStateReconcilerTests.swift (in target 'PumpSyncTests' from project 'PumpSync')

AppIntentsSSUTraining (in target 'PumpSync' from project 'PumpSync')
    cd /tmp/pumpsync-ui-audit-harness
    /Applications/Development/Xcode.app/Contents/Developer/Toolchains/XcodeDefault.xctoolchain/usr/bin/appintentsnltrainingprocessor --infoplist-path /tmp/pumpsync-ui-audit-test-build/Build/Products/Debug-iphonesimulator/PumpSync.app/Info.plist --temp-dir-path /tmp/pumpsync-ui-audit-test-build/Build/Intermediates.noindex/PumpSync.build/Debug-iphonesimulator/PumpSync.build/ssu --bundle-id dev.ericslutz.PumpSync --product-path /tmp/pumpsync-ui-audit-test-build/Build/Products/Debug-iphonesimulator/PumpSync.app --extracted-metadata-path /tmp/pumpsync-ui-audit-test-build/Build/Products/Debug-iphonesimulator/PumpSync.app/Metadata.appintents --metadata-file-list /tmp/pumpsync-ui-audit-test-build/Build/Intermediates.noindex/PumpSync.build/Debug-iphonesimulator/PumpSync.build/PumpSync.DependencyMetadataFileList --source-file /tmp/pumpsync-ui-audit-test-build/Build/Products/Debug-iphonesimulator/PumpSync.app/Info.plist --archive-ssu-assets
2026-10-01 11:28:44.713 appintentsnltrainingprocessor[74755:2938992] Parsing options for appintentsnltrainingprocessor
2026-10-01 11:28:44.713 appintentsnltrainingprocessor[74755:2938992] Starting AppIntents SSU YAML Generation
2026-10-01 11:28:44.727 appintentsnltrainingprocessor[74755:2938992] Training 'Open ${+applicationName}|Launch ${+applicationName}' for en
2026-10-01 11:28:44.727 appintentsnltrainingprocessor[74755:2938992] Training Negative Phrases '' for en
2026-10-01 11:28:44.727 appintentsnltrainingprocessor[74755:2938992] Application name 'PumpSync' for en
2026-10-01 11:28:44.737 appintentsnltrainingprocessor[74755:2938992] Generated AppIntents SSU YAML files in file:///tmp/pumpsync-ui-audit-test-build/Build/Intermediates.noindex/PumpSync.build/Debug-iphonesimulator/PumpSync.build/ssu/
2026-10-01 11:28:44.737 appintentsnltrainingprocessor[74755:2938992] Copied AppIntents SSU YAML files to file:///tmp/pumpsync-ui-audit-test-build/Build/Products/Debug-iphonesimulator/PumpSync.app/Metadata.appintents/
Archiving all locales.

[------------------------------------------------------------] 0% archiving en
[🁢🁢🁢🁢🁢🁢🁢🁢🁢🁢🁢🁢🁢🁢🁢🁢🁢🁢🁢🁢🁢🁢🁢🁢🁢🁢🁢🁢🁢🁢🁢🁢🁢🁢🁢🁢🁢🁢🁢🁢🁢🁢🁢🁢🁢🁢🁢🁢🁢🁢🁢🁢🁢🁢🁢🁢🁢🁢🁢🁢] 100% archived en
[🁢🁢🁢🁢🁢🁢🁢🁢🁢🁢🁢🁢🁢🁢🁢🁢🁢🁢🁢🁢🁢🁢🁢🁢🁢🁢🁢🁢🁢🁢🁢🁢🁢🁢🁢🁢🁢🁢🁢🁢🁢🁢🁢🁢🁢🁢🁢🁢🁢🁢🁢🁢🁢🁢🁢🁢🁢🁢🁢🁢] 100% archived 1 locales/tmp/pumpsync-ui-audit-test-build/Build/Products/Debug-iphonesimulator/PumpSync.app/Metadata.appintents/nlu
/tmp/pumpsync-ui-audit-test-build/Build/Products/Debug-iphonesimulator/PumpSync.app/Metadata.appintents/nlu/cde7cf03b9f3b4b898e5f1b96abcfc3b.version


ProcessInfoPlistFile /tmp/pumpsync-ui-audit-test-build/Build/Products/Debug-iphonesimulator/PumpSync.app/PlugIns/PumpSyncTests.xctest/Info.plist /tmp/pumpsync-ui-audit-test-build/Build/Intermediates.noindex/PumpSync.build/Debug-iphonesimulator/PumpSyncTests.build/empty-PumpSyncTests.plist (in target 'PumpSyncTests' from project 'PumpSync')
    cd /tmp/pumpsync-ui-audit-harness
    builtin-infoPlistUtility /tmp/pumpsync-ui-audit-test-build/Build/Intermediates.noindex/PumpSync.build/Debug-iphonesimulator/PumpSyncTests.build/empty-PumpSyncTests.plist -producttype com.apple.product-type.bundle.unit-test -expandbuildsettings -format binary -platform iphonesimulator -o /tmp/pumpsync-ui-audit-test-build/Build/Products/Debug-iphonesimulator/PumpSync.app/PlugIns/PumpSyncTests.xctest/Info.plist

SwiftDriverJobDiscovery normal arm64 Compiling SyncCoordinatorTests.swift, SyncViewTests.swift (in target 'PumpSyncTests' from project 'PumpSync')

SwiftDriverJobDiscovery normal arm64 Compiling BackgroundSyncDiagnosticsTests.swift, DeviceSessionProofProviderTests.swift (in target 'PumpSyncTests' from project 'PumpSync')

SwiftDriverJobDiscovery normal arm64 Compiling AuthServiceTests.swift, BackendSessionStoreTests.swift, BackgroundExecutionDeadlineTests.swift (in target 'PumpSyncTests' from project 'PumpSync')

SwiftDriver\ Compilation PumpSyncTests normal arm64 com.apple.xcode.tools.swift.compiler (in target 'PumpSyncTests' from project 'PumpSync')
    cd /tmp/pumpsync-ui-audit-harness
    builtin-Swift-Compilation -- /Applications/Development/Xcode.app/Contents/Developer/Toolchains/XcodeDefault.xctoolchain/usr/bin/swiftc -module-name PumpSyncTests -Onone @/tmp/pumpsync-ui-audit-test-build/Build/Intermediates.noindex/PumpSync.build/Debug-iphonesimulator/PumpSyncTests.build/Objects-normal/arm64/PumpSyncTests.SwiftFileList -DDEBUG -plugin-path /Applications/Development/Xcode.app/Contents/Developer/Toolchains/XcodeDefault.xctoolchain/usr/lib/swift/host/plugins/testing -enable-experimental-feature DebugDescriptionMacro -sdk /Applications/Development/Xcode.app/Contents/Developer/Platforms/iPhoneSimulator.platform/Developer/SDKs/iPhoneSimulator27.0.sdk -target arm64-apple-ios26.0-simulator -g -module-cache-path /tmp/pumpsync-ui-audit-test-build/ModuleCache.noindex -Xfrontend -serialize-debugging-options -enable-testing -warnings-as-errors -Xcc -D_LIBCPP_HARDENING_MODE\=_LIBCPP_HARDENING_MODE_DEBUG -swift-version 6 -I /tmp/pumpsync-ui-audit-test-build/Build/Products/Debug-iphonesimulator -Isystem /Applications/Development/Xcode.app/Contents/Developer/Platforms/iPhoneSimulator.platform/Developer/usr/lib -F /tmp/pumpsync-ui-audit-test-build/Build/Products/Debug-iphonesimulator -F /Applications/Development/Xcode.app/Contents/Developer/Platforms/iPhoneSimulator.platform/Developer/Library/Frameworks -F /Applications/Development/Xcode.app/Contents/Developer/Platforms/iPhoneSimulator.platform/Developer/SDKs/iPhoneSimulator27.0.sdk/Developer/Library/Frameworks -c -j10 -enable-batch-mode -incremental -Xcc -ivfsstatcache -Xcc /tmp/pumpsync-ui-audit-test-build/SDKStatCaches.noindex/iphonesimulator27.0-24A430-8b98ade55cdca77b755c004ede0894fd.sdkstatcache -output-file-map /tmp/pumpsync-ui-audit-test-build/Build/Intermediates.noindex/PumpSync.build/Debug-iphonesimulator/PumpSyncTests.build/Objects-normal/arm64/PumpSyncTests-OutputFileMap.json -save-temps -no-color-diagnostics -explicit-module-build -module-cache-path /tmp/pumpsync-ui-audit-test-build/Build/Intermediates.noindex/SwiftExplicitPrecompiledModules -clang-scanner-module-cache-path /tmp/pumpsync-ui-audit-test-build/ModuleCache.noindex -sdk-module-cache-path /tmp/pumpsync-ui-audit-test-build/SDKExplicitPrecompiledModules -emit-dependencies -emit-module -emit-module-path /tmp/pumpsync-ui-audit-test-build/Build/Intermediates.noindex/PumpSync.build/Debug-iphonesimulator/PumpSyncTests.build/Objects-normal/arm64/PumpSyncTests.swiftmodule -serialize-diagnostics -dependency-scan-serialize-diagnostics-path /tmp/pumpsync-ui-audit-test-build/Build/Intermediates.noindex/PumpSync.build/Debug-iphonesimulator/PumpSyncTests.build/Objects-normal/arm64/PumpSyncTests-dependency-scan.dia -validate-clang-modules-once -clang-build-session-file /tmp/pumpsync-ui-audit-test-build/ModuleCache.noindex/Session.modulevalidation -Xcc -fmodules-prune-interval\=86400 -Xcc -fmodules-prune-after\=345600 -emit-const-values -const-gather-protocols-list /tmp/pumpsync-ui-audit-test-build/Build/Intermediates.noindex/PumpSync.build/Debug-iphonesimulator/PumpSyncTests.build/Objects-normal/arm64/PumpSyncTests_const_extract_protocols.json -Xcc -iquote -Xcc /tmp/pumpsync-ui-audit-test-build/Build/Intermediates.noindex/PumpSync.build/Debug-iphonesimulator/PumpSyncTests.build/PumpSyncTests-generated-files.hmap -Xcc -I/tmp/pumpsync-ui-audit-test-build/Build/Intermediates.noindex/PumpSync.build/Debug-iphonesimulator/PumpSyncTests.build/PumpSyncTests-own-target-headers.hmap -Xcc -I/tmp/pumpsync-ui-audit-test-build/Build/Intermediates.noindex/PumpSync.build/Debug-iphonesimulator/PumpSyncTests.build/PumpSyncTests-all-target-headers.hmap -Xcc -iquote -Xcc /tmp/pumpsync-ui-audit-test-build/Build/Intermediates.noindex/PumpSync.build/Debug-iphonesimulator/PumpSyncTests.build/PumpSyncTests-project-headers.hmap -Xcc -I/tmp/pumpsync-ui-audit-test-build/Build/Products/Debug-iphonesimulator/include -Xcc -I/tmp/pumpsync-ui-audit-test-build/Build/Intermediates.noindex/PumpSync.build/Debug-iphonesimulator/PumpSyncTests.build/DerivedSources-normal/arm64 -Xcc -I/tmp/pumpsync-ui-audit-test-build/Build/Intermediates.noindex/PumpSync.build/Debug-iphonesimulator/PumpSyncTests.build/DerivedSources/arm64 -Xcc -I/tmp/pumpsync-ui-audit-test-build/Build/Intermediates.noindex/PumpSync.build/Debug-iphonesimulator/PumpSyncTests.build/DerivedSources -Xcc -DDEBUG\=1 -emit-objc-header -emit-objc-header-path /tmp/pumpsync-ui-audit-test-build/Build/Intermediates.noindex/PumpSync.build/Debug-iphonesimulator/PumpSyncTests.build/Objects-normal/arm64/PumpSyncTests-Swift.h -working-directory /tmp/pumpsync-ui-audit-harness -experimental-emit-module-separately -disable-cmo

Ld /tmp/pumpsync-ui-audit-test-build/Build/Products/Debug-iphonesimulator/PumpSync.app/PlugIns/PumpSyncTests.xctest/PumpSyncTests normal (in target 'PumpSyncTests' from project 'PumpSync')
    cd /tmp/pumpsync-ui-audit-harness
    /Applications/Development/Xcode.app/Contents/Developer/Toolchains/XcodeDefault.xctoolchain/usr/bin/clang -Xlinker -reproducible -target arm64-apple-ios26.0-simulator -bundle -isysroot /Applications/Development/Xcode.app/Contents/Developer/Platforms/iPhoneSimulator.platform/Developer/SDKs/iPhoneSimulator27.0.sdk -O0 -Xlinker -no_warn_duplicate_libraries -L/tmp/pumpsync-ui-audit-test-build/Build/Intermediates.noindex/EagerLinkingTBDs/Debug-iphonesimulator -L/tmp/pumpsync-ui-audit-test-build/Build/Products/Debug-iphonesimulator -L/Applications/Development/Xcode.app/Contents/Developer/Platforms/iPhoneSimulator.platform/Developer/usr/lib -F/tmp/pumpsync-ui-audit-test-build/Build/Intermediates.noindex/EagerLinkingTBDs/Debug-iphonesimulator -F/tmp/pumpsync-ui-audit-test-build/Build/Products/Debug-iphonesimulator -iframework /Applications/Development/Xcode.app/Contents/Developer/Platforms/iPhoneSimulator.platform/Developer/Library/Frameworks -iframework /Applications/Development/Xcode.app/Contents/Developer/Platforms/iPhoneSimulator.platform/Developer/SDKs/iPhoneSimulator27.0.sdk/Developer/Library/Frameworks -filelist /tmp/pumpsync-ui-audit-test-build/Build/Intermediates.noindex/PumpSync.build/Debug-iphonesimulator/PumpSyncTests.build/Objects-normal/arm64/PumpSyncTests.LinkFileList -Xlinker -rpath -Xlinker @loader_path/Frameworks -Xlinker -rpath -Xlinker @executable_path/Frameworks -Xlinker -dead_strip -bundle_loader /tmp/pumpsync-ui-audit-test-build/Build/Products/Debug-iphonesimulator/PumpSync.app/PumpSync -Xlinker -object_path_lto -Xlinker /tmp/pumpsync-ui-audit-test-build/Build/Intermediates.noindex/PumpSync.build/Debug-iphonesimulator/PumpSyncTests.build/Objects-normal/arm64/PumpSyncTests_lto.o -rdynamic -Xlinker -no_deduplicate -Xlinker -objc_abi_version -Xlinker 2 -Xlinker -dependency_info -Xlinker /tmp/pumpsync-ui-audit-test-build/Build/Intermediates.noindex/PumpSync.build/Debug-iphonesimulator/PumpSyncTests.build/Objects-normal/arm64/PumpSyncTests_dependency_info.dat -fobjc-link-runtime -L/Applications/Development/Xcode.app/Contents/Developer/Toolchains/XcodeDefault.xctoolchain/usr/lib/swift/iphonesimulator -L/usr/lib/swift -Xlinker -add_ast_path -Xlinker /tmp/pumpsync-ui-audit-test-build/Build/Intermediates.noindex/PumpSync.build/Debug-iphonesimulator/PumpSyncTests.build/Objects-normal/arm64/PumpSyncTests.swiftmodule -Xlinker -needed_framework -Xlinker XCTest -framework XCTest -Xlinker -needed-lXCTestSwiftSupport -lXCTestSwiftSupport /tmp/pumpsync-ui-audit-test-build/Build/Products/Debug-iphonesimulator/PumpSync.app/PumpSync.debug.dylib -Xlinker -no_adhoc_codesign -o /tmp/pumpsync-ui-audit-test-build/Build/Products/Debug-iphonesimulator/PumpSync.app/PlugIns/PumpSyncTests.xctest/PumpSyncTests

CopySwiftLibs /tmp/pumpsync-ui-audit-test-build/Build/Products/Debug-iphonesimulator/PumpSync.app/PlugIns/PumpSyncTests.xctest (in target 'PumpSyncTests' from project 'PumpSync')
    cd /tmp/pumpsync-ui-audit-harness
    builtin-swiftStdLibTool --copy --verbose --sign - --scan-executable /tmp/pumpsync-ui-audit-test-build/Build/Products/Debug-iphonesimulator/PumpSync.app/PlugIns/PumpSyncTests.xctest/PumpSyncTests --scan-folder /tmp/pumpsync-ui-audit-test-build/Build/Products/Debug-iphonesimulator/PumpSync.app/PlugIns/PumpSyncTests.xctest/Frameworks --scan-folder /tmp/pumpsync-ui-audit-test-build/Build/Products/Debug-iphonesimulator/PumpSync.app/PlugIns/PumpSyncTests.xctest/PlugIns --scan-folder /tmp/pumpsync-ui-audit-test-build/Build/Products/Debug-iphonesimulator/PumpSync.app/PlugIns/PumpSyncTests.xctest/SystemExtensions --scan-folder /tmp/pumpsync-ui-audit-test-build/Build/Products/Debug-iphonesimulator/PumpSync.app/PlugIns/PumpSyncTests.xctest/Extensions --platform iphonesimulator --toolchain /Applications/Development/Xcode.app/Contents/Developer/Toolchains/XcodeDefault.xctoolchain --destination /tmp/pumpsync-ui-audit-test-build/Build/Products/Debug-iphonesimulator/PumpSync.app/PlugIns/PumpSyncTests.xctest/Frameworks --strip-bitcode --scan-executable /Applications/Development/Xcode.app/Contents/Developer/Platforms/iPhoneSimulator.platform/Developer/usr/lib/libXCTestSwiftSupport.dylib --strip-bitcode-tool /Applications/Development/Xcode.app/Contents/Developer/Toolchains/XcodeDefault.xctoolchain/usr/bin/bitcode_strip --emit-dependency-info /tmp/pumpsync-ui-audit-test-build/Build/Intermediates.noindex/PumpSync.build/Debug-iphonesimulator/PumpSyncTests.build/SwiftStdLibToolInputDependencies.dep --filter-for-swift-os

ExtractAppIntentsMetadata (in target 'PumpSyncTests' from project 'PumpSync')
    cd /tmp/pumpsync-ui-audit-harness
    /Applications/Development/Xcode.app/Contents/Developer/Toolchains/XcodeDefault.xctoolchain/usr/bin/appintentsmetadataprocessor --toolchain-dir /Applications/Development/Xcode.app/Contents/Developer/Toolchains/XcodeDefault.xctoolchain --module-name PumpSyncTests --sdk-root /Applications/Development/Xcode.app/Contents/Developer/Platforms/iPhoneSimulator.platform/Developer/SDKs/iPhoneSimulator27.0.sdk --xcode-version 27A266a --platform-family iOS --deployment-target 26.0 --bundle-identifier dev.ericslutz.PumpSyncTests --output /tmp/pumpsync-ui-audit-test-build/Build/Products/Debug-iphonesimulator/PumpSync.app/PlugIns/PumpSyncTests.xctest --target-triple arm64-apple-ios26.0-simulator --binary-file /tmp/pumpsync-ui-audit-test-build/Build/Products/Debug-iphonesimulator/PumpSync.app/PlugIns/PumpSyncTests.xctest/PumpSyncTests --dependency-file /tmp/pumpsync-ui-audit-test-build/Build/Intermediates.noindex/PumpSync.build/Debug-iphonesimulator/PumpSyncTests.build/Objects-normal/arm64/PumpSyncTests_dependency_info.dat --stringsdata-file /tmp/pumpsync-ui-audit-test-build/Build/Intermediates.noindex/PumpSync.build/Debug-iphonesimulator/PumpSyncTests.build/Objects-normal/arm64/ExtractedAppShortcutsMetadata.stringsdata --source-file-list /tmp/pumpsync-ui-audit-test-build/Build/Intermediates.noindex/PumpSync.build/Debug-iphonesimulator/PumpSyncTests.build/Objects-normal/arm64/PumpSyncTests.SwiftFileList --metadata-file-list /tmp/pumpsync-ui-audit-test-build/Build/Intermediates.noindex/PumpSync.build/Debug-iphonesimulator/PumpSyncTests.build/PumpSyncTests.DependencyMetadataFileList --static-metadata-file-list /tmp/pumpsync-ui-audit-test-build/Build/Intermediates.noindex/PumpSync.build/Debug-iphonesimulator/PumpSyncTests.build/PumpSyncTests.DependencyStaticMetadataFileList --swift-const-vals-list /tmp/pumpsync-ui-audit-test-build/Build/Intermediates.noindex/PumpSync.build/Debug-iphonesimulator/PumpSyncTests.build/Objects-normal/arm64/PumpSyncTests.SwiftConstValuesFileList --compile-time-extraction --deployment-aware-processing --no-app-shortcuts-localization
2026-10-01 11:28:46.921 appintentsmetadataprocessor[74760:2939048] Starting appintentsmetadataprocessor export
2026-10-01 11:28:46.982 appintentsmetadataprocessor[74760:2939048] Extracted no relevant App Intents symbols, skipping writing output

GenerateDSYMFile /tmp/pumpsync-ui-audit-test-build/Build/Products/Debug-iphonesimulator/PumpSync.app/PlugIns/PumpSyncTests.xctest.dSYM /tmp/pumpsync-ui-audit-test-build/Build/Products/Debug-iphonesimulator/PumpSync.app/PlugIns/PumpSyncTests.xctest/PumpSyncTests (in target 'PumpSyncTests' from project 'PumpSync')
    cd /tmp/pumpsync-ui-audit-harness
    export PATH\=/Applications/Development/Xcode.app/Contents/SharedFrameworks/SwiftBuild.framework/Versions/A/PlugIns/SWBBuildService.bundle/Contents/PlugIns/SWBUniversalPlatformPlugin.bundle/Contents/Frameworks/SWBUniversalPlatform.framework/Resources:/Applications/Development/Xcode.app/Contents/Developer/Toolchains/XcodeDefault.xctoolchain/usr/bin:/Applications/Development/Xcode.app/Contents/Developer/Toolchains/XcodeDefault.xctoolchain/usr/local/bin:/Applications/Development/Xcode.app/Contents/Developer/Toolchains/XcodeDefault.xctoolchain/usr/libexec:/Applications/Development/Xcode.app/Contents/Developer/Platforms/iPhoneSimulator.platform/usr/bin:/Applications/Development/Xcode.app/Contents/Developer/Platforms/iPhoneSimulator.platform/usr/local/bin:/Applications/Development/Xcode.app/Contents/Developer/Platforms/iPhoneSimulator.platform/Developer/usr/bin:/Applications/Development/Xcode.app/Contents/Developer/Platforms/iPhoneSimulator.platform/Developer/usr/local/bin:/Applications/Development/Xcode.app/Contents/Developer/usr/bin:/Applications/Development/Xcode.app/Contents/Developer/usr/local/bin:/Users/ericslutz/.npm/_npx/99336612077b7094/node_modules/.bin:/Users/ericslutz/Developer/Code/Side\ Projects/PumpSync/node_modules/.bin:/Users/ericslutz/Developer/Code/Side\ Projects/node_modules/.bin:/Users/ericslutz/Developer/Code/node_modules/.bin:/Users/ericslutz/Developer/node_modules/.bin:/Users/ericslutz/node_modules/.bin:/Users/node_modules/.bin:/node_modules/.bin:/Users/ericslutz/.nvm/versions/node/v24.16.0/lib/node_modules/npm/node_modules/@npmcli/run-script/lib/node-gyp-bin:/Users/ericslutz/.codex/tmp/arg0/codex-arg00OUOXi:/Applications/ChatGPT.app/Contents/Resources/codex-cli/codex-path:/Users/ericslutz/.cache/codex-runtimes/codex-primary-runtime/dependencies/bin/override:/Users/ericslutz/.unity/bin:/Users/ericslutz/.nvm/versions/node/v24.16.0/bin:/opt/homebrew/opt/git/bin:/opt/homebrew/bin:/opt/homebrew/sbin:/usr/local/bin:/System/Cryptexes/App/usr/bin:/usr/bin:/bin:/usr/sbin:/sbin:/var/run/com.apple.security.cryptexd/codex.system/bootstrap/usr/local/bin:/var/run/com.apple.security.cryptexd/codex.system/bootstrap/usr/bin:/var/run/com.apple.security.cryptexd/codex.system/bootstrap/usr/appleinternal/bin:/pkg/env/global/bin:/Library/Apple/usr/bin:/usr/local/MacGPG2/bin:/Applications/Wireshark.app/Contents/MacOS:/Applications/VMware\ Fusion.app/Contents/Public:/usr/local/share/dotnet:/Library/Frameworks/Mono.framework/Versions/Current/Commands:/Users/ericslutz/.dotnet:/Users/ericslutz/.dotnet/tools:/opt/homebrew/opt/azure-cli/bin:/Users/ericslutz/.orbstack/bin:/Users/ericslutz/.cache/codex-runtimes/codex-primary-runtime/dependencies/bin/fallback:/Applications/ChatGPT.app/Contents/Resources:/Applications/ChatGPT.app/Contents/Resources/codex-cli/CodexCLI.app/Contents/MacOS
    /Applications/Development/Xcode.app/Contents/Developer/Toolchains/XcodeDefault.xctoolchain/usr/bin/dsymutil /tmp/pumpsync-ui-audit-test-build/Build/Products/Debug-iphonesimulator/PumpSync.app/PlugIns/PumpSyncTests.xctest/PumpSyncTests -o /tmp/pumpsync-ui-audit-test-build/Build/Products/Debug-iphonesimulator/PumpSync.app/PlugIns/PumpSyncTests.xctest.dSYM

AppIntentsSSUTraining (in target 'PumpSyncTests' from project 'PumpSync')
    cd /tmp/pumpsync-ui-audit-harness
    /Applications/Development/Xcode.app/Contents/Developer/Toolchains/XcodeDefault.xctoolchain/usr/bin/appintentsnltrainingprocessor --infoplist-path /tmp/pumpsync-ui-audit-test-build/Build/Products/Debug-iphonesimulator/PumpSync.app/PlugIns/PumpSyncTests.xctest/Info.plist --temp-dir-path /tmp/pumpsync-ui-audit-test-build/Build/Intermediates.noindex/PumpSync.build/Debug-iphonesimulator/PumpSyncTests.build/ssu --bundle-id dev.ericslutz.PumpSyncTests --product-path /tmp/pumpsync-ui-audit-test-build/Build/Products/Debug-iphonesimulator/PumpSync.app/PlugIns/PumpSyncTests.xctest --extracted-metadata-path /tmp/pumpsync-ui-audit-test-build/Build/Products/Debug-iphonesimulator/PumpSync.app/PlugIns/PumpSyncTests.xctest/Metadata.appintents --metadata-file-list /tmp/pumpsync-ui-audit-test-build/Build/Intermediates.noindex/PumpSync.build/Debug-iphonesimulator/PumpSyncTests.build/PumpSyncTests.DependencyMetadataFileList --source-file /tmp/pumpsync-ui-audit-test-build/Build/Products/Debug-iphonesimulator/PumpSync.app/PlugIns/PumpSyncTests.xctest/Info.plist --archive-ssu-assets
2026-10-01 11:28:47.020 appintentsnltrainingprocessor[74762:2939056] Parsing options for appintentsnltrainingprocessor
2026-10-01 11:28:47.021 appintentsnltrainingprocessor[74762:2939056] Starting AppIntents SSU YAML Generation
2026-10-01 11:28:47.021 appintentsnltrainingprocessor[74762:2939056] No AppShortcuts found - Skipping.

CodeSign /tmp/pumpsync-ui-audit-test-build/Build/Products/Debug-iphonesimulator/PumpSync.app/PlugIns/PumpSyncTests.xctest (in target 'PumpSyncTests' from project 'PumpSync')
    cd /tmp/pumpsync-ui-audit-harness

    Signing Identity:     "Sign to Run Locally"

    /usr/bin/codesign --force --sign - --timestamp\=none --generate-entitlement-der /tmp/pumpsync-ui-audit-test-build/Build/Products/Debug-iphonesimulator/PumpSync.app/PlugIns/PumpSyncTests.xctest

RegisterExecutionPolicyException /tmp/pumpsync-ui-audit-test-build/Build/Products/Debug-iphonesimulator/PumpSync.app/PlugIns/PumpSyncTests.xctest (in target 'PumpSyncTests' from project 'PumpSync')
    cd /tmp/pumpsync-ui-audit-harness
    builtin-RegisterExecutionPolicyException /tmp/pumpsync-ui-audit-test-build/Build/Products/Debug-iphonesimulator/PumpSync.app/PlugIns/PumpSyncTests.xctest

Touch /tmp/pumpsync-ui-audit-test-build/Build/Products/Debug-iphonesimulator/PumpSync.app/PlugIns/PumpSyncTests.xctest (in target 'PumpSyncTests' from project 'PumpSync')
    cd /tmp/pumpsync-ui-audit-harness
    /usr/bin/touch -c /tmp/pumpsync-ui-audit-test-build/Build/Products/Debug-iphonesimulator/PumpSync.app/PlugIns/PumpSyncTests.xctest

CodeSign /tmp/pumpsync-ui-audit-test-build/Build/Products/Debug-iphonesimulator/PumpSync.app/PumpSync.debug.dylib (in target 'PumpSync' from project 'PumpSync')
    cd /tmp/pumpsync-ui-audit-harness

    Signing Identity:     "Sign to Run Locally"

    /usr/bin/codesign --force --sign - --timestamp\=none --generate-entitlement-der /tmp/pumpsync-ui-audit-test-build/Build/Products/Debug-iphonesimulator/PumpSync.app/PumpSync.debug.dylib

CodeSign /tmp/pumpsync-ui-audit-test-build/Build/Products/Debug-iphonesimulator/PumpSync.app/__preview.dylib (in target 'PumpSync' from project 'PumpSync')
    cd /tmp/pumpsync-ui-audit-harness

    Signing Identity:     "Sign to Run Locally"

    /usr/bin/codesign --force --sign - --timestamp\=none --generate-entitlement-der /tmp/pumpsync-ui-audit-test-build/Build/Products/Debug-iphonesimulator/PumpSync.app/__preview.dylib

CodeSign /tmp/pumpsync-ui-audit-test-build/Build/Products/Debug-iphonesimulator/PumpSync.app (in target 'PumpSync' from project 'PumpSync')
    cd /tmp/pumpsync-ui-audit-harness

    Signing Identity:     "Sign to Run Locally"

    /usr/bin/codesign --force --sign - --entitlements /tmp/pumpsync-ui-audit-test-build/Build/Intermediates.noindex/PumpSync.build/Debug-iphonesimulator/PumpSync.build/PumpSync.app.xcent --timestamp\=none --generate-entitlement-der /tmp/pumpsync-ui-audit-test-build/Build/Products/Debug-iphonesimulator/PumpSync.app

RegisterExecutionPolicyException /tmp/pumpsync-ui-audit-test-build/Build/Products/Debug-iphonesimulator/PumpSync.app (in target 'PumpSync' from project 'PumpSync')
    cd /tmp/pumpsync-ui-audit-harness
    builtin-RegisterExecutionPolicyException /tmp/pumpsync-ui-audit-test-build/Build/Products/Debug-iphonesimulator/PumpSync.app

Validate /tmp/pumpsync-ui-audit-test-build/Build/Products/Debug-iphonesimulator/PumpSync.app (in target 'PumpSync' from project 'PumpSync')
    cd /tmp/pumpsync-ui-audit-harness
    builtin-validationUtility /tmp/pumpsync-ui-audit-test-build/Build/Products/Debug-iphonesimulator/PumpSync.app -shallow-bundle -infoplist-subpath Info.plist

Touch /tmp/pumpsync-ui-audit-test-build/Build/Products/Debug-iphonesimulator/PumpSync.app (in target 'PumpSync' from project 'PumpSync')
    cd /tmp/pumpsync-ui-audit-harness
    /usr/bin/touch -c /tmp/pumpsync-ui-audit-test-build/Build/Products/Debug-iphonesimulator/PumpSync.app

ProcessInfoPlistFile /tmp/pumpsync-ui-audit-test-build/Build/Products/Debug-iphonesimulator/PumpSyncUITests-Runner.app/PlugIns/PumpSyncUITests.xctest/Info.plist /tmp/pumpsync-ui-audit-test-build/Build/Intermediates.noindex/PumpSync.build/Debug-iphonesimulator/PumpSyncUITests.build/empty-PumpSyncUITests.plist (in target 'PumpSyncUITests' from project 'PumpSync')
    cd /tmp/pumpsync-ui-audit-harness
    builtin-infoPlistUtility /tmp/pumpsync-ui-audit-test-build/Build/Intermediates.noindex/PumpSync.build/Debug-iphonesimulator/PumpSyncUITests.build/empty-PumpSyncUITests.plist -producttype com.apple.product-type.bundle.ui-testing -expandbuildsettings -format binary -platform iphonesimulator -additionalcontentfile /tmp/pumpsync-ui-audit-test-build/Build/Intermediates.noindex/PumpSync.build/Debug-iphonesimulator/PumpSyncUITests.build/ProductTypeInfoPlistAdditions.plist -o /tmp/pumpsync-ui-audit-test-build/Build/Products/Debug-iphonesimulator/PumpSyncUITests-Runner.app/PlugIns/PumpSyncUITests.xctest/Info.plist

Ld /tmp/pumpsync-ui-audit-test-build/Build/Products/Debug-iphonesimulator/PumpSyncUITests-Runner.app/PlugIns/PumpSyncUITests.xctest/PumpSyncUITests normal (in target 'PumpSyncUITests' from project 'PumpSync')
    cd /tmp/pumpsync-ui-audit-harness
    /Applications/Development/Xcode.app/Contents/Developer/Toolchains/XcodeDefault.xctoolchain/usr/bin/clang -Xlinker -reproducible -target arm64-apple-ios26.0-simulator -bundle -isysroot /Applications/Development/Xcode.app/Contents/Developer/Platforms/iPhoneSimulator.platform/Developer/SDKs/iPhoneSimulator27.0.sdk -O0 -Xlinker -no_warn_duplicate_libraries -L/tmp/pumpsync-ui-audit-test-build/Build/Intermediates.noindex/EagerLinkingTBDs/Debug-iphonesimulator -L/tmp/pumpsync-ui-audit-test-build/Build/Products/Debug-iphonesimulator -L/Applications/Development/Xcode.app/Contents/Developer/Platforms/iPhoneSimulator.platform/Developer/usr/lib -F/tmp/pumpsync-ui-audit-test-build/Build/Intermediates.noindex/EagerLinkingTBDs/Debug-iphonesimulator -F/tmp/pumpsync-ui-audit-test-build/Build/Products/Debug-iphonesimulator -iframework /Applications/Development/Xcode.app/Contents/Developer/Platforms/iPhoneSimulator.platform/Developer/Library/Frameworks -iframework /Applications/Development/Xcode.app/Contents/Developer/Platforms/iPhoneSimulator.platform/Developer/SDKs/iPhoneSimulator27.0.sdk/Developer/Library/Frameworks -filelist /tmp/pumpsync-ui-audit-test-build/Build/Intermediates.noindex/PumpSync.build/Debug-iphonesimulator/PumpSyncUITests.build/Objects-normal/arm64/PumpSyncUITests.LinkFileList -Xlinker -rpath -Xlinker @loader_path/Frameworks -Xlinker -rpath -Xlinker @executable_path/Frameworks -Xlinker -dead_strip -Xlinker -object_path_lto -Xlinker /tmp/pumpsync-ui-audit-test-build/Build/Intermediates.noindex/PumpSync.build/Debug-iphonesimulator/PumpSyncUITests.build/Objects-normal/arm64/PumpSyncUITests_lto.o -rdynamic -Xlinker -no_deduplicate -Xlinker -objc_abi_version -Xlinker 2 -Xlinker -dependency_info -Xlinker /tmp/pumpsync-ui-audit-test-build/Build/Intermediates.noindex/PumpSync.build/Debug-iphonesimulator/PumpSyncUITests.build/Objects-normal/arm64/PumpSyncUITests_dependency_info.dat -fobjc-link-runtime -L/Applications/Development/Xcode.app/Contents/Developer/Toolchains/XcodeDefault.xctoolchain/usr/lib/swift/iphonesimulator -L/usr/lib/swift -Xlinker -add_ast_path -Xlinker /tmp/pumpsync-ui-audit-test-build/Build/Intermediates.noindex/PumpSync.build/Debug-iphonesimulator/PumpSyncUITests.build/Objects-normal/arm64/PumpSyncUITests.swiftmodule -Xlinker -needed_framework -Xlinker XCTest -framework XCTest -Xlinker -needed-lXCTestSwiftSupport -lXCTestSwiftSupport -Xlinker -sectcreate -Xlinker __TEXT -Xlinker __entitlements -Xlinker /tmp/pumpsync-ui-audit-test-build/Build/Intermediates.noindex/PumpSync.build/Debug-iphonesimulator/PumpSyncUITests.build/PumpSyncUITests.xctest-Simulated.xcent -Xlinker -sectcreate -Xlinker __TEXT -Xlinker __ents_der -Xlinker /tmp/pumpsync-ui-audit-test-build/Build/Intermediates.noindex/PumpSync.build/Debug-iphonesimulator/PumpSyncUITests.build/PumpSyncUITests.xctest-Simulated.xcent.der -framework AppIntents -Xlinker -no_adhoc_codesign -o /tmp/pumpsync-ui-audit-test-build/Build/Products/Debug-iphonesimulator/PumpSyncUITests-Runner.app/PlugIns/PumpSyncUITests.xctest/PumpSyncUITests

CopySwiftLibs /tmp/pumpsync-ui-audit-test-build/Build/Products/Debug-iphonesimulator/PumpSyncUITests-Runner.app/PlugIns/PumpSyncUITests.xctest (in target 'PumpSyncUITests' from project 'PumpSync')
    cd /tmp/pumpsync-ui-audit-harness
    builtin-swiftStdLibTool --copy --verbose --sign - --scan-executable /tmp/pumpsync-ui-audit-test-build/Build/Products/Debug-iphonesimulator/PumpSyncUITests-Runner.app/PlugIns/PumpSyncUITests.xctest/PumpSyncUITests --scan-folder /tmp/pumpsync-ui-audit-test-build/Build/Products/Debug-iphonesimulator/PumpSyncUITests-Runner.app/PlugIns/PumpSyncUITests.xctest/Frameworks --scan-folder /tmp/pumpsync-ui-audit-test-build/Build/Products/Debug-iphonesimulator/PumpSyncUITests-Runner.app/PlugIns/PumpSyncUITests.xctest/PlugIns --scan-folder /tmp/pumpsync-ui-audit-test-build/Build/Products/Debug-iphonesimulator/PumpSyncUITests-Runner.app/PlugIns/PumpSyncUITests.xctest/SystemExtensions --scan-folder /tmp/pumpsync-ui-audit-test-build/Build/Products/Debug-iphonesimulator/PumpSyncUITests-Runner.app/PlugIns/PumpSyncUITests.xctest/Extensions --scan-folder /Applications/Development/Xcode.app/Contents/Developer/Platforms/iPhoneSimulator.platform/Developer/SDKs/iPhoneSimulator27.0.sdk/System/Library/Frameworks/AppIntents.framework --platform iphonesimulator --toolchain /Applications/Development/Xcode.app/Contents/Developer/Toolchains/XcodeDefault.xctoolchain --destination /tmp/pumpsync-ui-audit-test-build/Build/Products/Debug-iphonesimulator/PumpSyncUITests-Runner.app/PlugIns/PumpSyncUITests.xctest/Frameworks --strip-bitcode --scan-executable /Applications/Development/Xcode.app/Contents/Developer/Platforms/iPhoneSimulator.platform/Developer/usr/lib/libXCTestSwiftSupport.dylib --strip-bitcode-tool /Applications/Development/Xcode.app/Contents/Developer/Toolchains/XcodeDefault.xctoolchain/usr/bin/bitcode_strip --emit-dependency-info /tmp/pumpsync-ui-audit-test-build/Build/Intermediates.noindex/PumpSync.build/Debug-iphonesimulator/PumpSyncUITests.build/SwiftStdLibToolInputDependencies.dep --filter-for-swift-os

ExtractAppIntentsMetadata (in target 'PumpSyncUITests' from project 'PumpSync')
    cd /tmp/pumpsync-ui-audit-harness
    /Applications/Development/Xcode.app/Contents/Developer/Toolchains/XcodeDefault.xctoolchain/usr/bin/appintentsmetadataprocessor --toolchain-dir /Applications/Development/Xcode.app/Contents/Developer/Toolchains/XcodeDefault.xctoolchain --module-name PumpSyncUITests --sdk-root /Applications/Development/Xcode.app/Contents/Developer/Platforms/iPhoneSimulator.platform/Developer/SDKs/iPhoneSimulator27.0.sdk --xcode-version 27A266a --platform-family iOS --deployment-target 26.0 --bundle-identifier dev.ericslutz.PumpSyncUITests --output /tmp/pumpsync-ui-audit-test-build/Build/Products/Debug-iphonesimulator/PumpSyncUITests-Runner.app/PlugIns/PumpSyncUITests.xctest --target-triple arm64-apple-ios26.0-simulator --binary-file /tmp/pumpsync-ui-audit-test-build/Build/Products/Debug-iphonesimulator/PumpSyncUITests-Runner.app/PlugIns/PumpSyncUITests.xctest/PumpSyncUITests --dependency-file /tmp/pumpsync-ui-audit-test-build/Build/Intermediates.noindex/PumpSync.build/Debug-iphonesimulator/PumpSyncUITests.build/Objects-normal/arm64/PumpSyncUITests_dependency_info.dat --stringsdata-file /tmp/pumpsync-ui-audit-test-build/Build/Intermediates.noindex/PumpSync.build/Debug-iphonesimulator/PumpSyncUITests.build/Objects-normal/arm64/ExtractedAppShortcutsMetadata.stringsdata --source-file-list /tmp/pumpsync-ui-audit-test-build/Build/Intermediates.noindex/PumpSync.build/Debug-iphonesimulator/PumpSyncUITests.build/Objects-normal/arm64/PumpSyncUITests.SwiftFileList --metadata-file-list /tmp/pumpsync-ui-audit-test-build/Build/Intermediates.noindex/PumpSync.build/Debug-iphonesimulator/PumpSyncUITests.build/PumpSyncUITests.DependencyMetadataFileList --static-metadata-file-list /tmp/pumpsync-ui-audit-test-build/Build/Intermediates.noindex/PumpSync.build/Debug-iphonesimulator/PumpSyncUITests.build/PumpSyncUITests.DependencyStaticMetadataFileList --swift-const-vals-list /tmp/pumpsync-ui-audit-test-build/Build/Intermediates.noindex/PumpSync.build/Debug-iphonesimulator/PumpSyncUITests.build/Objects-normal/arm64/PumpSyncUITests.SwiftConstValuesFileList --compile-time-extraction --deployment-aware-processing --no-app-shortcuts-localization
2026-10-01 11:28:47.441 appintentsmetadataprocessor[74771:2939106] Starting appintentsmetadataprocessor export
2026-10-01 11:28:47.499 appintentsmetadataprocessor[74771:2939106] Extracted no relevant App Intents symbols, skipping writing output

GenerateDSYMFile /tmp/pumpsync-ui-audit-test-build/Build/Products/Debug-iphonesimulator/PumpSyncUITests-Runner.app/PlugIns/PumpSyncUITests.xctest.dSYM /tmp/pumpsync-ui-audit-test-build/Build/Products/Debug-iphonesimulator/PumpSyncUITests-Runner.app/PlugIns/PumpSyncUITests.xctest/PumpSyncUITests (in target 'PumpSyncUITests' from project 'PumpSync')
    cd /tmp/pumpsync-ui-audit-harness
    export PATH\=/Applications/Development/Xcode.app/Contents/SharedFrameworks/SwiftBuild.framework/Versions/A/PlugIns/SWBBuildService.bundle/Contents/PlugIns/SWBUniversalPlatformPlugin.bundle/Contents/Frameworks/SWBUniversalPlatform.framework/Resources:/Applications/Development/Xcode.app/Contents/Developer/Toolchains/XcodeDefault.xctoolchain/usr/bin:/Applications/Development/Xcode.app/Contents/Developer/Toolchains/XcodeDefault.xctoolchain/usr/local/bin:/Applications/Development/Xcode.app/Contents/Developer/Toolchains/XcodeDefault.xctoolchain/usr/libexec:/Applications/Development/Xcode.app/Contents/Developer/Platforms/iPhoneSimulator.platform/usr/bin:/Applications/Development/Xcode.app/Contents/Developer/Platforms/iPhoneSimulator.platform/usr/local/bin:/Applications/Development/Xcode.app/Contents/Developer/Platforms/iPhoneSimulator.platform/Developer/usr/bin:/Applications/Development/Xcode.app/Contents/Developer/Platforms/iPhoneSimulator.platform/Developer/usr/local/bin:/Applications/Development/Xcode.app/Contents/Developer/usr/bin:/Applications/Development/Xcode.app/Contents/Developer/usr/local/bin:/Users/ericslutz/.npm/_npx/99336612077b7094/node_modules/.bin:/Users/ericslutz/Developer/Code/Side\ Projects/PumpSync/node_modules/.bin:/Users/ericslutz/Developer/Code/Side\ Projects/node_modules/.bin:/Users/ericslutz/Developer/Code/node_modules/.bin:/Users/ericslutz/Developer/node_modules/.bin:/Users/ericslutz/node_modules/.bin:/Users/node_modules/.bin:/node_modules/.bin:/Users/ericslutz/.nvm/versions/node/v24.16.0/lib/node_modules/npm/node_modules/@npmcli/run-script/lib/node-gyp-bin:/Users/ericslutz/.codex/tmp/arg0/codex-arg00OUOXi:/Applications/ChatGPT.app/Contents/Resources/codex-cli/codex-path:/Users/ericslutz/.cache/codex-runtimes/codex-primary-runtime/dependencies/bin/override:/Users/ericslutz/.unity/bin:/Users/ericslutz/.nvm/versions/node/v24.16.0/bin:/opt/homebrew/opt/git/bin:/opt/homebrew/bin:/opt/homebrew/sbin:/usr/local/bin:/System/Cryptexes/App/usr/bin:/usr/bin:/bin:/usr/sbin:/sbin:/var/run/com.apple.security.cryptexd/codex.system/bootstrap/usr/local/bin:/var/run/com.apple.security.cryptexd/codex.system/bootstrap/usr/bin:/var/run/com.apple.security.cryptexd/codex.system/bootstrap/usr/appleinternal/bin:/pkg/env/global/bin:/Library/Apple/usr/bin:/usr/local/MacGPG2/bin:/Applications/Wireshark.app/Contents/MacOS:/Applications/VMware\ Fusion.app/Contents/Public:/usr/local/share/dotnet:/Library/Frameworks/Mono.framework/Versions/Current/Commands:/Users/ericslutz/.dotnet:/Users/ericslutz/.dotnet/tools:/opt/homebrew/opt/azure-cli/bin:/Users/ericslutz/.orbstack/bin:/Users/ericslutz/.cache/codex-runtimes/codex-primary-runtime/dependencies/bin/fallback:/Applications/ChatGPT.app/Contents/Resources:/Applications/ChatGPT.app/Contents/Resources/codex-cli/CodexCLI.app/Contents/MacOS
    /Applications/Development/Xcode.app/Contents/Developer/Toolchains/XcodeDefault.xctoolchain/usr/bin/dsymutil /tmp/pumpsync-ui-audit-test-build/Build/Products/Debug-iphonesimulator/PumpSyncUITests-Runner.app/PlugIns/PumpSyncUITests.xctest/PumpSyncUITests -o /tmp/pumpsync-ui-audit-test-build/Build/Products/Debug-iphonesimulator/PumpSyncUITests-Runner.app/PlugIns/PumpSyncUITests.xctest.dSYM

AppIntentsSSUTraining (in target 'PumpSyncUITests' from project 'PumpSync')
    cd /tmp/pumpsync-ui-audit-harness
    /Applications/Development/Xcode.app/Contents/Developer/Toolchains/XcodeDefault.xctoolchain/usr/bin/appintentsnltrainingprocessor --infoplist-path /tmp/pumpsync-ui-audit-test-build/Build/Products/Debug-iphonesimulator/PumpSyncUITests-Runner.app/PlugIns/PumpSyncUITests.xctest/Info.plist --temp-dir-path /tmp/pumpsync-ui-audit-test-build/Build/Intermediates.noindex/PumpSync.build/Debug-iphonesimulator/PumpSyncUITests.build/ssu --bundle-id dev.ericslutz.PumpSyncUITests --product-path /tmp/pumpsync-ui-audit-test-build/Build/Products/Debug-iphonesimulator/PumpSyncUITests-Runner.app/PlugIns/PumpSyncUITests.xctest --extracted-metadata-path /tmp/pumpsync-ui-audit-test-build/Build/Products/Debug-iphonesimulator/PumpSyncUITests-Runner.app/PlugIns/PumpSyncUITests.xctest/Metadata.appintents --metadata-file-list /tmp/pumpsync-ui-audit-test-build/Build/Intermediates.noindex/PumpSync.build/Debug-iphonesimulator/PumpSyncUITests.build/PumpSyncUITests.DependencyMetadataFileList --source-file /tmp/pumpsync-ui-audit-test-build/Build/Products/Debug-iphonesimulator/PumpSyncUITests-Runner.app/PlugIns/PumpSyncUITests.xctest/Info.plist --archive-ssu-assets
2026-10-01 11:28:47.542 appintentsnltrainingprocessor[74773:2939114] Parsing options for appintentsnltrainingprocessor
2026-10-01 11:28:47.543 appintentsnltrainingprocessor[74773:2939114] Starting AppIntents SSU YAML Generation
2026-10-01 11:28:47.543 appintentsnltrainingprocessor[74773:2939114] No AppShortcuts found - Skipping.

MkDir /tmp/pumpsync-ui-audit-test-build/Build/Products/Debug-iphonesimulator/PumpSyncUITests-Runner.app (in target 'PumpSyncUITests' from project 'PumpSync')
    cd /tmp/pumpsync-ui-audit-harness
    /bin/mkdir -p /tmp/pumpsync-ui-audit-test-build/Build/Products/Debug-iphonesimulator/PumpSyncUITests-Runner.app

CopyAndPreserveArchs /tmp/pumpsync-ui-audit-test-build/Build/Products/Debug-iphonesimulator/PumpSyncUITests-Runner.app/PumpSyncUITests-Runner (in target 'PumpSyncUITests' from project 'PumpSync')
    cd /tmp/pumpsync-ui-audit-harness
    /Applications/Development/Xcode.app/Contents/Developer/Toolchains/XcodeDefault.xctoolchain/usr/bin/lipo /Applications/Development/Xcode.app/Contents/Developer/Platforms/iPhoneSimulator.platform/Developer/Library/Xcode/Agents/XCTRunner.app/XCTRunner -output /tmp/pumpsync-ui-audit-test-build/Build/Products/Debug-iphonesimulator/PumpSyncUITests-Runner.app/PumpSyncUITests-Runner -extract arm64

Copy /tmp/pumpsync-ui-audit-test-build/Build/Products/Debug-iphonesimulator/PumpSyncUITests-Runner.app/PkgInfo /Applications/Development/Xcode.app/Contents/Developer/Platforms/iPhoneSimulator.platform/Developer/Library/Xcode/Agents/XCTRunner.app/PkgInfo (in target 'PumpSyncUITests' from project 'PumpSync')
    cd /tmp/pumpsync-ui-audit-harness
    builtin-copy -exclude .DS_Store -exclude CVS -exclude .svn -exclude .git -exclude .hg -resolve-src-symlinks /Applications/Development/Xcode.app/Contents/Developer/Platforms/iPhoneSimulator.platform/Developer/Library/Xcode/Agents/XCTRunner.app/PkgInfo /tmp/pumpsync-ui-audit-test-build/Build/Products/Debug-iphonesimulator/PumpSyncUITests-Runner.app

CopyPlistFile /tmp/pumpsync-ui-audit-test-build/Build/Products/Debug-iphonesimulator/PumpSyncUITests-Runner.app/Info.plist /Applications/Development/Xcode.app/Contents/Developer/Platforms/iPhoneSimulator.platform/Developer/Library/Xcode/Agents/XCTRunner.app/Info.plist (in target 'PumpSyncUITests' from project 'PumpSync')
    cd /tmp/pumpsync-ui-audit-harness
    builtin-copyPlist --validate --convert xml1 --macro-expansion WRAPPEDPRODUCTNAME PumpSyncUITests-Runner --macro-expansion WRAPPEDPRODUCTBUNDLEIDENTIFIER dev.ericslutz.PumpSyncUITests.xctrunner --macro-expansion TESTPRODUCTNAME PumpSyncUITests --macro-expansion TESTPRODUCTBUNDLEIDENTIFIER dev.ericslutz.PumpSyncUITests --copy-value UIDeviceFamily /tmp/pumpsync-ui-audit-test-build/Build/Products/Debug-iphonesimulator/PumpSyncUITests-Runner.app/PlugIns/PumpSyncUITests.xctest/Info.plist --outdir /tmp/pumpsync-ui-audit-test-build/Build/Products/Debug-iphonesimulator/PumpSyncUITests-Runner.app -- /Applications/Development/Xcode.app/Contents/Developer/Platforms/iPhoneSimulator.platform/Developer/Library/Xcode/Agents/XCTRunner.app/Info.plist

CodeSign /tmp/pumpsync-ui-audit-test-build/Build/Products/Debug-iphonesimulator/PumpSyncUITests-Runner.app/PlugIns/PumpSyncUITests.xctest (in target 'PumpSyncUITests' from project 'PumpSync')
    cd /tmp/pumpsync-ui-audit-harness

    Signing Identity:     "Sign to Run Locally"

    /usr/bin/codesign --force --sign - --timestamp\=none --generate-entitlement-der /tmp/pumpsync-ui-audit-test-build/Build/Products/Debug-iphonesimulator/PumpSyncUITests-Runner.app/PlugIns/PumpSyncUITests.xctest

CodeSign /tmp/pumpsync-ui-audit-test-build/Build/Products/Debug-iphonesimulator/PumpSyncUITests-Runner.app (in target 'PumpSyncUITests' from project 'PumpSync')
    cd /tmp/pumpsync-ui-audit-harness

    Signing Identity:     "Sign to Run Locally"

    /usr/bin/codesign --force --sign - --timestamp\=none --generate-entitlement-der /tmp/pumpsync-ui-audit-test-build/Build/Products/Debug-iphonesimulator/PumpSyncUITests-Runner.app
/tmp/pumpsync-ui-audit-test-build/Build/Products/Debug-iphonesimulator/PumpSyncUITests-Runner.app: replacing existing signature

RegisterExecutionPolicyException /tmp/pumpsync-ui-audit-test-build/Build/Products/Debug-iphonesimulator/PumpSyncUITests-Runner.app/PlugIns/PumpSyncUITests.xctest (in target 'PumpSyncUITests' from project 'PumpSync')
    cd /tmp/pumpsync-ui-audit-harness
    builtin-RegisterExecutionPolicyException /tmp/pumpsync-ui-audit-test-build/Build/Products/Debug-iphonesimulator/PumpSyncUITests-Runner.app/PlugIns/PumpSyncUITests.xctest

Touch /tmp/pumpsync-ui-audit-test-build/Build/Products/Debug-iphonesimulator/PumpSyncUITests-Runner.app/PlugIns/PumpSyncUITests.xctest (in target 'PumpSyncUITests' from project 'PumpSync')
    cd /tmp/pumpsync-ui-audit-harness
    /usr/bin/touch -c /tmp/pumpsync-ui-audit-test-build/Build/Products/Debug-iphonesimulator/PumpSyncUITests-Runner.app/PlugIns/PumpSyncUITests.xctest

PruneExplicitPrecompiledModules /tmp/pumpsync-ui-audit-test-build/SDKExplicitPrecompiledModules

PruneExplicitPrecompiledModules /tmp/pumpsync-ui-audit-test-build/Build/Intermediates.noindex/SwiftExplicitPrecompiledModules

PruneExplicitPrecompiledModules /tmp/pumpsync-ui-audit-test-build/Build/Intermediates.noindex/ExplicitPrecompiledModules

** TEST BUILD SUCCEEDED **

Command line invocation:
    /Applications/Development/Xcode.app/Contents/Developer/usr/bin/xcodebuild -testProductsPath /Users/ericslutz/Library/Developer/XcodeBuildMCP/workspaces/PumpSync-84f5feba2ee4/test-products/test_sim_2026-10-01T15-28-31-147Z_pid68598_eeac7ad3.xctestproducts -destination "platform=iOS Simulator,id=7C172CFA-650B-4566-BC58-65DD79E00540" -collect-test-diagnostics never -parallel-testing-enabled NO "-only-testing:PumpSyncUITests/PumpSyncAuditTests" -resultBundlePath /private/tmp/pumpsync-ui-audit.xcresult test-without-building

Writing result bundle at path:
	/private/tmp/pumpsync-ui-audit.xcresult

2026-10-01 11:28:52.331532-0400 PumpSyncUITests-Runner[74782:2939420] [Default] Running tests...
    t =      nans Interface orientation changed to Portrait
Test Suite 'Selected tests' started at 2026-10-01 11:28:52.740.
Test Suite 'PumpSyncUITests.xctest' started at 2026-10-01 11:28:52.741.
Test Suite 'PumpSyncAuditTests' started at 2026-10-01 11:28:52.741.
Test Case '-[PumpSyncUITests.PumpSyncAuditTests testAccessibilityLargeFlows]' started.
    t =     0.00s Start Test at 2026-10-01 11:28:52.742
    t =     0.36s Set Up
    t =     0.37s Open dev.ericslutz.PumpSync
    t =     0.37s     Launch dev.ericslutz.PumpSync
2026-10-01 11:28:53.414 xcodebuild[74778:2939132] [MT] IDELaunchParametersSnapshot: debugger version lookup failed for path '<nil>': noURL
2026-10-01 11:28:53.414 xcodebuild[74778:2939132] [MT] IDELaunchParametersSnapshot: no debugger version
objc[74782]: Class UIAccessibilityLoaderWebShared is implemented in both /Library/Developer/CoreSimulator/Volumes/iOS_23F77/Library/Developer/CoreSimulator/Profiles/Runtimes/iOS 26.5.simruntime/Contents/Resources/RuntimeRoot/System/Library/AccessibilityBundles/WebCore.axbundle/WebCore (0x1060b4310) and /Library/Developer/CoreSimulator/Volumes/iOS_23F77/Library/Developer/CoreSimulator/Profiles/Runtimes/iOS 26.5.simruntime/Contents/Resources/RuntimeRoot/System/Library/AccessibilityBundles/WebKit.axbundle/WebKit (0x106150398). This may cause spurious casting failures and mysterious crashes. One of the duplicates must be removed or renamed.
    t =     1.90s         Setting up automation session
    t =     3.20s         Wait for dev.ericslutz.PumpSync to idle
    t =     5.34s Waiting 3.0s for "Cancel" Button to exist
    t =     6.39s     Checking `Expect predicate `existsNoRetry == 1` for object "Cancel" Button`
    t =     6.40s         Checking existence of `"Cancel" Button`
    t =     6.62s Tap "Cancel" Button
    t =     6.62s     Wait for com.apple.springboard to idle
    t =     6.63s     Find the "Cancel" Button
    t =     6.67s     Check for interrupting elements affecting "Cancel" Button
    t =     6.75s     Synthesize event
    t =     7.14s     Wait for com.apple.springboard to idle
    t =     7.42s Checking existence of `"Don’t Allow" Button`
    t =     7.54s Waiting 10.0s for "Settings" Button to exist
    t =     8.57s     Checking `Expect predicate `existsNoRetry == 1` for object "Settings" Button`
    t =     8.57s         Checking existence of `"Settings" Button`
    t =     8.60s Find the Target Application 'dev.ericslutz.PumpSync'
    t =     8.74s Added attachment named 'large-01-sync.png'
    t =     8.74s Requesting snapshot of accessibility hierarchy for app with pid 74792
    t =     8.91s Requesting snapshot of accessibility hierarchy for app with pid 74792
    t =     8.95s Added attachment named 'large-01-sync-tree.txt'
    t =    11.04s Find the Any (Descendant with identity binding to AX element pid: 74792, elementOrHash.elementID: 4404173824.63)
    t =    11.07s Requesting snapshot of accessibility hierarchy for app with pid 74792
    t =    11.11s Find: Descendant with identity binding to AX element pid: 74792, elementOrHash.elementID: 4404173824.63
    t =    11.19s Requesting snapshot of accessibility hierarchy for app with pid 74792
    t =    11.23s Find: Descendant with identity binding to AX element pid: 74792, elementOrHash.elementID: 4404173824.63
    t =    11.23s Requesting snapshot of accessibility hierarchy for app with pid 74792
AUDIT_ISSUE large-01-sync | 1 | Contrast nearly passed | Contrast is not high enough for SwiftUI.AccessibilityNode unless font size is larger. | Attributes: StaticText, 0x10744e440, {{24.0, 333.0}, {100.3, 20.3}}, label: 'Initial Import'
Element subtree:
 →StaticText, 0x10744e440, {{24.0, 333.0}, {100.3, 20.3}}, label: 'Initial Import'
Path to element:
 →Application, 0x1070ab840, pid: 74792, label: 'PumpSync'
  ↳Window (Main), 0x1070abd40, {{0.0, 0.0}, {402.0, 874.0}}
   ↳Other, 0x1070abe80, {{0.0, 0.0}, {402.0, 874.0}}
    ↳Other, 0x1070abac0, {{0.0, 0.0}, {402.0, 874.0}}
     ↳Other, 0x1070abc00, {{0.0, 0.0}, {402.0, 874.0}}
      ↳Other, 0x1070ab980, {{0.0, 0.0}, {402.0, 874.0}}
       ↳Other, 0x1070ab340, {{0.0, 0.0}, {402.0, 874.0}}
        ↳Other, 0x1070ab5c0, {{0.0, 0.0}, {402.0, 874.0}}
         ↳Other, 0x1070ab480, {{0.0, 0.0}, {402.0, 874.0}}
          ↳Other, 0x1070aaa80, {{0.0, 0.0}, {402.0, 874.0}}
           ↳Other, 0x1070aabc0, {{0.0, 0.0}, {402.0, 874.0}}
            ↳Other, 0x10744c000, {{0.0, 0.0}, {402.0, 874.0}}
             ↳Other, 0x10744c140, {{0.0, 0.0}, {402.0, 874.0}}
              ↳Other, 0x10744c500, {{0.0, 0.0}, {402.0, 874.0}}
               ↳Other, 0x10744c640, {{0.0, 0.0}, {402.0, 874.0}}
                ↳Other, 0x10744c780, {{0.0, 0.0}, {402.0, 874.0}}
                 ↳Other, 0x10744c8c0, {{0.0, 0.0}, {402.0, 874.0}}
                  ↳ScrollView, 0x10744ca00, {{0.0, 0.0}, {402.0, 874.0}}
                   ↳Other, 0x10744d900, {{0.0, 168.0}, {402.0, 743.0}}
                    ↳StaticText, 0x10744e440, {{24.0, 333.0}, {100.3, 20.3}}, label: 'Initial Import'
Query chain:
 →Find: Target Application 'dev.ericslutz.PumpSync'
  Output: {
    Application, 0x10747f0c0, pid: 74792, label: 'PumpSync'
  }
  ↪︎Find: Descendant with identity binding to AX element pid: 74792, elementOrHash.elementID: 4404173824.63
    Output: {
      StaticText, 0x1070aa800, {{24.0, 333.0}, {100.3, 20.3}}, label: 'Initial Import'
    }

    t =    11.28s Find the Any (Descendant with identity binding to AX element pid: 74792, elementOrHash.elementID: 4404176960.65)
    t =    11.31s Requesting snapshot of accessibility hierarchy for app with pid 74792
    t =    11.35s Find: Descendant with identity binding to AX element pid: 74792, elementOrHash.elementID: 4404176960.65
    t =    11.43s Requesting snapshot of accessibility hierarchy for app with pid 74792
    t =    11.46s Find: Descendant with identity binding to AX element pid: 74792, elementOrHash.elementID: 4404176960.65
    t =    11.46s Requesting snapshot of accessibility hierarchy for app with pid 74792
AUDIT_ISSUE large-01-sync | 1 | Contrast nearly passed | Contrast is not high enough for SwiftUI.AccessibilityNode unless font size is larger. | Attributes: StaticText, 0x10744ed00, {{38.0, 425.7}, {323.3, 108.3}}, label: 'Choose how much pump history to import the first time. Future syncs import new data only. Keep PumpSync open while a sync is running; you can move around within PumpSync.'
Element subtree:
 →StaticText, 0x10744ed00, {{38.0, 425.7}, {323.3, 108.3}}, label: 'Choose how much pump history to import the first time. Future syncs import new data only. Keep PumpSync open while a sync is running; you can move around within PumpSync.'
Path to element:
 →Application, 0x1070ab840, pid: 74792, label: 'PumpSync'
  ↳Window (Main), 0x1070abd40, {{0.0, 0.0}, {402.0, 874.0}}
   ↳Other, 0x1070abe80, {{0.0, 0.0}, {402.0, 874.0}}
    ↳Other, 0x1070abac0, {{0.0, 0.0}, {402.0, 874.0}}
     ↳Other, 0x1070abc00, {{0.0, 0.0}, {402.0, 874.0}}
      ↳Other, 0x1070ab980, {{0.0, 0.0}, {402.0, 874.0}}
       ↳Other, 0x1070ab340, {{0.0, 0.0}, {402.0, 874.0}}
        ↳Other, 0x1070ab5c0, {{0.0, 0.0}, {402.0, 874.0}}
         ↳Other, 0x1070ab480, {{0.0, 0.0}, {402.0, 874.0}}
          ↳Other, 0x1070aaa80, {{0.0, 0.0}, {402.0, 874.0}}
           ↳Other, 0x1070aabc0, {{0.0, 0.0}, {402.0, 874.0}}
            ↳Other, 0x10744c000, {{0.0, 0.0}, {402.0, 874.0}}
             ↳Other, 0x10744c140, {{0.0, 0.0}, {402.0, 874.0}}
              ↳Other, 0x10744c500, {{0.0, 0.0}, {402.0, 874.0}}
               ↳Other, 0x10744c640, {{0.0, 0.0}, {402.0, 874.0}}
                ↳Other, 0x10744c780, {{0.0, 0.0}, {402.0, 874.0}}
                 ↳Other, 0x10744c8c0, {{0.0, 0.0}, {402.0, 874.0}}
                  ↳ScrollView, 0x10744ca00, {{0.0, 0.0}, {402.0, 874.0}}
                   ↳Other, 0x10744d900, {{0.0, 168.0}, {402.0, 743.0}}
                    ↳StaticText, 0x10744ed00, {{38.0, 425.7}, {323.3, 108.3}}, label: 'Choose how much pump history to import the first time. Future syncs import new data only. Keep PumpSync open while a sync is running; you can move around within PumpSync.'
Query chain:
 →Find: Target Application 'dev.ericslutz.PumpSync'
  Output: {
    Application, 0x10747f0c0, pid: 74792, label: 'PumpSync'
  }
  ↪︎Find: Descendant with identity binding to AX element pid: 74792, elementOrHash.elementID: 4404176960.65
    Output: {
      StaticText, 0x10747c000, {{38.0, 425.7}, {323.3, 108.3}}, label: 'Choose how much pump history to import the first time. Future syncs import new data only. Keep PumpSync open while a sync is running; you can move around within PumpSync.'
    }

    t =    11.50s Find the Any (Descendant with identity binding to AX element pid: 74792, elementOrHash.elementID: 4404178752.67)
    t =    11.53s Requesting snapshot of accessibility hierarchy for app with pid 74792
    t =    11.57s Find: Descendant with identity binding to AX element pid: 74792, elementOrHash.elementID: 4404178752.67
    t =    11.65s Requesting snapshot of accessibility hierarchy for app with pid 74792
    t =    11.68s Find: Descendant with identity binding to AX element pid: 74792, elementOrHash.elementID: 4404178752.67
    t =    11.68s Requesting snapshot of accessibility hierarchy for app with pid 74792
AUDIT_ISSUE large-01-sync | 1 | Contrast nearly passed | Contrast is not high enough for SwiftUI.AccessibilityNode unless font size is larger. | Attributes: StaticText, 0x10744f200, {{38.0, 674.0}, {322.7, 64.3}}, label: 'Your PumpSync subscription could not be verified. Review your subscription to reconnect.'
Element subtree:
 →StaticText, 0x10744f200, {{38.0, 674.0}, {322.7, 64.3}}, label: 'Your PumpSync subscription could not be verified. Review your subscription to reconnect.'
Path to element:
 →Application, 0x1070ab840, pid: 74792, label: 'PumpSync'
  ↳Window (Main), 0x1070abd40, {{0.0, 0.0}, {402.0, 874.0}}
   ↳Other, 0x1070abe80, {{0.0, 0.0}, {402.0, 874.0}}
    ↳Other, 0x1070abac0, {{0.0, 0.0}, {402.0, 874.0}}
     ↳Other, 0x1070abc00, {{0.0, 0.0}, {402.0, 874.0}}
      ↳Other, 0x1070ab980, {{0.0, 0.0}, {402.0, 874.0}}
       ↳Other, 0x1070ab340, {{0.0, 0.0}, {402.0, 874.0}}
        ↳Other, 0x1070ab5c0, {{0.0, 0.0}, {402.0, 874.0}}
         ↳Other, 0x1070ab480, {{0.0, 0.0}, {402.0, 874.0}}
          ↳Other, 0x1070aaa80, {{0.0, 0.0}, {402.0, 874.0}}
           ↳Other, 0x1070aabc0, {{0.0, 0.0}, {402.0, 874.0}}
            ↳Other, 0x10744c000, {{0.0, 0.0}, {402.0, 874.0}}
             ↳Other, 0x10744c140, {{0.0, 0.0}, {402.0, 874.0}}
              ↳Other, 0x10744c500, {{0.0, 0.0}, {402.0, 874.0}}
               ↳Other, 0x10744c640, {{0.0, 0.0}, {402.0, 874.0}}
                ↳Other, 0x10744c780, {{0.0, 0.0}, {402.0, 874.0}}
                 ↳Other, 0x10744c8c0, {{0.0, 0.0}, {402.0, 874.0}}
                  ↳ScrollView, 0x10744ca00, {{0.0, 0.0}, {402.0, 874.0}}
                   ↳Other, 0x10744d900, {{0.0, 168.0}, {402.0, 743.0}}
                    ↳StaticText, 0x10744f200, {{38.0, 674.0}, {322.7, 64.3}}, label: 'Your PumpSync subscription could not be verified. Review your subscription to reconnect.'
Query chain:
 →Find: Target Application 'dev.ericslutz.PumpSync'
  Output: {
    Application, 0x10747f0c0, pid: 74792, label: 'PumpSync'
  }
  ↪︎Find: Descendant with identity binding to AX element pid: 74792, elementOrHash.elementID: 4404178752.67
    Output: {
      StaticText, 0x10747c500, {{38.0, 674.0}, {322.7, 64.3}}, label: 'Your PumpSync subscription could not be verified. Review your subscription to reconnect.'
    }

    t =    11.73s Find the Any (Descendant with identity binding to AX element pid: 74792, elementOrHash.elementID: 4404179200.68)
    t =    11.75s Requesting snapshot of accessibility hierarchy for app with pid 74792
    t =    11.79s Find: Descendant with identity binding to AX element pid: 74792, elementOrHash.elementID: 4404179200.68
    t =    11.87s Requesting snapshot of accessibility hierarchy for app with pid 74792
    t =    11.90s Find: Descendant with identity binding to AX element pid: 74792, elementOrHash.elementID: 4404179200.68
    t =    11.90s Requesting snapshot of accessibility hierarchy for app with pid 74792
AUDIT_ISSUE large-01-sync | 1 | Contrast nearly passed | Contrast is not high enough for SwiftUI.AccessibilityNode unless font size is larger. | Attributes: Button, 0x10744f340, {{38.0, 738.3}, {137.0, 20.3}}, label: 'View Subscription'
Element subtree:
 →Button, 0x10744f340, {{38.0, 738.3}, {137.0, 20.3}}, label: 'View Subscription'
Path to element:
 →Application, 0x1070ab840, pid: 74792, label: 'PumpSync'
  ↳Window (Main), 0x1070abd40, {{0.0, 0.0}, {402.0, 874.0}}
   ↳Other, 0x1070abe80, {{0.0, 0.0}, {402.0, 874.0}}
    ↳Other, 0x1070abac0, {{0.0, 0.0}, {402.0, 874.0}}
     ↳Other, 0x1070abc00, {{0.0, 0.0}, {402.0, 874.0}}
      ↳Other, 0x1070ab980, {{0.0, 0.0}, {402.0, 874.0}}
       ↳Other, 0x1070ab340, {{0.0, 0.0}, {402.0, 874.0}}
        ↳Other, 0x1070ab5c0, {{0.0, 0.0}, {402.0, 874.0}}
         ↳Other, 0x1070ab480, {{0.0, 0.0}, {402.0, 874.0}}
          ↳Other, 0x1070aaa80, {{0.0, 0.0}, {402.0, 874.0}}
           ↳Other, 0x1070aabc0, {{0.0, 0.0}, {402.0, 874.0}}
            ↳Other, 0x10744c000, {{0.0, 0.0}, {402.0, 874.0}}
             ↳Other, 0x10744c140, {{0.0, 0.0}, {402.0, 874.0}}
              ↳Other, 0x10744c500, {{0.0, 0.0}, {402.0, 874.0}}
               ↳Other, 0x10744c640, {{0.0, 0.0}, {402.0, 874.0}}
                ↳Other, 0x10744c780, {{0.0, 0.0}, {402.0, 874.0}}
                 ↳Other, 0x10744c8c0, {{0.0, 0.0}, {402.0, 874.0}}
                  ↳ScrollView, 0x10744ca00, {{0.0, 0.0}, {402.0, 874.0}}
                   ↳Other, 0x10744d900, {{0.0, 168.0}, {402.0, 743.0}}
                    ↳Button, 0x10744f340, {{38.0, 738.3}, {137.0, 20.3}}, label: 'View Subscription'
Query chain:
 →Find: Target Application 'dev.ericslutz.PumpSync'
  Output: {
    Application, 0x10747f0c0, pid: 74792, label: 'PumpSync'
  }
  ↪︎Find: Descendant with identity binding to AX element pid: 74792, elementOrHash.elementID: 4404179200.68
    Output: {
      Button, 0x10747c640, {{38.0, 738.3}, {137.0, 20.3}}, label: 'View Subscription'
    }

    t =    11.94s Find the Any (Descendant with identity binding to AX element pid: 74792, elementOrHash.elementID: 4404179648.69)
    t =    11.96s Requesting snapshot of accessibility hierarchy for app with pid 74792
    t =    12.00s Find: Descendant with identity binding to AX element pid: 74792, elementOrHash.elementID: 4404179648.69
    t =    12.08s Requesting snapshot of accessibility hierarchy for app with pid 74792
    t =    12.11s Find: Descendant with identity binding to AX element pid: 74792, elementOrHash.elementID: 4404179648.69
    t =    12.11s Requesting snapshot of accessibility hierarchy for app with pid 74792
AUDIT_ISSUE large-01-sync | 1 | Contrast failed | Contrast failed for SwiftUI.AccessibilityNode | Attributes: Button, 0x10744f480, {{38.0, 758.7}, {154.7, 20.3}}, label: 'Connection Settings'
Element subtree:
 →Button, 0x10744f480, {{38.0, 758.7}, {154.7, 20.3}}, label: 'Connection Settings'
Path to element:
 →Application, 0x1070ab840, pid: 74792, label: 'PumpSync'
  ↳Window (Main), 0x1070abd40, {{0.0, 0.0}, {402.0, 874.0}}
   ↳Other, 0x1070abe80, {{0.0, 0.0}, {402.0, 874.0}}
    ↳Other, 0x1070abac0, {{0.0, 0.0}, {402.0, 874.0}}
     ↳Other, 0x1070abc00, {{0.0, 0.0}, {402.0, 874.0}}
      ↳Other, 0x1070ab980, {{0.0, 0.0}, {402.0, 874.0}}
       ↳Other, 0x1070ab340, {{0.0, 0.0}, {402.0, 874.0}}
        ↳Other, 0x1070ab5c0, {{0.0, 0.0}, {402.0, 874.0}}
         ↳Other, 0x1070ab480, {{0.0, 0.0}, {402.0, 874.0}}
          ↳Other, 0x1070aaa80, {{0.0, 0.0}, {402.0, 874.0}}
           ↳Other, 0x1070aabc0, {{0.0, 0.0}, {402.0, 874.0}}
            ↳Other, 0x10744c000, {{0.0, 0.0}, {402.0, 874.0}}
             ↳Other, 0x10744c140, {{0.0, 0.0}, {402.0, 874.0}}
              ↳Other, 0x10744c500, {{0.0, 0.0}, {402.0, 874.0}}
               ↳Other, 0x10744c640, {{0.0, 0.0}, {402.0, 874.0}}
                ↳Other, 0x10744c780, {{0.0, 0.0}, {402.0, 874.0}}
                 ↳Other, 0x10744c8c0, {{0.0, 0.0}, {402.0, 874.0}}
                  ↳ScrollView, 0x10744ca00, {{0.0, 0.0}, {402.0, 874.0}}
                   ↳Other, 0x10744d900, {{0.0, 168.0}, {402.0, 743.0}}
                    ↳Button, 0x10744f480, {{38.0, 758.7}, {154.7, 20.3}}, label: 'Connection Settings'
Query chain:
 →Find: Target Application 'dev.ericslutz.PumpSync'
  Output: {
    Application, 0x10747f0c0, pid: 74792, label: 'PumpSync'
  }
  ↪︎Find: Descendant with identity binding to AX element pid: 74792, elementOrHash.elementID: 4404179648.69
    Output: {
      Button, 0x10747c780, {{38.0, 758.7}, {154.7, 20.3}}, label: 'Connection Settings'
    }

    t =    12.15s Find the Any (Descendant with identity binding to AX element pid: 74792, elementOrHash.elementID: 4404169792.75)
    t =    12.18s Requesting snapshot of accessibility hierarchy for app with pid 74792
    t =    12.21s Find: Descendant with identity binding to AX element pid: 74792, elementOrHash.elementID: 4404169792.75
    t =    12.30s Requesting snapshot of accessibility hierarchy for app with pid 74792
    t =    12.34s Find: Descendant with identity binding to AX element pid: 74792, elementOrHash.elementID: 4404169792.75
    t =    12.34s Requesting snapshot of accessibility hierarchy for app with pid 74792
AUDIT_ISSUE large-01-sync | 1 | Contrast nearly passed | Contrast is not high enough for SwiftUI.AccessibilityNode unless font size is larger. | Attributes: StaticText, 0x10744df40, {{80.0, 220.3}, {101.7, 18.0}}, label: 'Not connected'
Element subtree:
 →StaticText, 0x10744df40, {{80.0, 220.3}, {101.7, 18.0}}, label: 'Not connected'
Path to element:
 →Application, 0x1070abd40, pid: 74792, label: 'PumpSync'
  ↳Window (Main), 0x1070abe80, {{0.0, 0.0}, {402.0, 874.0}}
   ↳Other, 0x1070abac0, {{0.0, 0.0}, {402.0, 874.0}}
    ↳Other, 0x1070abc00, {{0.0, 0.0}, {402.0, 874.0}}
     ↳Other, 0x1070ab980, {{0.0, 0.0}, {402.0, 874.0}}
      ↳Other, 0x1070ab340, {{0.0, 0.0}, {402.0, 874.0}}
       ↳Other, 0x1070ab5c0, {{0.0, 0.0}, {402.0, 874.0}}
        ↳Other, 0x1070ab480, {{0.0, 0.0}, {402.0, 874.0}}
         ↳Other, 0x1070aaa80, {{0.0, 0.0}, {402.0, 874.0}}
          ↳Other, 0x1070aabc0, {{0.0, 0.0}, {402.0, 874.0}}
           ↳Other, 0x10744c000, {{0.0, 0.0}, {402.0, 874.0}}
            ↳Other, 0x10744c140, {{0.0, 0.0}, {402.0, 874.0}}
             ↳Other, 0x10744c280, {{0.0, 0.0}, {402.0, 874.0}}
              ↳Other, 0x10744c640, {{0.0, 0.0}, {402.0, 874.0}}
               ↳Other, 0x10744c780, {{0.0, 0.0}, {402.0, 874.0}}
                ↳Other, 0x10744c8c0, {{0.0, 0.0}, {402.0, 874.0}}
                 ↳Other, 0x10744ca00, {{0.0, 0.0}, {402.0, 874.0}}
                  ↳ScrollView, 0x10744cb40, {{0.0, 0.0}, {402.0, 874.0}}
                   ↳Other, 0x10744da40, {{0.0, 168.0}, {402.0, 743.0}}
                    ↳Other, 0x10744db80, {{41.7, 198.0}, {140.0, 40.3}}, label: 'Connection', value: Not connected
                     ↳StaticText, 0x10744df40, {{80.0, 220.3}, {101.7, 18.0}}, label: 'Not connected'
Query chain:
 →Find: Target Application 'dev.ericslutz.PumpSync'
  Output: {
    Application, 0x10747f0c0, pid: 74792, label: 'PumpSync'
  }
  ↪︎Find: Descendant with identity binding to AX element pid: 74792, elementOrHash.elementID: 4404169792.75
    Output: {
      StaticText, 0x1070aa440, {{80.0, 220.3}, {101.7, 18.0}}, label: 'Not connected'
    }

    t =    12.38s Find the Any (Descendant with identity binding to AX element pid: 74792, elementOrHash.elementID: 4404172480.78)
    t =    12.40s Requesting snapshot of accessibility hierarchy for app with pid 74792
    t =    12.44s Find: Descendant with identity binding to AX element pid: 74792, elementOrHash.elementID: 4404172480.78
    t =    12.52s Requesting snapshot of accessibility hierarchy for app with pid 74792
    t =    12.55s Find: Descendant with identity binding to AX element pid: 74792, elementOrHash.elementID: 4404172480.78
    t =    12.55s Requesting snapshot of accessibility hierarchy for app with pid 74792
AUDIT_ISSUE large-01-sync | 1 | Contrast nearly passed | Contrast is not high enough for SwiftUI.AccessibilityNode unless font size is larger. | Attributes: StaticText, 0x10744e440, {{80.0, 273.0}, {103.0, 18.0}}, label: 'Not configured'
Element subtree:
 →StaticText, 0x10744e440, {{80.0, 273.0}, {103.0, 18.0}}, label: 'Not configured'
Path to element:
 →Application, 0x1070abd40, pid: 74792, label: 'PumpSync'
  ↳Window (Main), 0x1070abe80, {{0.0, 0.0}, {402.0, 874.0}}
   ↳Other, 0x1070abac0, {{0.0, 0.0}, {402.0, 874.0}}
    ↳Other, 0x1070abc00, {{0.0, 0.0}, {402.0, 874.0}}
     ↳Other, 0x1070ab980, {{0.0, 0.0}, {402.0, 874.0}}
      ↳Other, 0x1070ab340, {{0.0, 0.0}, {402.0, 874.0}}
       ↳Other, 0x1070ab5c0, {{0.0, 0.0}, {402.0, 874.0}}
        ↳Other, 0x1070ab480, {{0.0, 0.0}, {402.0, 874.0}}
         ↳Other, 0x1070aaa80, {{0.0, 0.0}, {402.0, 874.0}}
          ↳Other, 0x1070aabc0, {{0.0, 0.0}, {402.0, 874.0}}
           ↳Other, 0x10744c000, {{0.0, 0.0}, {402.0, 874.0}}
            ↳Other, 0x10744c140, {{0.0, 0.0}, {402.0, 874.0}}
             ↳Other, 0x10744c280, {{0.0, 0.0}, {402.0, 874.0}}
              ↳Other, 0x10744c640, {{0.0, 0.0}, {402.0, 874.0}}
               ↳Other, 0x10744c780, {{0.0, 0.0}, {402.0, 874.0}}
                ↳Other, 0x10744c8c0, {{0.0, 0.0}, {402.0, 874.0}}
                 ↳Other, 0x10744ca00, {{0.0, 0.0}, {402.0, 874.0}}
                  ↳ScrollView, 0x10744cb40, {{0.0, 0.0}, {402.0, 874.0}}
                   ↳Other, 0x10744da40, {{0.0, 168.0}, {402.0, 743.0}}
                    ↳Other, 0x10744e080, {{40.3, 250.7}, {142.7, 40.3}}, label: 'Pump data', value: Not configured
                     ↳StaticText, 0x10744e440, {{80.0, 273.0}, {103.0, 18.0}}, label: 'Not configured'
Query chain:
 →Find: Target Application 'dev.ericslutz.PumpSync'
  Output: {
    Application, 0x10747f0c0, pid: 74792, label: 'PumpSync'
  }
  ↪︎Find: Descendant with identity binding to AX element pid: 74792, elementOrHash.elementID: 4404172480.78
    Output: {
      StaticText, 0x1070aa6c0, {{80.0, 273.0}, {103.0, 18.0}}, label: 'Not configured'
    }

    t =    12.60s Find the Any (Descendant with identity binding to AX element pid: 74792, elementOrHash.elementID: 4404175168.88)
    t =    12.62s Requesting snapshot of accessibility hierarchy for app with pid 74792
    t =    12.67s Find: Descendant with identity binding to AX element pid: 74792, elementOrHash.elementID: 4404175168.88
    t =    12.76s Requesting snapshot of accessibility hierarchy for app with pid 74792
    t =    12.79s Find: Descendant with identity binding to AX element pid: 74792, elementOrHash.elementID: 4404175168.88
    t =    12.80s Requesting snapshot of accessibility hierarchy for app with pid 74792
AUDIT_ISSUE large-01-sync | 1 | Contrast nearly passed | Contrast is not high enough for SwiftUI.AccessibilityNode unless font size is larger. | Attributes: StaticText, 0x10744ed00, {{78.0, 398.0}, {78.3, 18.0}}, label: 'Past 7 days'
Element subtree:
 →StaticText, 0x10744ed00, {{78.0, 398.0}, {78.3, 18.0}}, label: 'Past 7 days'
Path to element:
 →Application, 0x1070abe80, pid: 74792, label: 'PumpSync'
  ↳Window (Main), 0x1070abac0, {{0.0, 0.0}, {402.0, 874.0}}
   ↳Other, 0x1070abc00, {{0.0, 0.0}, {402.0, 874.0}}
    ↳Other, 0x1070ab980, {{0.0, 0.0}, {402.0, 874.0}}
     ↳Other, 0x1070ab340, {{0.0, 0.0}, {402.0, 874.0}}
      ↳Other, 0x1070ab5c0, {{0.0, 0.0}, {402.0, 874.0}}
       ↳Other, 0x1070ab480, {{0.0, 0.0}, {402.0, 874.0}}
        ↳Other, 0x1070aaa80, {{0.0, 0.0}, {402.0, 874.0}}
         ↳Other, 0x1070aabc0, {{0.0, 0.0}, {402.0, 874.0}}
          ↳Other, 0x10744c000, {{0.0, 0.0}, {402.0, 874.0}}
           ↳Other, 0x10744c140, {{0.0, 0.0}, {402.0, 874.0}}
            ↳Other, 0x10744c280, {{0.0, 0.0}, {402.0, 874.0}}
             ↳Other, 0x10744c3c0, {{0.0, 0.0}, {402.0, 874.0}}
              ↳Other, 0x10744c780, {{0.0, 0.0}, {402.0, 874.0}}
               ↳Other, 0x10744c8c0, {{0.0, 0.0}, {402.0, 874.0}}
                ↳Other, 0x10744ca00, {{0.0, 0.0}, {402.0, 874.0}}
                 ↳Other, 0x10744cb40, {{0.0, 0.0}, {402.0, 874.0}}
                  ↳ScrollView, 0x10744cc80, {{0.0, 0.0}, {402.0, 874.0}}
                   ↳Other, 0x10744db80, {{0.0, 168.0}, {402.0, 743.0}}
                    ↳Button, 0x10744e800, {{38.0, 373.3}, {326.0, 44.0}}, label: 'History range', value: Past 7 days
                     ↳Button, 0x10744e940, {{38.0, 373.3}, {326.0, 44.0}}
                      ↳StaticText, 0x10744ed00, {{78.0, 398.0}, {78.3, 18.0}}, label: 'Past 7 days'
Query chain:
 →Find: Target Application 'dev.ericslutz.PumpSync'
  Output: {
    Application, 0x10747f0c0, pid: 74792, label: 'PumpSync'
  }
  ↪︎Find: Descendant with identity binding to AX element pid: 74792, elementOrHash.elementID: 4404175168.88
    Output: {
      StaticText, 0x1070a9f40, {{78.0, 398.0}, {78.3, 18.0}}, label: 'Past 7 days'
    }

    t =    12.84s Find the Any (Descendant with identity binding to AX element pid: 74792, elementOrHash.elementID: 4404175616.89)
    t =    12.87s Requesting snapshot of accessibility hierarchy for app with pid 74792
    t =    12.90s Find: Descendant with identity binding to AX element pid: 74792, elementOrHash.elementID: 4404175616.89
    t =    12.99s Requesting snapshot of accessibility hierarchy for app with pid 74792
    t =    13.02s Find: Descendant with identity binding to AX element pid: 74792, elementOrHash.elementID: 4404175616.89
    t =    13.02s Requesting snapshot of accessibility hierarchy for app with pid 74792
AUDIT_ISSUE large-01-sync | 1 | Contrast nearly passed | Contrast is not high enough for SwiftUI.AccessibilityNode unless font size is larger. | Attributes: StaticText, 0x10744ee40, {{309.0, 386.3}, {55.0, 18.0}}, label: 'Change'
Element subtree:
 →StaticText, 0x10744ee40, {{309.0, 386.3}, {55.0, 18.0}}, label: 'Change'
Path to element:
 →Application, 0x1070abe80, pid: 74792, label: 'PumpSync'
  ↳Window (Main), 0x1070abac0, {{0.0, 0.0}, {402.0, 874.0}}
   ↳Other, 0x1070abc00, {{0.0, 0.0}, {402.0, 874.0}}
    ↳Other, 0x1070ab980, {{0.0, 0.0}, {402.0, 874.0}}
     ↳Other, 0x1070ab340, {{0.0, 0.0}, {402.0, 874.0}}
      ↳Other, 0x1070ab5c0, {{0.0, 0.0}, {402.0, 874.0}}
       ↳Other, 0x1070ab480, {{0.0, 0.0}, {402.0, 874.0}}
        ↳Other, 0x1070aaa80, {{0.0, 0.0}, {402.0, 874.0}}
         ↳Other, 0x1070aabc0, {{0.0, 0.0}, {402.0, 874.0}}
          ↳Other, 0x10744c000, {{0.0, 0.0}, {402.0, 874.0}}
           ↳Other, 0x10744c140, {{0.0, 0.0}, {402.0, 874.0}}
            ↳Other, 0x10744c280, {{0.0, 0.0}, {402.0, 874.0}}
             ↳Other, 0x10744c3c0, {{0.0, 0.0}, {402.0, 874.0}}
              ↳Other, 0x10744c780, {{0.0, 0.0}, {402.0, 874.0}}
               ↳Other, 0x10744c8c0, {{0.0, 0.0}, {402.0, 874.0}}
                ↳Other, 0x10744ca00, {{0.0, 0.0}, {402.0, 874.0}}
                 ↳Other, 0x10744cb40, {{0.0, 0.0}, {402.0, 874.0}}
                  ↳ScrollView, 0x10744cc80, {{0.0, 0.0}, {402.0, 874.0}}
                   ↳Other, 0x10744db80, {{0.0, 168.0}, {402.0, 743.0}}
                    ↳Button, 0x10744e800, {{38.0, 373.3}, {326.0, 44.0}}, label: 'History range', value: Past 7 days
                     ↳Button, 0x10744e940, {{38.0, 373.3}, {326.0, 44.0}}
                      ↳StaticText, 0x10744ee40, {{309.0, 386.3}, {55.0, 18.0}}, label: 'Change'
Query chain:
 →Find: Target Application 'dev.ericslutz.PumpSync'
  Output: {
    Application, 0x10747f0c0, pid: 74792, label: 'PumpSync'
  }
  ↪︎Find: Descendant with identity binding to AX element pid: 74792, elementOrHash.elementID: 4404175616.89
    Output: {
      StaticText, 0x1070abd40, {{309.0, 386.3}, {55.0, 18.0}}, label: 'Change'
    }

    t =    13.07s Tap "Settings" Button
    t =    13.07s     Wait for dev.ericslutz.PumpSync to idle
    t =    13.07s     Find the "Settings" Button
    t =    13.10s     Check for interrupting elements affecting "Settings" Button
    t =    13.13s     Synthesize event
    t =    13.42s     Wait for dev.ericslutz.PumpSync to idle
    t =    14.44s Find the Target Application 'dev.ericslutz.PumpSync'
    t =    14.58s Added attachment named 'large-02-settings.png'
    t =    14.58s Requesting snapshot of accessibility hierarchy for app with pid 74792
    t =    14.81s Requesting snapshot of accessibility hierarchy for app with pid 74792
    t =    14.86s Added attachment named 'large-02-settings-tree.txt'
    t =    17.04s Find the Any (Descendant with identity binding to AX element pid: 74792, elementOrHash.elementID: 4404257536.110)
    t =    17.07s Requesting snapshot of accessibility hierarchy for app with pid 74792
    t =    17.11s Find: Descendant with identity binding to AX element pid: 74792, elementOrHash.elementID: 4404257536.110
    t =    17.21s Requesting snapshot of accessibility hierarchy for app with pid 74792
    t =    17.26s Find: Descendant with identity binding to AX element pid: 74792, elementOrHash.elementID: 4404257536.110
    t =    17.26s Requesting snapshot of accessibility hierarchy for app with pid 74792
AUDIT_ISSUE large-02-settings | 1 | Contrast nearly passed | Contrast is not high enough for SwiftUI.AccessibilityNode unless font size is larger. | Attributes: StaticText, 0x107097340, {{24.0, 180.0}, {91.3, 20.3}}, label: 'Connection'
Element subtree:
 →StaticText, 0x107097340, {{24.0, 180.0}, {91.3, 20.3}}, label: 'Connection'
Path to element:
 →Application, 0x107094b40, pid: 74792, label: 'PumpSync'
  ↳Window (Main), 0x107094c80, {{0.0, 0.0}, {402.0, 874.0}}
   ↳Other, 0x107094dc0, {{0.0, 0.0}, {402.0, 874.0}}
    ↳Other, 0x107094f00, {{0.0, 0.0}, {402.0, 874.0}}
     ↳Other, 0x107095040, {{0.0, 0.0}, {402.0, 874.0}}
      ↳Other, 0x107095180, {{0.0, 0.0}, {402.0, 874.0}}
       ↳Other, 0x1070952c0, {{0.0, 0.0}, {402.0, 874.0}}
        ↳Other, 0x107095400, {{0.0, 0.0}, {402.0, 874.0}}
         ↳Other, 0x107095540, {{0.0, 0.0}, {402.0, 874.0}}
          ↳Other, 0x107095680, {{0.0, 0.0}, {402.0, 874.0}}
           ↳Other, 0x1070957c0, {{0.0, 0.0}, {402.0, 874.0}}
            ↳Other, 0x107095900, {{0.0, 0.0}, {402.0, 874.0}}
             ↳Other, 0x107095a40, {{0.0, 0.0}, {402.0, 874.0}}
              ↳Other, 0x107095e00, {{0.0, 0.0}, {402.0, 874.0}}
               ↳Other, 0x107095f40, {{0.0, 0.0}, {402.0, 874.0}}
                ↳Other, 0x107096080, {{0.0, 0.0}, {402.0, 874.0}}
                 ↳Other, 0x1070961c0, {{0.0, 0.0}, {402.0, 874.0}}
                  ↳ScrollView, 0x107096300, {{0.0, 0.0}, {402.0, 874.0}}
                   ↳Other, 0x107097200, {{0.0, 168.0}, {402.0, 826.7}}
                    ↳StaticText, 0x107097340, {{24.0, 180.0}, {91.3, 20.3}}, label: 'Connection'
Query chain:
 →Find: Target Application 'dev.ericslutz.PumpSync'
  Output: {
    Application, 0x10749bc00, pid: 74792, label: 'PumpSync'
  }
  ↪︎Find: Descendant with identity binding to AX element pid: 74792, elementOrHash.elementID: 4404257536.110
    Output: {
      StaticText, 0x10747f840, {{24.0, 180.0}, {91.3, 20.3}}, label: 'Connection'
    }

    t =    17.31s Find the Any (Descendant with identity binding to AX element pid: 74792, elementOrHash.elementID: 4404258432.112)
    t =    17.34s Requesting snapshot of accessibility hierarchy for app with pid 74792
    t =    17.39s Find: Descendant with identity binding to AX element pid: 74792, elementOrHash.elementID: 4404258432.112
    t =    17.47s Requesting snapshot of accessibility hierarchy for app with pid 74792
    t =    17.52s Find: Descendant with identity binding to AX element pid: 74792, elementOrHash.elementID: 4404258432.112
    t =    17.52s Requesting snapshot of accessibility hierarchy for app with pid 74792
AUDIT_ISSUE large-02-settings | 1 | Contrast nearly passed | Contrast is not high enough for SwiftUI.AccessibilityNode unless font size is larger. | Attributes: StaticText, 0x107097840, {{38.0, 270.3}, {315.0, 108.3}}, label: 'Subscribe to PumpSync to securely sync pump data to Apple Health without managing your own server. Data is transmitted only during active sync operations.'
Element subtree:
 →StaticText, 0x107097840, {{38.0, 270.3}, {315.0, 108.3}}, label: 'Subscribe to PumpSync to securely sync pump data to Apple Health without managing your own server. Data is transmitted only during active sync operations.'
Path to element:
 →Application, 0x107094b40, pid: 74792, label: 'PumpSync'
  ↳Window (Main), 0x107094c80, {{0.0, 0.0}, {402.0, 874.0}}
   ↳Other, 0x107094dc0, {{0.0, 0.0}, {402.0, 874.0}}
    ↳Other, 0x107094f00, {{0.0, 0.0}, {402.0, 874.0}}
     ↳Other, 0x107095040, {{0.0, 0.0}, {402.0, 874.0}}
      ↳Other, 0x107095180, {{0.0, 0.0}, {402.0, 874.0}}
       ↳Other, 0x1070952c0, {{0.0, 0.0}, {402.0, 874.0}}
        ↳Other, 0x107095400, {{0.0, 0.0}, {402.0, 874.0}}
         ↳Other, 0x107095540, {{0.0, 0.0}, {402.0, 874.0}}
          ↳Other, 0x107095680, {{0.0, 0.0}, {402.0, 874.0}}
           ↳Other, 0x1070957c0, {{0.0, 0.0}, {402.0, 874.0}}
            ↳Other, 0x107095900, {{0.0, 0.0}, {402.0, 874.0}}
             ↳Other, 0x107095a40, {{0.0, 0.0}, {402.0, 874.0}}
              ↳Other, 0x107095e00, {{0.0, 0.0}, {402.0, 874.0}}
               ↳Other, 0x107095f40, {{0.0, 0.0}, {402.0, 874.0}}
                ↳Other, 0x107096080, {{0.0, 0.0}, {402.0, 874.0}}
                 ↳Other, 0x1070961c0, {{0.0, 0.0}, {402.0, 874.0}}
                  ↳ScrollView, 0x107096300, {{0.0, 0.0}, {402.0, 874.0}}
                   ↳Other, 0x107097200, {{0.0, 168.0}, {402.0, 826.7}}
                    ↳StaticText, 0x107097840, {{38.0, 270.3}, {315.0, 108.3}}, label: 'Subscribe to PumpSync to securely sync pump data to Apple Health without managing your own server. Data is transmitted only during active sync operations.'
Query chain:
 →Find: Target Application 'dev.ericslutz.PumpSync'
  Output: {
    Application, 0x10749bc00, pid: 74792, label: 'PumpSync'
  }
  ↪︎Find: Descendant with identity binding to AX element pid: 74792, elementOrHash.elementID: 4404258432.112
    Output: {
      StaticText, 0x10747fd40, {{38.0, 270.3}, {315.0, 108.3}}, label: 'Subscribe to PumpSync to securely sync pump data to Apple Health without managing your own server. Data is transmitted only during active sync operations.'
    }

    t =    17.57s Find the Any (Descendant with identity binding to AX element pid: 74792, elementOrHash.elementID: 4404262464.115)
    t =    17.60s Requesting snapshot of accessibility hierarchy for app with pid 74792
    t =    17.65s Find: Descendant with identity binding to AX element pid: 74792, elementOrHash.elementID: 4404262464.115
    t =    17.73s Requesting snapshot of accessibility hierarchy for app with pid 74792
    t =    17.78s Find: Descendant with identity binding to AX element pid: 74792, elementOrHash.elementID: 4404262464.115
    t =    17.78s Requesting snapshot of accessibility hierarchy for app with pid 74792
AUDIT_ISSUE large-02-settings | 1 | Contrast nearly passed | Contrast is not high enough for SwiftUI.AccessibilityNode unless font size is larger. | Attributes: StaticText, 0x107450140, {{24.0, 486.7}, {85.7, 20.3}}, label: 'PumpSync'
Element subtree:
 →StaticText, 0x107450140, {{24.0, 486.7}, {85.7, 20.3}}, label: 'PumpSync'
Path to element:
 →Application, 0x107094b40, pid: 74792, label: 'PumpSync'
  ↳Window (Main), 0x107094c80, {{0.0, 0.0}, {402.0, 874.0}}
   ↳Other, 0x107094dc0, {{0.0, 0.0}, {402.0, 874.0}}
    ↳Other, 0x107094f00, {{0.0, 0.0}, {402.0, 874.0}}
     ↳Other, 0x107095040, {{0.0, 0.0}, {402.0, 874.0}}
      ↳Other, 0x107095180, {{0.0, 0.0}, {402.0, 874.0}}
       ↳Other, 0x1070952c0, {{0.0, 0.0}, {402.0, 874.0}}
        ↳Other, 0x107095400, {{0.0, 0.0}, {402.0, 874.0}}
         ↳Other, 0x107095540, {{0.0, 0.0}, {402.0, 874.0}}
          ↳Other, 0x107095680, {{0.0, 0.0}, {402.0, 874.0}}
           ↳Other, 0x1070957c0, {{0.0, 0.0}, {402.0, 874.0}}
            ↳Other, 0x107095900, {{0.0, 0.0}, {402.0, 874.0}}
             ↳Other, 0x107095a40, {{0.0, 0.0}, {402.0, 874.0}}
              ↳Other, 0x107095e00, {{0.0, 0.0}, {402.0, 874.0}}
               ↳Other, 0x107095f40, {{0.0, 0.0}, {402.0, 874.0}}
                ↳Other, 0x107096080, {{0.0, 0.0}, {402.0, 874.0}}
                 ↳Other, 0x1070961c0, {{0.0, 0.0}, {402.0, 874.0}}
                  ↳ScrollView, 0x107096300, {{0.0, 0.0}, {402.0, 874.0}}
                   ↳Other, 0x107097200, {{0.0, 168.0}, {402.0, 826.7}}
                    ↳StaticText, 0x107450140, {{24.0, 486.7}, {85.7, 20.3}}, label: 'PumpSync'
Query chain:
 →Find: Target Application 'dev.ericslutz.PumpSync'
  Output: {
    Application, 0x10749bc00, pid: 74792, label: 'PumpSync'
  }
  ↪︎Find: Descendant with identity binding to AX element pid: 74792, elementOrHash.elementID: 4404262464.115
    Output: {
      StaticText, 0x10744f980, {{24.0, 486.7}, {85.7, 20.3}}, label: 'PumpSync'
    }

    t =    17.84s Find the Any (Descendant with identity binding to AX element pid: 74792, elementOrHash.elementID: 4404263808.133)
    t =    17.87s Requesting snapshot of accessibility hierarchy for app with pid 74792
    t =    17.91s Find: Descendant with identity binding to AX element pid: 74792, elementOrHash.elementID: 4404263808.133
    t =    18.00s Requesting snapshot of accessibility hierarchy for app with pid 74792
    t =    18.05s Find: Descendant with identity binding to AX element pid: 74792, elementOrHash.elementID: 4404263808.133
    t =    18.05s Requesting snapshot of accessibility hierarchy for app with pid 74792
AUDIT_ISSUE large-02-settings | 1 | Contrast nearly passed | Contrast is not high enough for SwiftUI.AccessibilityNode unless font size is larger. | Attributes: StaticText, 0x107450780, {{80.0, 555.3}, {103.0, 18.0}}, label: 'Not configured'
Element subtree:
 →StaticText, 0x107450780, {{80.0, 555.3}, {103.0, 18.0}}, label: 'Not configured'
Path to element:
 →Application, 0x107094c80, pid: 74792, label: 'PumpSync'
  ↳Window (Main), 0x107094dc0, {{0.0, 0.0}, {402.0, 874.0}}
   ↳Other, 0x107094f00, {{0.0, 0.0}, {402.0, 874.0}}
    ↳Other, 0x107095040, {{0.0, 0.0}, {402.0, 874.0}}
     ↳Other, 0x107095180, {{0.0, 0.0}, {402.0, 874.0}}
      ↳Other, 0x1070952c0, {{0.0, 0.0}, {402.0, 874.0}}
       ↳Other, 0x107095400, {{0.0, 0.0}, {402.0, 874.0}}
        ↳Other, 0x107095540, {{0.0, 0.0}, {402.0, 874.0}}
         ↳Other, 0x107095680, {{0.0, 0.0}, {402.0, 874.0}}
          ↳Other, 0x1070957c0, {{0.0, 0.0}, {402.0, 874.0}}
           ↳Other, 0x107095900, {{0.0, 0.0}, {402.0, 874.0}}
            ↳Other, 0x107095a40, {{0.0, 0.0}, {402.0, 874.0}}
             ↳Other, 0x107095b80, {{0.0, 0.0}, {402.0, 874.0}}
              ↳Other, 0x107095f40, {{0.0, 0.0}, {402.0, 874.0}}
               ↳Other, 0x107096080, {{0.0, 0.0}, {402.0, 874.0}}
                ↳Other, 0x1070961c0, {{0.0, 0.0}, {402.0, 874.0}}
                 ↳Other, 0x107096300, {{0.0, 0.0}, {402.0, 874.0}}
                  ↳ScrollView, 0x107096440, {{0.0, 0.0}, {402.0, 874.0}}
                   ↳Other, 0x107097340, {{0.0, 168.0}, {402.0, 826.7}}
                    ↳Button, 0x1074503c0, {{38.0, 533.0}, {326.0, 40.3}}, identifier: 'TandemAccountLink', label: 'Tandem Account', value: Not configured
                     ↳StaticText, 0x107450780, {{80.0, 555.3}, {103.0, 18.0}}, label: 'Not configured'
Query chain:
 →Find: Target Application 'dev.ericslutz.PumpSync'
  Output: {
    Application, 0x10749bc00, pid: 74792, label: 'PumpSync'
  }
  ↪︎Find: Descendant with identity binding to AX element pid: 74792, elementOrHash.elementID: 4404263808.133
    Output: {
      StaticText, 0x10744f5c0, {{80.0, 555.3}, {103.0, 18.0}}, label: 'Not configured'
    }

    t =    18.10s Find the Any (Descendant with identity binding to AX element pid: 74792, elementOrHash.elementID: 4404204352.137)
    t =    18.13s Requesting snapshot of accessibility hierarchy for app with pid 74792
    t =    18.18s Find: Descendant with identity binding to AX element pid: 74792, elementOrHash.elementID: 4404204352.137
    t =    18.26s Requesting snapshot of accessibility hierarchy for app with pid 74792
    t =    18.30s Find: Descendant with identity binding to AX element pid: 74792, elementOrHash.elementID: 4404204352.137
    t =    18.31s Requesting snapshot of accessibility hierarchy for app with pid 74792
AUDIT_ISSUE large-02-settings | 1 | Contrast nearly passed | Contrast is not high enough for SwiftUI.AccessibilityNode unless font size is larger. | Attributes: StaticText, 0x107450dc0, {{80.0, 608.0}, {176.3, 18.0}}, label: 'Insulin and carbohydrates'
Element subtree:
 →StaticText, 0x107450dc0, {{80.0, 608.0}, {176.3, 18.0}}, label: 'Insulin and carbohydrates'
Path to element:
 →Application, 0x107094c80, pid: 74792, label: 'PumpSync'
  ↳Window (Main), 0x107094dc0, {{0.0, 0.0}, {402.0, 874.0}}
   ↳Other, 0x107094f00, {{0.0, 0.0}, {402.0, 874.0}}
    ↳Other, 0x107095040, {{0.0, 0.0}, {402.0, 874.0}}
     ↳Other, 0x107095180, {{0.0, 0.0}, {402.0, 874.0}}
      ↳Other, 0x1070952c0, {{0.0, 0.0}, {402.0, 874.0}}
       ↳Other, 0x107095400, {{0.0, 0.0}, {402.0, 874.0}}
        ↳Other, 0x107095540, {{0.0, 0.0}, {402.0, 874.0}}
         ↳Other, 0x107095680, {{0.0, 0.0}, {402.0, 874.0}}
          ↳Other, 0x1070957c0, {{0.0, 0.0}, {402.0, 874.0}}
           ↳Other, 0x107095900, {{0.0, 0.0}, {402.0, 874.0}}
            ↳Other, 0x107095a40, {{0.0, 0.0}, {402.0, 874.0}}
             ↳Other, 0x107095b80, {{0.0, 0.0}, {402.0, 874.0}}
              ↳Other, 0x107095f40, {{0.0, 0.0}, {402.0, 874.0}}
               ↳Other, 0x107096080, {{0.0, 0.0}, {402.0, 874.0}}
                ↳Other, 0x1070961c0, {{0.0, 0.0}, {402.0, 874.0}}
                 ↳Other, 0x107096300, {{0.0, 0.0}, {402.0, 874.0}}
                  ↳ScrollView, 0x107096440, {{0.0, 0.0}, {402.0, 874.0}}
                   ↳Other, 0x107097340, {{0.0, 168.0}, {402.0, 826.7}}
                    ↳Button, 0x107450a00, {{38.0, 585.7}, {326.0, 40.3}}, identifier: 'AppleHealthLink', label: 'Apple Health', value: Insulin and carboh...
                     ↳StaticText, 0x107450dc0, {{80.0, 608.0}, {176.3, 18.0}}, label: 'Insulin and carbohydrates'
Query chain:
 →Find: Target Application 'dev.ericslutz.PumpSync'
  Output: {
    Application, 0x10749bc00, pid: 74792, label: 'PumpSync'
  }
  ↪︎Find: Descendant with identity binding to AX element pid: 74792, elementOrHash.elementID: 4404204352.137
    Output: {
      StaticText, 0x1070943c0, {{80.0, 608.0}, {176.3, 18.0}}, label: 'Insulin and carbohydrates'
    }

    t =    18.36s Find the Any (Descendant with identity binding to AX element pid: 74792, elementOrHash.elementID: 4404207040.141)
    t =    18.39s Requesting snapshot of accessibility hierarchy for app with pid 74792
    t =    18.44s Find: Descendant with identity binding to AX element pid: 74792, elementOrHash.elementID: 4404207040.141
    t =    18.53s Requesting snapshot of accessibility hierarchy for app with pid 74792
    t =    18.58s Find: Descendant with identity binding to AX element pid: 74792, elementOrHash.elementID: 4404207040.141
    t =    18.58s Requesting snapshot of accessibility hierarchy for app with pid 74792
AUDIT_ISSUE large-02-settings | 1 | Contrast nearly passed | Contrast is not high enough for SwiftUI.AccessibilityNode unless font size is larger. | Attributes: StaticText, 0x107451400, {{80.0, 660.7}, {43.0, 18.0}}, label: 'U-100'
Element subtree:
 →StaticText, 0x107451400, {{80.0, 660.7}, {43.0, 18.0}}, label: 'U-100'
Path to element:
 →Application, 0x107094c80, pid: 74792, label: 'PumpSync'
  ↳Window (Main), 0x107094dc0, {{0.0, 0.0}, {402.0, 874.0}}
   ↳Other, 0x107094f00, {{0.0, 0.0}, {402.0, 874.0}}
    ↳Other, 0x107095040, {{0.0, 0.0}, {402.0, 874.0}}
     ↳Other, 0x107095180, {{0.0, 0.0}, {402.0, 874.0}}
      ↳Other, 0x1070952c0, {{0.0, 0.0}, {402.0, 874.0}}
       ↳Other, 0x107095400, {{0.0, 0.0}, {402.0, 874.0}}
        ↳Other, 0x107095540, {{0.0, 0.0}, {402.0, 874.0}}
         ↳Other, 0x107095680, {{0.0, 0.0}, {402.0, 874.0}}
          ↳Other, 0x1070957c0, {{0.0, 0.0}, {402.0, 874.0}}
           ↳Other, 0x107095900, {{0.0, 0.0}, {402.0, 874.0}}
            ↳Other, 0x107095a40, {{0.0, 0.0}, {402.0, 874.0}}
             ↳Other, 0x107095b80, {{0.0, 0.0}, {402.0, 874.0}}
              ↳Other, 0x107095f40, {{0.0, 0.0}, {402.0, 874.0}}
               ↳Other, 0x107096080, {{0.0, 0.0}, {402.0, 874.0}}
                ↳Other, 0x1070961c0, {{0.0, 0.0}, {402.0, 874.0}}
                 ↳Other, 0x107096300, {{0.0, 0.0}, {402.0, 874.0}}
                  ↳ScrollView, 0x107096440, {{0.0, 0.0}, {402.0, 874.0}}
                   ↳Other, 0x107097340, {{0.0, 168.0}, {402.0, 826.7}}
                    ↳Button, 0x107451040, {{38.0, 638.3}, {326.0, 40.3}}, identifier: 'InsulinConcentrationLink', label: 'Insulin Concentration', value: U-100
                     ↳StaticText, 0x107451400, {{80.0, 660.7}, {43.0, 18.0}}, label: 'U-100'
Query chain:
 →Find: Target Application 'dev.ericslutz.PumpSync'
  Output: {
    Application, 0x10749bc00, pid: 74792, label: 'PumpSync'
  }
  ↪︎Find: Descendant with identity binding to AX element pid: 74792, elementOrHash.elementID: 4404207040.141
    Output: {
      StaticText, 0x107094a00, {{80.0, 660.7}, {43.0, 18.0}}, label: 'U-100'
    }

    t =    18.64s Find the Any (Descendant with identity binding to AX element pid: 74792, elementOrHash.elementID: 4404073280.145)
    t =    18.66s Requesting snapshot of accessibility hierarchy for app with pid 74792
    t =    18.71s Find: Descendant with identity binding to AX element pid: 74792, elementOrHash.elementID: 4404073280.145
    t =    18.80s Requesting snapshot of accessibility hierarchy for app with pid 74792
    t =    18.85s Find: Descendant with identity binding to AX element pid: 74792, elementOrHash.elementID: 4404073280.145
    t =    18.85s Requesting snapshot of accessibility hierarchy for app with pid 74792
AUDIT_ISSUE large-02-settings | 1 | Contrast nearly passed | Contrast is not high enough for SwiftUI.AccessibilityNode unless font size is larger. | Attributes: StaticText, 0x107451a40, {{80.0, 713.3}, {205.0, 38.0}}, label: 'Privacy, retention, and Health data flow'
Element subtree:
 →StaticText, 0x107451a40, {{80.0, 713.3}, {205.0, 38.0}}, label: 'Privacy, retention, and Health data flow'
Path to element:
 →Application, 0x107094c80, pid: 74792, label: 'PumpSync'
  ↳Window (Main), 0x107094dc0, {{0.0, 0.0}, {402.0, 874.0}}
   ↳Other, 0x107094f00, {{0.0, 0.0}, {402.0, 874.0}}
    ↳Other, 0x107095040, {{0.0, 0.0}, {402.0, 874.0}}
     ↳Other, 0x107095180, {{0.0, 0.0}, {402.0, 874.0}}
      ↳Other, 0x1070952c0, {{0.0, 0.0}, {402.0, 874.0}}
       ↳Other, 0x107095400, {{0.0, 0.0}, {402.0, 874.0}}
        ↳Other, 0x107095540, {{0.0, 0.0}, {402.0, 874.0}}
         ↳Other, 0x107095680, {{0.0, 0.0}, {402.0, 874.0}}
          ↳Other, 0x1070957c0, {{0.0, 0.0}, {402.0, 874.0}}
           ↳Other, 0x107095900, {{0.0, 0.0}, {402.0, 874.0}}
            ↳Other, 0x107095a40, {{0.0, 0.0}, {402.0, 874.0}}
             ↳Other, 0x107095b80, {{0.0, 0.0}, {402.0, 874.0}}
              ↳Other, 0x107095f40, {{0.0, 0.0}, {402.0, 874.0}}
               ↳Other, 0x107096080, {{0.0, 0.0}, {402.0, 874.0}}
                ↳Other, 0x1070961c0, {{0.0, 0.0}, {402.0, 874.0}}
                 ↳Other, 0x107096300, {{0.0, 0.0}, {402.0, 874.0}}
                  ↳ScrollView, 0x107096440, {{0.0, 0.0}, {402.0, 874.0}}
                   ↳Other, 0x107097340, {{0.0, 168.0}, {402.0, 826.7}}
                    ↳Button, 0x107451680, {{38.0, 691.0}, {326.0, 60.3}}, identifier: 'DataHandlingLink', label: 'Data Handling', value: Privacy, retention...
                     ↳StaticText, 0x107451a40, {{80.0, 713.3}, {205.0, 38.0}}, label: 'Privacy, retention, and Health data flow'
Query chain:
 →Find: Target Application 'dev.ericslutz.PumpSync'
  Output: {
    Application, 0x10749bc00, pid: 74792, label: 'PumpSync'
  }
  ↪︎Find: Descendant with identity binding to AX element pid: 74792, elementOrHash.elementID: 4404073280.145
    Output: {
      StaticText, 0x107498500, {{80.0, 713.3}, {205.0, 38.0}}, label: 'Privacy, retention, and Health data flow'
    }

    t =    18.90s Find the Any (Descendant with identity binding to AX element pid: 74792, elementOrHash.elementID: 4404281344.148)
    t =    18.93s Requesting snapshot of accessibility hierarchy for app with pid 74792
    t =    18.98s Find: Descendant with identity binding to AX element pid: 74792, elementOrHash.elementID: 4404281344.148
    t =    19.06s Requesting snapshot of accessibility hierarchy for app with pid 74792
    t =    19.11s Find: Descendant with identity binding to AX element pid: 74792, elementOrHash.elementID: 4404281344.148
    t =    19.11s Requesting snapshot of accessibility hierarchy for app with pid 74792
AUDIT_ISSUE large-02-settings | 1 | Contrast failed | Contrast failed for SwiftUI.AccessibilityNode | Attributes: StaticText, 0x107451f40, {{80.0, 763.7}, {132.3, 20.3}}, label: 'About PumpSync'
Element subtree:
 →StaticText, 0x107451f40, {{80.0, 763.7}, {132.3, 20.3}}, label: 'About PumpSync'
Path to element:
 →Application, 0x107094c80, pid: 74792, label: 'PumpSync'
  ↳Window (Main), 0x107094dc0, {{0.0, 0.0}, {402.0, 874.0}}
   ↳Other, 0x107094f00, {{0.0, 0.0}, {402.0, 874.0}}
    ↳Other, 0x107095040, {{0.0, 0.0}, {402.0, 874.0}}
     ↳Other, 0x107095180, {{0.0, 0.0}, {402.0, 874.0}}
      ↳Other, 0x1070952c0, {{0.0, 0.0}, {402.0, 874.0}}
       ↳Other, 0x107095400, {{0.0, 0.0}, {402.0, 874.0}}
        ↳Other, 0x107095540, {{0.0, 0.0}, {402.0, 874.0}}
         ↳Other, 0x107095680, {{0.0, 0.0}, {402.0, 874.0}}
          ↳Other, 0x1070957c0, {{0.0, 0.0}, {402.0, 874.0}}
           ↳Other, 0x107095900, {{0.0, 0.0}, {402.0, 874.0}}
            ↳Other, 0x107095a40, {{0.0, 0.0}, {402.0, 874.0}}
             ↳Other, 0x107095b80, {{0.0, 0.0}, {402.0, 874.0}}
              ↳Other, 0x107095f40, {{0.0, 0.0}, {402.0, 874.0}}
               ↳Other, 0x107096080, {{0.0, 0.0}, {402.0, 874.0}}
                ↳Other, 0x1070961c0, {{0.0, 0.0}, {402.0, 874.0}}
                 ↳Other, 0x107096300, {{0.0, 0.0}, {402.0, 874.0}}
                  ↳ScrollView, 0x107096440, {{0.0, 0.0}, {402.0, 874.0}}
                   ↳Other, 0x107097340, {{0.0, 168.0}, {402.0, 826.7}}
                    ↳Button, 0x107451cc0, {{38.0, 763.7}, {326.0, 40.3}}, identifier: 'AboutPumpSyncLink', label: 'About PumpSync', value: How syncing works
                     ↳StaticText, 0x107451f40, {{80.0, 763.7}, {132.3, 20.3}}, label: 'About PumpSync'
Query chain:
 →Find: Target Application 'dev.ericslutz.PumpSync'
  Output: {
    Application, 0x10749bc00, pid: 74792, label: 'PumpSync'
  }
  ↪︎Find: Descendant with identity binding to AX element pid: 74792, elementOrHash.elementID: 4404281344.148
    Output: {
      StaticText, 0x107498a00, {{80.0, 763.7}, {132.3, 20.3}}, label: 'About PumpSync'
    }

    t =    19.17s Find the Any (Descendant with identity binding to AX element pid: 74792, elementOrHash.elementID: 4404281792.149)
    t =    19.20s Requesting snapshot of accessibility hierarchy for app with pid 74792
    t =    19.24s Find: Descendant with identity binding to AX element pid: 74792, elementOrHash.elementID: 4404281792.149
    t =    19.35s Requesting snapshot of accessibility hierarchy for app with pid 74792
    t =    19.39s Find: Descendant with identity binding to AX element pid: 74792, elementOrHash.elementID: 4404281792.149
    t =    19.40s Requesting snapshot of accessibility hierarchy for app with pid 74792
AUDIT_ISSUE large-02-settings | 1 | Contrast failed | Contrast failed for SwiftUI.AccessibilityNode | Attributes: StaticText, 0x107452080, {{80.0, 786.0}, {132.0, 18.0}}, label: 'How syncing works'
Element subtree:
 →StaticText, 0x107452080, {{80.0, 786.0}, {132.0, 18.0}}, label: 'How syncing works'
Path to element:
 →Application, 0x107094c80, pid: 74792, label: 'PumpSync'
  ↳Window (Main), 0x107094dc0, {{0.0, 0.0}, {402.0, 874.0}}
   ↳Other, 0x107094f00, {{0.0, 0.0}, {402.0, 874.0}}
    ↳Other, 0x107095040, {{0.0, 0.0}, {402.0, 874.0}}
     ↳Other, 0x107095180, {{0.0, 0.0}, {402.0, 874.0}}
      ↳Other, 0x1070952c0, {{0.0, 0.0}, {402.0, 874.0}}
       ↳Other, 0x107095400, {{0.0, 0.0}, {402.0, 874.0}}
        ↳Other, 0x107095540, {{0.0, 0.0}, {402.0, 874.0}}
         ↳Other, 0x107095680, {{0.0, 0.0}, {402.0, 874.0}}
          ↳Other, 0x1070957c0, {{0.0, 0.0}, {402.0, 874.0}}
           ↳Other, 0x107095900, {{0.0, 0.0}, {402.0, 874.0}}
            ↳Other, 0x107095a40, {{0.0, 0.0}, {402.0, 874.0}}
             ↳Other, 0x107095b80, {{0.0, 0.0}, {402.0, 874.0}}
              ↳Other, 0x107095f40, {{0.0, 0.0}, {402.0, 874.0}}
               ↳Other, 0x107096080, {{0.0, 0.0}, {402.0, 874.0}}
                ↳Other, 0x1070961c0, {{0.0, 0.0}, {402.0, 874.0}}
                 ↳Other, 0x107096300, {{0.0, 0.0}, {402.0, 874.0}}
                  ↳ScrollView, 0x107096440, {{0.0, 0.0}, {402.0, 874.0}}
                   ↳Other, 0x107097340, {{0.0, 168.0}, {402.0, 826.7}}
                    ↳Button, 0x107451cc0, {{38.0, 763.7}, {326.0, 40.3}}, identifier: 'AboutPumpSyncLink', label: 'About PumpSync', value: How syncing works
                     ↳StaticText, 0x107452080, {{80.0, 786.0}, {132.0, 18.0}}, label: 'How syncing works'
Query chain:
 →Find: Target Application 'dev.ericslutz.PumpSync'
  Output: {
    Application, 0x10749bc00, pid: 74792, label: 'PumpSync'
  }
  ↪︎Find: Descendant with identity binding to AX element pid: 74792, elementOrHash.elementID: 4404281792.149
    Output: {
      StaticText, 0x107498b40, {{80.0, 786.0}, {132.0, 18.0}}, label: 'How syncing works'
    }

    t =    19.45s Find the Any (Descendant with identity binding to AX element pid: 74792, elementOrHash.elementID: 4404284032.152)
    t =    19.48s Requesting snapshot of accessibility hierarchy for app with pid 74792
    t =    19.52s Find: Descendant with identity binding to AX element pid: 74792, elementOrHash.elementID: 4404284032.152
    t =    19.61s Requesting snapshot of accessibility hierarchy for app with pid 74792
    t =    19.66s Find: Descendant with identity binding to AX element pid: 74792, elementOrHash.elementID: 4404284032.152
    t =    19.66s Requesting snapshot of accessibility hierarchy for app with pid 74792
AUDIT_ISSUE large-02-settings | 1 | Contrast failed | Contrast failed for SwiftUI.AccessibilityNode | Attributes: StaticText, 0x107452580, {{80.0, 816.3}, {77.7, 20.3}}, label: 'Developer'
Element subtree:
 →StaticText, 0x107452580, {{80.0, 816.3}, {77.7, 20.3}}, label: 'Developer'
Path to element:
 →Application, 0x107094c80, pid: 74792, label: 'PumpSync'
  ↳Window (Main), 0x107094dc0, {{0.0, 0.0}, {402.0, 874.0}}
   ↳Other, 0x107094f00, {{0.0, 0.0}, {402.0, 874.0}}
    ↳Other, 0x107095040, {{0.0, 0.0}, {402.0, 874.0}}
     ↳Other, 0x107095180, {{0.0, 0.0}, {402.0, 874.0}}
      ↳Other, 0x1070952c0, {{0.0, 0.0}, {402.0, 874.0}}
       ↳Other, 0x107095400, {{0.0, 0.0}, {402.0, 874.0}}
        ↳Other, 0x107095540, {{0.0, 0.0}, {402.0, 874.0}}
         ↳Other, 0x107095680, {{0.0, 0.0}, {402.0, 874.0}}
          ↳Other, 0x1070957c0, {{0.0, 0.0}, {402.0, 874.0}}
           ↳Other, 0x107095900, {{0.0, 0.0}, {402.0, 874.0}}
            ↳Other, 0x107095a40, {{0.0, 0.0}, {402.0, 874.0}}
             ↳Other, 0x107095b80, {{0.0, 0.0}, {402.0, 874.0}}
              ↳Other, 0x107095f40, {{0.0, 0.0}, {402.0, 874.0}}
               ↳Other, 0x107096080, {{0.0, 0.0}, {402.0, 874.0}}
                ↳Other, 0x1070961c0, {{0.0, 0.0}, {402.0, 874.0}}
                 ↳Other, 0x107096300, {{0.0, 0.0}, {402.0, 874.0}}
                  ↳ScrollView, 0x107096440, {{0.0, 0.0}, {402.0, 874.0}}
                   ↳Other, 0x107097340, {{0.0, 168.0}, {402.0, 826.7}}
                    ↳Button, 0x107452300, {{38.0, 816.3}, {326.0, 40.3}}, identifier: 'DeveloperLink', label: 'Developer', value: Diagnostics, build...
                     ↳StaticText, 0x107452580, {{80.0, 816.3}, {77.7, 20.3}}, label: 'Developer'
Query chain:
 →Find: Target Application 'dev.ericslutz.PumpSync'
  Output: {
    Application, 0x10749bc00, pid: 74792, label: 'PumpSync'
  }
  ↪︎Find: Descendant with identity binding to AX element pid: 74792, elementOrHash.elementID: 4404284032.152
    Output: {
      StaticText, 0x107499040, {{80.0, 816.3}, {77.7, 20.3}}, label: 'Developer'
    }

    t =    19.71s Find the Any (Descendant with identity binding to AX element pid: 74792, elementOrHash.elementID: 4404284480.153)
    t =    19.74s Requesting snapshot of accessibility hierarchy for app with pid 74792
    t =    19.78s Find: Descendant with identity binding to AX element pid: 74792, elementOrHash.elementID: 4404284480.153
    t =    19.87s Requesting snapshot of accessibility hierarchy for app with pid 74792
    t =    19.92s Find: Descendant with identity binding to AX element pid: 74792, elementOrHash.elementID: 4404284480.153
    t =    19.92s Requesting snapshot of accessibility hierarchy for app with pid 74792
AUDIT_ISSUE large-02-settings | 1 | Contrast failed | Contrast failed for SwiftUI.AccessibilityNode | Attributes: StaticText, 0x1074526c0, {{80.0, 838.7}, {241.0, 18.0}}, label: 'Diagnostics, build, and sync details'
Element subtree:
 →StaticText, 0x1074526c0, {{80.0, 838.7}, {241.0, 18.0}}, label: 'Diagnostics, build, and sync details'
Path to element:
 →Application, 0x107094c80, pid: 74792, label: 'PumpSync'
  ↳Window (Main), 0x107094dc0, {{0.0, 0.0}, {402.0, 874.0}}
   ↳Other, 0x107094f00, {{0.0, 0.0}, {402.0, 874.0}}
    ↳Other, 0x107095040, {{0.0, 0.0}, {402.0, 874.0}}
     ↳Other, 0x107095180, {{0.0, 0.0}, {402.0, 874.0}}
      ↳Other, 0x1070952c0, {{0.0, 0.0}, {402.0, 874.0}}
       ↳Other, 0x107095400, {{0.0, 0.0}, {402.0, 874.0}}
        ↳Other, 0x107095540, {{0.0, 0.0}, {402.0, 874.0}}
         ↳Other, 0x107095680, {{0.0, 0.0}, {402.0, 874.0}}
          ↳Other, 0x1070957c0, {{0.0, 0.0}, {402.0, 874.0}}
           ↳Other, 0x107095900, {{0.0, 0.0}, {402.0, 874.0}}
            ↳Other, 0x107095a40, {{0.0, 0.0}, {402.0, 874.0}}
             ↳Other, 0x107095b80, {{0.0, 0.0}, {402.0, 874.0}}
              ↳Other, 0x107095f40, {{0.0, 0.0}, {402.0, 874.0}}
               ↳Other, 0x107096080, {{0.0, 0.0}, {402.0, 874.0}}
                ↳Other, 0x1070961c0, {{0.0, 0.0}, {402.0, 874.0}}
                 ↳Other, 0x107096300, {{0.0, 0.0}, {402.0, 874.0}}
                  ↳ScrollView, 0x107096440, {{0.0, 0.0}, {402.0, 874.0}}
                   ↳Other, 0x107097340, {{0.0, 168.0}, {402.0, 826.7}}
                    ↳Button, 0x107452300, {{38.0, 816.3}, {326.0, 40.3}}, identifier: 'DeveloperLink', label: 'Developer', value: Diagnostics, build...
                     ↳StaticText, 0x1074526c0, {{80.0, 838.7}, {241.0, 18.0}}, label: 'Diagnostics, build, and sync details'
Query chain:
 →Find: Target Application 'dev.ericslutz.PumpSync'
  Output: {
    Application, 0x10749bc00, pid: 74792, label: 'PumpSync'
  }
  ↪︎Find: Descendant with identity binding to AX element pid: 74792, elementOrHash.elementID: 4404284480.153
    Output: {
      StaticText, 0x107499180, {{80.0, 838.7}, {241.0, 18.0}}, label: 'Diagnostics, build, and sync details'
    }

    t =    19.97s Find the "TandemAccountLink" Button
    t =    20.02s Find the "TandemAccountLink" Button
    t =    20.07s Tap "TandemAccountLink" Button
    t =    20.07s     Wait for dev.ericslutz.PumpSync to idle
    t =    20.08s     Find the "TandemAccountLink" Button
    t =    20.11s     Check for interrupting elements affecting "TandemAccountLink" Button
    t =    20.14s     Synthesize event
    t =    20.44s     Wait for dev.ericslutz.PumpSync to idle
    t =    21.41s Find the Target Application 'dev.ericslutz.PumpSync'
    t =    21.56s Added attachment named 'large-tandem.png'
    t =    21.56s Requesting snapshot of accessibility hierarchy for app with pid 74792
    t =    21.70s Requesting snapshot of accessibility hierarchy for app with pid 74792
    t =    21.74s Added attachment named 'large-tandem-tree.txt'
    t =    23.62s Find the Any (Descendant with identity binding to AX element pid: 74792, elementOrHash.elementID: 4404352256.171)
    t =    23.64s Requesting snapshot of accessibility hierarchy for app with pid 74792
    t =    23.68s Find: Descendant with identity binding to AX element pid: 74792, elementOrHash.elementID: 4404352256.171
    t =    23.75s Requesting snapshot of accessibility hierarchy for app with pid 74792
    t =    23.78s Find: Descendant with identity binding to AX element pid: 74792, elementOrHash.elementID: 4404352256.171
    t =    23.79s Requesting snapshot of accessibility hierarchy for app with pid 74792
AUDIT_ISSUE large-tandem | 1 | Contrast nearly passed | Contrast is not high enough for SwiftUI.AccessibilityNode unless font size is larger. | Attributes: StaticText, 0x1070a9680, {{24.0, 180.0}, {123.7, 20.3}}, label: 'Tandem Source'
Element subtree:
 →StaticText, 0x1070a9680, {{24.0, 180.0}, {123.7, 20.3}}, label: 'Tandem Source'
Path to element:
 →Application, 0x10744fe80, pid: 74792, label: 'PumpSync'
  ↳Window (Main), 0x10744fc00, {{0.0, 0.0}, {402.0, 874.0}}
   ↳Other, 0x10744f840, {{0.0, 0.0}, {402.0, 874.0}}
    ↳Other, 0x10744fac0, {{0.0, 0.0}, {402.0, 874.0}}
     ↳Other, 0x10744f980, {{0.0, 0.0}, {402.0, 874.0}}
      ↳Other, 0x10744ee40, {{0.0, 0.0}, {402.0, 874.0}}
       ↳Other, 0x10744f0c0, {{0.0, 0.0}, {402.0, 874.0}}
        ↳Other, 0x10744ef80, {{0.0, 0.0}, {402.0, 874.0}}
         ↳Other, 0x1070a8000, {{0.0, 0.0}, {402.0, 874.0}}
          ↳Other, 0x1070a8140, {{0.0, 0.0}, {402.0, 874.0}}
           ↳Other, 0x1070a8280, {{0.0, 0.0}, {402.0, 874.0}}
            ↳Other, 0x1070a83c0, {{0.0, 0.0}, {402.0, 874.0}}
             ↳Other, 0x1070a8500, {{0.0, 0.0}, {402.0, 874.0}}
              ↳Other, 0x1070a8a00, {{0.0, 0.0}, {402.0, 874.0}}
               ↳Other, 0x1070a8b40, {{0.0, 0.0}, {402.0, 874.0}}
                ↳Other, 0x1070a8c80, {{0.0, 0.0}, {402.0, 874.0}}
                 ↳Other, 0x1070a8dc0, {{0.0, 0.0}, {402.0, 874.0}}
                  ↳ScrollView, 0x1070a8f00, {{0.0, 0.0}, {402.0, 874.0}}
                   ↳Other, 0x1070a9540, {{0.0, 168.0}, {402.0, 434.3}}
                    ↳StaticText, 0x1070a9680, {{24.0, 180.0}, {123.7, 20.3}}, label: 'Tandem Source'
Query chain:
 →Find: Target Application 'dev.ericslutz.PumpSync'
  Output: {
    Application, 0x10747ca00, pid: 74792, label: 'PumpSync'
  }
  ↪︎Find: Descendant with identity binding to AX element pid: 74792, elementOrHash.elementID: 4404352256.171
    Output: {
      StaticText, 0x107452d00, {{24.0, 180.0}, {123.7, 20.3}}, label: 'Tandem Source'
    }

    t =    23.83s Find the Any (Descendant with identity binding to AX element pid: 74792, elementOrHash.elementID: 4404355840.180)
    t =    23.85s Requesting snapshot of accessibility hierarchy for app with pid 74792
    t =    23.89s Find: Descendant with identity binding to AX element pid: 74792, elementOrHash.elementID: 4404355840.180
    t =    23.98s Requesting snapshot of accessibility hierarchy for app with pid 74792
    t =    24.01s Find: Descendant with identity binding to AX element pid: 74792, elementOrHash.elementID: 4404355840.180
    t =    24.02s Requesting snapshot of accessibility hierarchy for app with pid 74792
AUDIT_ISSUE large-tandem | 1 | Contrast failed | Contrast failed for SwiftUI.AccessibilityNode | Attributes: StaticText, 0x1070aa440, {{80.0, 442.2}, {127.7, 20.3}}, label: 'Save Credentials', Disabled
Element subtree:
 →StaticText, 0x1070aa440, {{80.0, 442.2}, {127.7, 20.3}}, label: 'Save Credentials', Disabled
Path to element:
 →Application, 0x10744fc00, pid: 74792, label: 'PumpSync'
  ↳Window (Main), 0x10744f840, {{0.0, 0.0}, {402.0, 874.0}}
   ↳Other, 0x10744fac0, {{0.0, 0.0}, {402.0, 874.0}}
    ↳Other, 0x10744f980, {{0.0, 0.0}, {402.0, 874.0}}
     ↳Other, 0x10744ee40, {{0.0, 0.0}, {402.0, 874.0}}
      ↳Other, 0x10744f0c0, {{0.0, 0.0}, {402.0, 874.0}}
       ↳Other, 0x10744ef80, {{0.0, 0.0}, {402.0, 874.0}}
        ↳Other, 0x1070a8000, {{0.0, 0.0}, {402.0, 874.0}}
         ↳Other, 0x1070a8140, {{0.0, 0.0}, {402.0, 874.0}}
          ↳Other, 0x1070a8280, {{0.0, 0.0}, {402.0, 874.0}}
           ↳Other, 0x1070a83c0, {{0.0, 0.0}, {402.0, 874.0}}
            ↳Other, 0x1070a8500, {{0.0, 0.0}, {402.0, 874.0}}
             ↳Other, 0x1070a8640, {{0.0, 0.0}, {402.0, 874.0}}
              ↳Other, 0x1070a8b40, {{0.0, 0.0}, {402.0, 874.0}}
               ↳Other, 0x1070a8c80, {{0.0, 0.0}, {402.0, 874.0}}
                ↳Other, 0x1070a8dc0, {{0.0, 0.0}, {402.0, 874.0}}
                 ↳Other, 0x1070a8f00, {{0.0, 0.0}, {402.0, 874.0}}
                  ↳ScrollView, 0x1070a9040, {{0.0, 0.0}, {402.0, 874.0}}
                   ↳Other, 0x1070a9680, {{0.0, 168.0}, {402.0, 434.3}}
                    ↳Button, 0x1070aa1c0, {{20.0, 422.3}, {362.0, 60.0}}, label: 'Save Credentials', Disabled
                     ↳StaticText, 0x1070aa440, {{80.0, 442.2}, {127.7, 20.3}}, label: 'Save Credentials', Disabled
Query chain:
 →Find: Target Application 'dev.ericslutz.PumpSync'
  Output: {
    Application, 0x10747ca00, pid: 74792, label: 'PumpSync'
  }
  ↪︎Find: Descendant with identity binding to AX element pid: 74792, elementOrHash.elementID: 4404355840.180
    Output: {
      StaticText, 0x107453ac0, {{80.0, 442.2}, {127.7, 20.3}}, label: 'Save Credentials', Disabled
    }

    t =    24.07s Tap Button (First Match)
    t =    24.07s     Wait for dev.ericslutz.PumpSync to idle
    t =    24.07s     Find the Button (First Match)
    t =    24.11s     Check for interrupting elements affecting "BackButton" Button
    t =    24.14s     Synthesize event
    t =    24.45s     Wait for dev.ericslutz.PumpSync to idle
    t =    24.89s Find the "AppleHealthLink" Button
    t =    24.97s Find the "AppleHealthLink" Button
    t =    25.02s Tap "AppleHealthLink" Button
    t =    25.02s     Wait for dev.ericslutz.PumpSync to idle
    t =    25.02s     Find the "AppleHealthLink" Button
    t =    25.06s     Check for interrupting elements affecting "AppleHealthLink" Button
    t =    25.09s     Synthesize event
    t =    25.39s     Wait for dev.ericslutz.PumpSync to idle
    t =    26.23s Find the Target Application 'dev.ericslutz.PumpSync'
    t =    26.37s Added attachment named 'large-health.png'
    t =    26.37s Requesting snapshot of accessibility hierarchy for app with pid 74792
    t =    26.56s Requesting snapshot of accessibility hierarchy for app with pid 74792
    t =    26.60s Added attachment named 'large-health-tree.txt'
    t =    28.66s Find the Any (Descendant with identity binding to AX element pid: 74792, elementOrHash.elementID: 4404368640.200)
    t =    28.70s Requesting snapshot of accessibility hierarchy for app with pid 74792
    t =    28.74s Find: Descendant with identity binding to AX element pid: 74792, elementOrHash.elementID: 4404368640.200
    t =    28.81s Requesting snapshot of accessibility hierarchy for app with pid 74792
    t =    28.85s Find: Descendant with identity binding to AX element pid: 74792, elementOrHash.elementID: 4404368640.200
    t =    28.85s Requesting snapshot of accessibility hierarchy for app with pid 74792
AUDIT_ISSUE large-health | 1 | Contrast nearly passed | Contrast is not high enough for SwiftUI.AccessibilityNode unless font size is larger. | Attributes: StaticText, 0x1070ab340, {{24.0, 180.0}, {354.0, 64.3}}, label: 'PumpSync writes insulin delivery and carbohydrate samples to Apple Health. It does not read other Health data.'
Element subtree:
 →StaticText, 0x1070ab340, {{24.0, 180.0}, {354.0, 64.3}}, label: 'PumpSync writes insulin delivery and carbohydrate samples to Apple Health. It does not read other Health data.'
Path to element:
 →Application, 0x1070a8a00, pid: 74792, label: 'PumpSync'
  ↳Window (Main), 0x1070a8b40, {{0.0, 0.0}, {402.0, 874.0}}
   ↳Other, 0x1070a8c80, {{0.0, 0.0}, {402.0, 874.0}}
    ↳Other, 0x1070a8dc0, {{0.0, 0.0}, {402.0, 874.0}}
     ↳Other, 0x1070a8f00, {{0.0, 0.0}, {402.0, 874.0}}
      ↳Other, 0x1070a9040, {{0.0, 0.0}, {402.0, 874.0}}
       ↳Other, 0x1070a9180, {{0.0, 0.0}, {402.0, 874.0}}
        ↳Other, 0x1070a92c0, {{0.0, 0.0}, {402.0, 874.0}}
         ↳Other, 0x1070a9400, {{0.0, 0.0}, {402.0, 874.0}}
          ↳Other, 0x1070a9540, {{0.0, 0.0}, {402.0, 874.0}}
           ↳Other, 0x1070a9680, {{0.0, 0.0}, {402.0, 874.0}}
            ↳Other, 0x1070a97c0, {{0.0, 0.0}, {402.0, 874.0}}
             ↳Other, 0x1070a9900, {{0.0, 0.0}, {402.0, 874.0}}
              ↳Other, 0x1070a9e00, {{0.0, 0.0}, {402.0, 874.0}}
               ↳Other, 0x1070a9f40, {{0.0, 0.0}, {402.0, 874.0}}
                ↳Other, 0x1070aa080, {{0.0, 0.0}, {402.0, 874.0}}
                 ↳Other, 0x1070aa1c0, {{0.0, 0.0}, {402.0, 874.0}}
                  ↳ScrollView, 0x1070aa300, {{0.0, 0.0}, {402.0, 874.0}}
                   ↳Other, 0x1070ab200, {{0.0, 168.0}, {402.0, 667.7}}
                    ↳StaticText, 0x1070ab340, {{24.0, 180.0}, {354.0, 64.3}}, label: 'PumpSync writes insulin delivery and carbohydrate samples to Apple Health. It does not read other Health data.'
Query chain:
 →Find: Target Application 'dev.ericslutz.PumpSync'
  Output: {
    Application, 0x107498640, pid: 74792, label: 'PumpSync'
  }
  ↪︎Find: Descendant with identity binding to AX element pid: 74792, elementOrHash.elementID: 4404368640.200
    Output: {
      StaticText, 0x10747c500, {{24.0, 180.0}, {354.0, 64.3}}, label: 'PumpSync writes insulin delivery and carbohydrate samples to Apple Health. It does not read other Health data.'
    }

    t =    28.90s Find the Any (Descendant with identity binding to AX element pid: 74792, elementOrHash.elementID: 4404372672.201)
    t =    28.93s Requesting snapshot of accessibility hierarchy for app with pid 74792
    t =    28.97s Find: Descendant with identity binding to AX element pid: 74792, elementOrHash.elementID: 4404372672.201
    t =    29.04s Requesting snapshot of accessibility hierarchy for app with pid 74792
    t =    29.08s Find: Descendant with identity binding to AX element pid: 74792, elementOrHash.elementID: 4404372672.201
    t =    29.08s Requesting snapshot of accessibility hierarchy for app with pid 74792
AUDIT_ISSUE large-health | 1 | Contrast nearly passed | Contrast is not high enough for SwiftUI.AccessibilityNode unless font size is larger. | Attributes: StaticText, 0x1070ab480, {{24.0, 268.3}, {143.7, 20.3}}, label: 'Write Permissions'
Element subtree:
 →StaticText, 0x1070ab480, {{24.0, 268.3}, {143.7, 20.3}}, label: 'Write Permissions'
Path to element:
 →Application, 0x1070a8a00, pid: 74792, label: 'PumpSync'
  ↳Window (Main), 0x1070a8b40, {{0.0, 0.0}, {402.0, 874.0}}
   ↳Other, 0x1070a8c80, {{0.0, 0.0}, {402.0, 874.0}}
    ↳Other, 0x1070a8dc0, {{0.0, 0.0}, {402.0, 874.0}}
     ↳Other, 0x1070a8f00, {{0.0, 0.0}, {402.0, 874.0}}
      ↳Other, 0x1070a9040, {{0.0, 0.0}, {402.0, 874.0}}
       ↳Other, 0x1070a9180, {{0.0, 0.0}, {402.0, 874.0}}
        ↳Other, 0x1070a92c0, {{0.0, 0.0}, {402.0, 874.0}}
         ↳Other, 0x1070a9400, {{0.0, 0.0}, {402.0, 874.0}}
          ↳Other, 0x1070a9540, {{0.0, 0.0}, {402.0, 874.0}}
           ↳Other, 0x1070a9680, {{0.0, 0.0}, {402.0, 874.0}}
            ↳Other, 0x1070a97c0, {{0.0, 0.0}, {402.0, 874.0}}
             ↳Other, 0x1070a9900, {{0.0, 0.0}, {402.0, 874.0}}
              ↳Other, 0x1070a9e00, {{0.0, 0.0}, {402.0, 874.0}}
               ↳Other, 0x1070a9f40, {{0.0, 0.0}, {402.0, 874.0}}
                ↳Other, 0x1070aa080, {{0.0, 0.0}, {402.0, 874.0}}
                 ↳Other, 0x1070aa1c0, {{0.0, 0.0}, {402.0, 874.0}}
                  ↳ScrollView, 0x1070aa300, {{0.0, 0.0}, {402.0, 874.0}}
                   ↳Other, 0x1070ab200, {{0.0, 168.0}, {402.0, 667.7}}
                    ↳StaticText, 0x1070ab480, {{24.0, 268.3}, {143.7, 20.3}}, label: 'Write Permissions'
Query chain:
 →Find: Target Application 'dev.ericslutz.PumpSync'
  Output: {
    Application, 0x107498640, pid: 74792, label: 'PumpSync'
  }
  ↪︎Find: Descendant with identity binding to AX element pid: 74792, elementOrHash.elementID: 4404372672.201
    Output: {
      StaticText, 0x10747c640, {{24.0, 268.3}, {143.7, 20.3}}, label: 'Write Permissions'
    }

    t =    29.13s Find the Any (Descendant with identity binding to AX element pid: 74792, elementOrHash.elementID: 4404374912.204)
    t =    29.16s Requesting snapshot of accessibility hierarchy for app with pid 74792
    t =    29.20s Find: Descendant with identity binding to AX element pid: 74792, elementOrHash.elementID: 4404374912.204
    t =    29.28s Requesting snapshot of accessibility hierarchy for app with pid 74792
    t =    29.32s Find: Descendant with identity binding to AX element pid: 74792, elementOrHash.elementID: 4404374912.204
    t =    29.32s Requesting snapshot of accessibility hierarchy for app with pid 74792
AUDIT_ISSUE large-health | 1 | Contrast nearly passed | Contrast is not high enough for SwiftUI.AccessibilityNode unless font size is larger. | Attributes: Button, 0x107450000, {{20.0, 449.7}, {362.0, 50.3}}, label: 'Allow Access to Health'
Element subtree:
 →Button, 0x107450000, {{20.0, 449.7}, {362.0, 50.3}}, label: 'Allow Access to Health'
Path to element:
 →Application, 0x1070a8a00, pid: 74792, label: 'PumpSync'
  ↳Window (Main), 0x1070a8b40, {{0.0, 0.0}, {402.0, 874.0}}
   ↳Other, 0x1070a8c80, {{0.0, 0.0}, {402.0, 874.0}}
    ↳Other, 0x1070a8dc0, {{0.0, 0.0}, {402.0, 874.0}}
     ↳Other, 0x1070a8f00, {{0.0, 0.0}, {402.0, 874.0}}
      ↳Other, 0x1070a9040, {{0.0, 0.0}, {402.0, 874.0}}
       ↳Other, 0x1070a9180, {{0.0, 0.0}, {402.0, 874.0}}
        ↳Other, 0x1070a92c0, {{0.0, 0.0}, {402.0, 874.0}}
         ↳Other, 0x1070a9400, {{0.0, 0.0}, {402.0, 874.0}}
          ↳Other, 0x1070a9540, {{0.0, 0.0}, {402.0, 874.0}}
           ↳Other, 0x1070a9680, {{0.0, 0.0}, {402.0, 874.0}}
            ↳Other, 0x1070a97c0, {{0.0, 0.0}, {402.0, 874.0}}
             ↳Other, 0x1070a9900, {{0.0, 0.0}, {402.0, 874.0}}
              ↳Other, 0x1070a9e00, {{0.0, 0.0}, {402.0, 874.0}}
               ↳Other, 0x1070a9f40, {{0.0, 0.0}, {402.0, 874.0}}
                ↳Other, 0x1070aa080, {{0.0, 0.0}, {402.0, 874.0}}
                 ↳Other, 0x1070aa1c0, {{0.0, 0.0}, {402.0, 874.0}}
                  ↳ScrollView, 0x1070aa300, {{0.0, 0.0}, {402.0, 874.0}}
                   ↳Other, 0x1070ab200, {{0.0, 168.0}, {402.0, 667.7}}
                    ↳Button, 0x107450000, {{20.0, 449.7}, {362.0, 50.3}}, label: 'Allow Access to Health'
Query chain:
 →Find: Target Application 'dev.ericslutz.PumpSync'
  Output: {
    Application, 0x107498640, pid: 74792, label: 'PumpSync'
  }
  ↪︎Find: Descendant with identity binding to AX element pid: 74792, elementOrHash.elementID: 4404374912.204
    Output: {
      Button, 0x10747d180, {{20.0, 449.7}, {362.0, 50.3}}, label: 'Allow Access to Health'
    }

    t =    29.37s Find the Any (Descendant with identity binding to AX element pid: 74792, elementOrHash.elementID: 4404373120.205)
    t =    29.40s Requesting snapshot of accessibility hierarchy for app with pid 74792
    t =    29.44s Find: Descendant with identity binding to AX element pid: 74792, elementOrHash.elementID: 4404373120.205
    t =    29.51s Requesting snapshot of accessibility hierarchy for app with pid 74792
    t =    29.55s Find: Descendant with identity binding to AX element pid: 74792, elementOrHash.elementID: 4404373120.205
    t =    29.55s Requesting snapshot of accessibility hierarchy for app with pid 74792
AUDIT_ISSUE large-health | 1 | Contrast nearly passed | Contrast is not high enough for SwiftUI.AccessibilityNode unless font size is larger. | Attributes: StaticText, 0x107450140, {{24.0, 524.0}, {122.7, 20.3}}, label: 'Change Access'
Element subtree:
 →StaticText, 0x107450140, {{24.0, 524.0}, {122.7, 20.3}}, label: 'Change Access'
Path to element:
 →Application, 0x1070a8a00, pid: 74792, label: 'PumpSync'
  ↳Window (Main), 0x1070a8b40, {{0.0, 0.0}, {402.0, 874.0}}
   ↳Other, 0x1070a8c80, {{0.0, 0.0}, {402.0, 874.0}}
    ↳Other, 0x1070a8dc0, {{0.0, 0.0}, {402.0, 874.0}}
     ↳Other, 0x1070a8f00, {{0.0, 0.0}, {402.0, 874.0}}
      ↳Other, 0x1070a9040, {{0.0, 0.0}, {402.0, 874.0}}
       ↳Other, 0x1070a9180, {{0.0, 0.0}, {402.0, 874.0}}
        ↳Other, 0x1070a92c0, {{0.0, 0.0}, {402.0, 874.0}}
         ↳Other, 0x1070a9400, {{0.0, 0.0}, {402.0, 874.0}}
          ↳Other, 0x1070a9540, {{0.0, 0.0}, {402.0, 874.0}}
           ↳Other, 0x1070a9680, {{0.0, 0.0}, {402.0, 874.0}}
            ↳Other, 0x1070a97c0, {{0.0, 0.0}, {402.0, 874.0}}
             ↳Other, 0x1070a9900, {{0.0, 0.0}, {402.0, 874.0}}
              ↳Other, 0x1070a9e00, {{0.0, 0.0}, {402.0, 874.0}}
               ↳Other, 0x1070a9f40, {{0.0, 0.0}, {402.0, 874.0}}
                ↳Other, 0x1070aa080, {{0.0, 0.0}, {402.0, 874.0}}
                 ↳Other, 0x1070aa1c0, {{0.0, 0.0}, {402.0, 874.0}}
                  ↳ScrollView, 0x1070aa300, {{0.0, 0.0}, {402.0, 874.0}}
                   ↳Other, 0x1070ab200, {{0.0, 168.0}, {402.0, 667.7}}
                    ↳StaticText, 0x107450140, {{24.0, 524.0}, {122.7, 20.3}}, label: 'Change Access'
Query chain:
 →Find: Target Application 'dev.ericslutz.PumpSync'
  Output: {
    Application, 0x107498640, pid: 74792, label: 'PumpSync'
  }
  ↪︎Find: Descendant with identity binding to AX element pid: 74792, elementOrHash.elementID: 4404373120.205
    Output: {
      StaticText, 0x10747d2c0, {{24.0, 524.0}, {122.7, 20.3}}, label: 'Change Access'
    }

    t =    29.60s Find the Any (Descendant with identity binding to AX element pid: 74792, elementOrHash.elementID: 4404374464.206)
    t =    29.63s Requesting snapshot of accessibility hierarchy for app with pid 74792
    t =    29.67s Find: Descendant with identity binding to AX element pid: 74792, elementOrHash.elementID: 4404374464.206
    t =    29.75s Requesting snapshot of accessibility hierarchy for app with pid 74792
    t =    29.79s Find: Descendant with identity binding to AX element pid: 74792, elementOrHash.elementID: 4404374464.206
    t =    29.79s Requesting snapshot of accessibility hierarchy for app with pid 74792
AUDIT_ISSUE large-health | 1 | Contrast nearly passed | Contrast is not high enough for SwiftUI.AccessibilityNode unless font size is larger. | Attributes: StaticText, 0x107450280, {{44.3, 566.3}, {7.3, 18.0}}, label: '1'
Element subtree:
 →StaticText, 0x107450280, {{44.3, 566.3}, {7.3, 18.0}}, label: '1'
Path to element:
 →Application, 0x1070a8a00, pid: 74792, label: 'PumpSync'
  ↳Window (Main), 0x1070a8b40, {{0.0, 0.0}, {402.0, 874.0}}
   ↳Other, 0x1070a8c80, {{0.0, 0.0}, {402.0, 874.0}}
    ↳Other, 0x1070a8dc0, {{0.0, 0.0}, {402.0, 874.0}}
     ↳Other, 0x1070a8f00, {{0.0, 0.0}, {402.0, 874.0}}
      ↳Other, 0x1070a9040, {{0.0, 0.0}, {402.0, 874.0}}
       ↳Other, 0x1070a9180, {{0.0, 0.0}, {402.0, 874.0}}
        ↳Other, 0x1070a92c0, {{0.0, 0.0}, {402.0, 874.0}}
         ↳Other, 0x1070a9400, {{0.0, 0.0}, {402.0, 874.0}}
          ↳Other, 0x1070a9540, {{0.0, 0.0}, {402.0, 874.0}}
           ↳Other, 0x1070a9680, {{0.0, 0.0}, {402.0, 874.0}}
            ↳Other, 0x1070a97c0, {{0.0, 0.0}, {402.0, 874.0}}
             ↳Other, 0x1070a9900, {{0.0, 0.0}, {402.0, 874.0}}
              ↳Other, 0x1070a9e00, {{0.0, 0.0}, {402.0, 874.0}}
               ↳Other, 0x1070a9f40, {{0.0, 0.0}, {402.0, 874.0}}
                ↳Other, 0x1070aa080, {{0.0, 0.0}, {402.0, 874.0}}
                 ↳Other, 0x1070aa1c0, {{0.0, 0.0}, {402.0, 874.0}}
                  ↳ScrollView, 0x1070aa300, {{0.0, 0.0}, {402.0, 874.0}}
                   ↳Other, 0x1070ab200, {{0.0, 168.0}, {402.0, 667.7}}
                    ↳StaticText, 0x107450280, {{44.3, 566.3}, {7.3, 18.0}}, label: '1'
Query chain:
 →Find: Target Application 'dev.ericslutz.PumpSync'
  Output: {
    Application, 0x107498640, pid: 74792, label: 'PumpSync'
  }
  ↪︎Find: Descendant with identity binding to AX element pid: 74792, elementOrHash.elementID: 4404374464.206
    Output: {
      StaticText, 0x10747d400, {{44.3, 566.3}, {7.3, 18.0}}, label: '1'
    }

    t =    29.84s Find the Any (Descendant with identity binding to AX element pid: 74792, elementOrHash.elementID: 4404373568.207)
    t =    29.87s Requesting snapshot of accessibility hierarchy for app with pid 74792
    t =    29.91s Find: Descendant with identity binding to AX element pid: 74792, elementOrHash.elementID: 4404373568.207
    t =    29.98s Requesting snapshot of accessibility hierarchy for app with pid 74792
    t =    30.02s Find: Descendant with identity binding to AX element pid: 74792, elementOrHash.elementID: 4404373568.207
    t =    30.03s Requesting snapshot of accessibility hierarchy for app with pid 74792
AUDIT_ISSUE large-health | 1 | Contrast nearly passed | Contrast is not high enough for SwiftUI.AccessibilityNode unless font size is larger. | Attributes: StaticText, 0x1074503c0, {{70.0, 564.3}, {113.3, 20.3}}, label: 'Open Settings.'
Element subtree:
 →StaticText, 0x1074503c0, {{70.0, 564.3}, {113.3, 20.3}}, label: 'Open Settings.'
Path to element:
 →Application, 0x1070a8a00, pid: 74792, label: 'PumpSync'
  ↳Window (Main), 0x1070a8b40, {{0.0, 0.0}, {402.0, 874.0}}
   ↳Other, 0x1070a8c80, {{0.0, 0.0}, {402.0, 874.0}}
    ↳Other, 0x1070a8dc0, {{0.0, 0.0}, {402.0, 874.0}}
     ↳Other, 0x1070a8f00, {{0.0, 0.0}, {402.0, 874.0}}
      ↳Other, 0x1070a9040, {{0.0, 0.0}, {402.0, 874.0}}
       ↳Other, 0x1070a9180, {{0.0, 0.0}, {402.0, 874.0}}
        ↳Other, 0x1070a92c0, {{0.0, 0.0}, {402.0, 874.0}}
         ↳Other, 0x1070a9400, {{0.0, 0.0}, {402.0, 874.0}}
          ↳Other, 0x1070a9540, {{0.0, 0.0}, {402.0, 874.0}}
           ↳Other, 0x1070a9680, {{0.0, 0.0}, {402.0, 874.0}}
            ↳Other, 0x1070a97c0, {{0.0, 0.0}, {402.0, 874.0}}
             ↳Other, 0x1070a9900, {{0.0, 0.0}, {402.0, 874.0}}
              ↳Other, 0x1070a9e00, {{0.0, 0.0}, {402.0, 874.0}}
               ↳Other, 0x1070a9f40, {{0.0, 0.0}, {402.0, 874.0}}
                ↳Other, 0x1070aa080, {{0.0, 0.0}, {402.0, 874.0}}
                 ↳Other, 0x1070aa1c0, {{0.0, 0.0}, {402.0, 874.0}}
                  ↳ScrollView, 0x1070aa300, {{0.0, 0.0}, {402.0, 874.0}}
                   ↳Other, 0x1070ab200, {{0.0, 168.0}, {402.0, 667.7}}
                    ↳StaticText, 0x1074503c0, {{70.0, 564.3}, {113.3, 20.3}}, label: 'Open Settings.'
Query chain:
 →Find: Target Application 'dev.ericslutz.PumpSync'
  Output: {
    Application, 0x107498640, pid: 74792, label: 'PumpSync'
  }
  ↪︎Find: Descendant with identity binding to AX element pid: 74792, elementOrHash.elementID: 4404373568.207
    Output: {
      StaticText, 0x10747d540, {{70.0, 564.3}, {113.3, 20.3}}, label: 'Open Settings.'
    }

    t =    30.07s Find the Any (Descendant with identity binding to AX element pid: 74792, elementOrHash.elementID: 4404367744.208)
    t =    30.10s Requesting snapshot of accessibility hierarchy for app with pid 74792
    t =    30.14s Find: Descendant with identity binding to AX element pid: 74792, elementOrHash.elementID: 4404367744.208
    t =    30.23s Requesting snapshot of accessibility hierarchy for app with pid 74792
    t =    30.27s Find: Descendant with identity binding to AX element pid: 74792, elementOrHash.elementID: 4404367744.208
    t =    30.27s Requesting snapshot of accessibility hierarchy for app with pid 74792
AUDIT_ISSUE large-health | 1 | Contrast nearly passed | Contrast is not high enough for SwiftUI.AccessibilityNode unless font size is larger. | Attributes: StaticText, 0x107450500, {{43.3, 598.7}, {9.3, 18.0}}, label: '2'
Element subtree:
 →StaticText, 0x107450500, {{43.3, 598.7}, {9.3, 18.0}}, label: '2'
Path to element:
 →Application, 0x1070a8a00, pid: 74792, label: 'PumpSync'
  ↳Window (Main), 0x1070a8b40, {{0.0, 0.0}, {402.0, 874.0}}
   ↳Other, 0x1070a8c80, {{0.0, 0.0}, {402.0, 874.0}}
    ↳Other, 0x1070a8dc0, {{0.0, 0.0}, {402.0, 874.0}}
     ↳Other, 0x1070a8f00, {{0.0, 0.0}, {402.0, 874.0}}
      ↳Other, 0x1070a9040, {{0.0, 0.0}, {402.0, 874.0}}
       ↳Other, 0x1070a9180, {{0.0, 0.0}, {402.0, 874.0}}
        ↳Other, 0x1070a92c0, {{0.0, 0.0}, {402.0, 874.0}}
         ↳Other, 0x1070a9400, {{0.0, 0.0}, {402.0, 874.0}}
          ↳Other, 0x1070a9540, {{0.0, 0.0}, {402.0, 874.0}}
           ↳Other, 0x1070a9680, {{0.0, 0.0}, {402.0, 874.0}}
            ↳Other, 0x1070a97c0, {{0.0, 0.0}, {402.0, 874.0}}
             ↳Other, 0x1070a9900, {{0.0, 0.0}, {402.0, 874.0}}
              ↳Other, 0x1070a9e00, {{0.0, 0.0}, {402.0, 874.0}}
               ↳Other, 0x1070a9f40, {{0.0, 0.0}, {402.0, 874.0}}
                ↳Other, 0x1070aa080, {{0.0, 0.0}, {402.0, 874.0}}
                 ↳Other, 0x1070aa1c0, {{0.0, 0.0}, {402.0, 874.0}}
                  ↳ScrollView, 0x1070aa300, {{0.0, 0.0}, {402.0, 874.0}}
                   ↳Other, 0x1070ab200, {{0.0, 168.0}, {402.0, 667.7}}
                    ↳StaticText, 0x107450500, {{43.3, 598.7}, {9.3, 18.0}}, label: '2'
Query chain:
 →Find: Target Application 'dev.ericslutz.PumpSync'
  Output: {
    Application, 0x107498640, pid: 74792, label: 'PumpSync'
  }
  ↪︎Find: Descendant with identity binding to AX element pid: 74792, elementOrHash.elementID: 4404367744.208
    Output: {
      StaticText, 0x10747d680, {{43.3, 598.7}, {9.3, 18.0}}, label: '2'
    }

    t =    30.32s Find the Any (Descendant with identity binding to AX element pid: 74792, elementOrHash.elementID: 4404377152.209)
    t =    30.35s Requesting snapshot of accessibility hierarchy for app with pid 74792
    t =    30.39s Find: Descendant with identity binding to AX element pid: 74792, elementOrHash.elementID: 4404377152.209
    t =    30.48s Requesting snapshot of accessibility hierarchy for app with pid 74792
    t =    30.52s Find: Descendant with identity binding to AX element pid: 74792, elementOrHash.elementID: 4404377152.209
    t =    30.52s Requesting snapshot of accessibility hierarchy for app with pid 74792
AUDIT_ISSUE large-health | 1 | Contrast nearly passed | Contrast is not high enough for SwiftUI.AccessibilityNode unless font size is larger. | Attributes: StaticText, 0x107450640, {{70.0, 596.7}, {270.7, 20.3}}, label: 'Tap Privacy & Security, then Health.'
Element subtree:
 →StaticText, 0x107450640, {{70.0, 596.7}, {270.7, 20.3}}, label: 'Tap Privacy & Security, then Health.'
Path to element:
 →Application, 0x1070a8a00, pid: 74792, label: 'PumpSync'
  ↳Window (Main), 0x1070a8b40, {{0.0, 0.0}, {402.0, 874.0}}
   ↳Other, 0x1070a8c80, {{0.0, 0.0}, {402.0, 874.0}}
    ↳Other, 0x1070a8dc0, {{0.0, 0.0}, {402.0, 874.0}}
     ↳Other, 0x1070a8f00, {{0.0, 0.0}, {402.0, 874.0}}
      ↳Other, 0x1070a9040, {{0.0, 0.0}, {402.0, 874.0}}
       ↳Other, 0x1070a9180, {{0.0, 0.0}, {402.0, 874.0}}
        ↳Other, 0x1070a92c0, {{0.0, 0.0}, {402.0, 874.0}}
         ↳Other, 0x1070a9400, {{0.0, 0.0}, {402.0, 874.0}}
          ↳Other, 0x1070a9540, {{0.0, 0.0}, {402.0, 874.0}}
           ↳Other, 0x1070a9680, {{0.0, 0.0}, {402.0, 874.0}}
            ↳Other, 0x1070a97c0, {{0.0, 0.0}, {402.0, 874.0}}
             ↳Other, 0x1070a9900, {{0.0, 0.0}, {402.0, 874.0}}
              ↳Other, 0x1070a9e00, {{0.0, 0.0}, {402.0, 874.0}}
               ↳Other, 0x1070a9f40, {{0.0, 0.0}, {402.0, 874.0}}
                ↳Other, 0x1070aa080, {{0.0, 0.0}, {402.0, 874.0}}
                 ↳Other, 0x1070aa1c0, {{0.0, 0.0}, {402.0, 874.0}}
                  ↳ScrollView, 0x1070aa300, {{0.0, 0.0}, {402.0, 874.0}}
                   ↳Other, 0x1070ab200, {{0.0, 168.0}, {402.0, 667.7}}
                    ↳StaticText, 0x107450640, {{70.0, 596.7}, {270.7, 20.3}}, label: 'Tap Privacy & Security, then Health.'
Query chain:
 →Find: Target Application 'dev.ericslutz.PumpSync'
  Output: {
    Application, 0x107498640, pid: 74792, label: 'PumpSync'
  }
  ↪︎Find: Descendant with identity binding to AX element pid: 74792, elementOrHash.elementID: 4404377152.209
    Output: {
      StaticText, 0x10747d7c0, {{70.0, 596.7}, {270.7, 20.3}}, label: 'Tap Privacy & Security, then Health.'
    }

    t =    30.57s Find the Any (Descendant with identity binding to AX element pid: 74792, elementOrHash.elementID: 4404440448.210)
    t =    30.61s Requesting snapshot of accessibility hierarchy for app with pid 74792
    t =    30.65s Find: Descendant with identity binding to AX element pid: 74792, elementOrHash.elementID: 4404440448.210
    t =    30.73s Requesting snapshot of accessibility hierarchy for app with pid 74792
    t =    30.78s Find: Descendant with identity binding to AX element pid: 74792, elementOrHash.elementID: 4404440448.210
    t =    30.78s Requesting snapshot of accessibility hierarchy for app with pid 74792
AUDIT_ISSUE large-health | 1 | Contrast nearly passed | Contrast is not high enough for SwiftUI.AccessibilityNode unless font size is larger. | Attributes: StaticText, 0x107450780, {{43.2, 631.0}, {9.7, 18.0}}, label: '3'
Element subtree:
 →StaticText, 0x107450780, {{43.2, 631.0}, {9.7, 18.0}}, label: '3'
Path to element:
 →Application, 0x1070a8a00, pid: 74792, label: 'PumpSync'
  ↳Window (Main), 0x1070a8b40, {{0.0, 0.0}, {402.0, 874.0}}
   ↳Other, 0x1070a8c80, {{0.0, 0.0}, {402.0, 874.0}}
    ↳Other, 0x1070a8dc0, {{0.0, 0.0}, {402.0, 874.0}}
     ↳Other, 0x1070a8f00, {{0.0, 0.0}, {402.0, 874.0}}
      ↳Other, 0x1070a9040, {{0.0, 0.0}, {402.0, 874.0}}
       ↳Other, 0x1070a9180, {{0.0, 0.0}, {402.0, 874.0}}
        ↳Other, 0x1070a92c0, {{0.0, 0.0}, {402.0, 874.0}}
         ↳Other, 0x1070a9400, {{0.0, 0.0}, {402.0, 874.0}}
          ↳Other, 0x1070a9540, {{0.0, 0.0}, {402.0, 874.0}}
           ↳Other, 0x1070a9680, {{0.0, 0.0}, {402.0, 874.0}}
            ↳Other, 0x1070a97c0, {{0.0, 0.0}, {402.0, 874.0}}
             ↳Other, 0x1070a9900, {{0.0, 0.0}, {402.0, 874.0}}
              ↳Other, 0x1070a9e00, {{0.0, 0.0}, {402.0, 874.0}}
               ↳Other, 0x1070a9f40, {{0.0, 0.0}, {402.0, 874.0}}
                ↳Other, 0x1070aa080, {{0.0, 0.0}, {402.0, 874.0}}
                 ↳Other, 0x1070aa1c0, {{0.0, 0.0}, {402.0, 874.0}}
                  ↳ScrollView, 0x1070aa300, {{0.0, 0.0}, {402.0, 874.0}}
                   ↳Other, 0x1070ab200, {{0.0, 168.0}, {402.0, 667.7}}
                    ↳StaticText, 0x107450780, {{43.2, 631.0}, {9.7, 18.0}}, label: '3'
Query chain:
 →Find: Target Application 'dev.ericslutz.PumpSync'
  Output: {
    Application, 0x107498640, pid: 74792, label: 'PumpSync'
  }
  ↪︎Find: Descendant with identity binding to AX element pid: 74792, elementOrHash.elementID: 4404440448.210
    Output: {
      StaticText, 0x10747d900, {{43.2, 631.0}, {9.7, 18.0}}, label: '3'
    }

    t =    30.83s Find the Any (Descendant with identity binding to AX element pid: 74792, elementOrHash.elementID: 4404399616.211)
    t =    30.87s Requesting snapshot of accessibility hierarchy for app with pid 74792
    t =    30.91s Find: Descendant with identity binding to AX element pid: 74792, elementOrHash.elementID: 4404399616.211
    t =    30.99s Requesting snapshot of accessibility hierarchy for app with pid 74792
    t =    31.03s Find: Descendant with identity binding to AX element pid: 74792, elementOrHash.elementID: 4404399616.211
    t =    31.03s Requesting snapshot of accessibility hierarchy for app with pid 74792
AUDIT_ISSUE large-health | 1 | Contrast nearly passed | Contrast is not high enough for SwiftUI.AccessibilityNode unless font size is larger. | Attributes: StaticText, 0x1074508c0, {{70.0, 629.0}, {139.0, 20.3}}, label: 'Select PumpSync.'
Element subtree:
 →StaticText, 0x1074508c0, {{70.0, 629.0}, {139.0, 20.3}}, label: 'Select PumpSync.'
Path to element:
 →Application, 0x1070a8a00, pid: 74792, label: 'PumpSync'
  ↳Window (Main), 0x1070a8b40, {{0.0, 0.0}, {402.0, 874.0}}
   ↳Other, 0x1070a8c80, {{0.0, 0.0}, {402.0, 874.0}}
    ↳Other, 0x1070a8dc0, {{0.0, 0.0}, {402.0, 874.0}}
     ↳Other, 0x1070a8f00, {{0.0, 0.0}, {402.0, 874.0}}
      ↳Other, 0x1070a9040, {{0.0, 0.0}, {402.0, 874.0}}
       ↳Other, 0x1070a9180, {{0.0, 0.0}, {402.0, 874.0}}
        ↳Other, 0x1070a92c0, {{0.0, 0.0}, {402.0, 874.0}}
         ↳Other, 0x1070a9400, {{0.0, 0.0}, {402.0, 874.0}}
          ↳Other, 0x1070a9540, {{0.0, 0.0}, {402.0, 874.0}}
           ↳Other, 0x1070a9680, {{0.0, 0.0}, {402.0, 874.0}}
            ↳Other, 0x1070a97c0, {{0.0, 0.0}, {402.0, 874.0}}
             ↳Other, 0x1070a9900, {{0.0, 0.0}, {402.0, 874.0}}
              ↳Other, 0x1070a9e00, {{0.0, 0.0}, {402.0, 874.0}}
               ↳Other, 0x1070a9f40, {{0.0, 0.0}, {402.0, 874.0}}
                ↳Other, 0x1070aa080, {{0.0, 0.0}, {402.0, 874.0}}
                 ↳Other, 0x1070aa1c0, {{0.0, 0.0}, {402.0, 874.0}}
                  ↳ScrollView, 0x1070aa300, {{0.0, 0.0}, {402.0, 874.0}}
                   ↳Other, 0x1070ab200, {{0.0, 168.0}, {402.0, 667.7}}
                    ↳StaticText, 0x1074508c0, {{70.0, 629.0}, {139.0, 20.3}}, label: 'Select PumpSync.'
Query chain:
 →Find: Target Application 'dev.ericslutz.PumpSync'
  Output: {
    Application, 0x107498640, pid: 74792, label: 'PumpSync'
  }
  ↪︎Find: Descendant with identity binding to AX element pid: 74792, elementOrHash.elementID: 4404399616.211
    Output: {
      StaticText, 0x10747da40, {{70.0, 629.0}, {139.0, 20.3}}, label: 'Select PumpSync.'
    }

    t =    31.08s Find the Any (Descendant with identity binding to AX element pid: 74792, elementOrHash.elementID: 4404398720.212)
    t =    31.11s Requesting snapshot of accessibility hierarchy for app with pid 74792
    t =    31.15s Find: Descendant with identity binding to AX element pid: 74792, elementOrHash.elementID: 4404398720.212
    t =    31.23s Requesting snapshot of accessibility hierarchy for app with pid 74792
    t =    31.27s Find: Descendant with identity binding to AX element pid: 74792, elementOrHash.elementID: 4404398720.212
    t =    31.27s Requesting snapshot of accessibility hierarchy for app with pid 74792
AUDIT_ISSUE large-health | 1 | Contrast nearly passed | Contrast is not high enough for SwiftUI.AccessibilityNode unless font size is larger. | Attributes: StaticText, 0x107450a00, {{43.0, 663.3}, {10.0, 18.0}}, label: '4'
Element subtree:
 →StaticText, 0x107450a00, {{43.0, 663.3}, {10.0, 18.0}}, label: '4'
Path to element:
 →Application, 0x1070a8a00, pid: 74792, label: 'PumpSync'
  ↳Window (Main), 0x1070a8b40, {{0.0, 0.0}, {402.0, 874.0}}
   ↳Other, 0x1070a8c80, {{0.0, 0.0}, {402.0, 874.0}}
    ↳Other, 0x1070a8dc0, {{0.0, 0.0}, {402.0, 874.0}}
     ↳Other, 0x1070a8f00, {{0.0, 0.0}, {402.0, 874.0}}
      ↳Other, 0x1070a9040, {{0.0, 0.0}, {402.0, 874.0}}
       ↳Other, 0x1070a9180, {{0.0, 0.0}, {402.0, 874.0}}
        ↳Other, 0x1070a92c0, {{0.0, 0.0}, {402.0, 874.0}}
         ↳Other, 0x1070a9400, {{0.0, 0.0}, {402.0, 874.0}}
          ↳Other, 0x1070a9540, {{0.0, 0.0}, {402.0, 874.0}}
           ↳Other, 0x1070a9680, {{0.0, 0.0}, {402.0, 874.0}}
            ↳Other, 0x1070a97c0, {{0.0, 0.0}, {402.0, 874.0}}
             ↳Other, 0x1070a9900, {{0.0, 0.0}, {402.0, 874.0}}
              ↳Other, 0x1070a9e00, {{0.0, 0.0}, {402.0, 874.0}}
               ↳Other, 0x1070a9f40, {{0.0, 0.0}, {402.0, 874.0}}
                ↳Other, 0x1070aa080, {{0.0, 0.0}, {402.0, 874.0}}
                 ↳Other, 0x1070aa1c0, {{0.0, 0.0}, {402.0, 874.0}}
                  ↳ScrollView, 0x1070aa300, {{0.0, 0.0}, {402.0, 874.0}}
                   ↳Other, 0x1070ab200, {{0.0, 168.0}, {402.0, 667.7}}
                    ↳StaticText, 0x107450a00, {{43.0, 663.3}, {10.0, 18.0}}, label: '4'
Query chain:
 →Find: Target Application 'dev.ericslutz.PumpSync'
  Output: {
    Application, 0x107498640, pid: 74792, label: 'PumpSync'
  }
  ↪︎Find: Descendant with identity binding to AX element pid: 74792, elementOrHash.elementID: 4404398720.212
    Output: {
      StaticText, 0x10747db80, {{43.0, 663.3}, {10.0, 18.0}}, label: '4'
    }

    t =    31.32s Find the Any (Descendant with identity binding to AX element pid: 74792, elementOrHash.elementID: 4404396032.213)
    t =    31.35s Requesting snapshot of accessibility hierarchy for app with pid 74792
    t =    31.39s Find: Descendant with identity binding to AX element pid: 74792, elementOrHash.elementID: 4404396032.213
    t =    31.48s Requesting snapshot of accessibility hierarchy for app with pid 74792
    t =    31.52s Find: Descendant with identity binding to AX element pid: 74792, elementOrHash.elementID: 4404396032.213
    t =    31.52s Requesting snapshot of accessibility hierarchy for app with pid 74792
AUDIT_ISSUE large-health | 1 | Contrast nearly passed | Contrast is not high enough for SwiftUI.AccessibilityNode unless font size is larger. | Attributes: StaticText, 0x107450b40, {{70.0, 661.3}, {190.3, 42.3}}, label: 'Turn Insulin Delivery and Carbohydrates on or off.'
Element subtree:
 →StaticText, 0x107450b40, {{70.0, 661.3}, {190.3, 42.3}}, label: 'Turn Insulin Delivery and Carbohydrates on or off.'
Path to element:
 →Application, 0x1070a8a00, pid: 74792, label: 'PumpSync'
  ↳Window (Main), 0x1070a8b40, {{0.0, 0.0}, {402.0, 874.0}}
   ↳Other, 0x1070a8c80, {{0.0, 0.0}, {402.0, 874.0}}
    ↳Other, 0x1070a8dc0, {{0.0, 0.0}, {402.0, 874.0}}
     ↳Other, 0x1070a8f00, {{0.0, 0.0}, {402.0, 874.0}}
      ↳Other, 0x1070a9040, {{0.0, 0.0}, {402.0, 874.0}}
       ↳Other, 0x1070a9180, {{0.0, 0.0}, {402.0, 874.0}}
        ↳Other, 0x1070a92c0, {{0.0, 0.0}, {402.0, 874.0}}
         ↳Other, 0x1070a9400, {{0.0, 0.0}, {402.0, 874.0}}
          ↳Other, 0x1070a9540, {{0.0, 0.0}, {402.0, 874.0}}
           ↳Other, 0x1070a9680, {{0.0, 0.0}, {402.0, 874.0}}
            ↳Other, 0x1070a97c0, {{0.0, 0.0}, {402.0, 874.0}}
             ↳Other, 0x1070a9900, {{0.0, 0.0}, {402.0, 874.0}}
              ↳Other, 0x1070a9e00, {{0.0, 0.0}, {402.0, 874.0}}
               ↳Other, 0x1070a9f40, {{0.0, 0.0}, {402.0, 874.0}}
                ↳Other, 0x1070aa080, {{0.0, 0.0}, {402.0, 874.0}}
                 ↳Other, 0x1070aa1c0, {{0.0, 0.0}, {402.0, 874.0}}
                  ↳ScrollView, 0x1070aa300, {{0.0, 0.0}, {402.0, 874.0}}
                   ↳Other, 0x1070ab200, {{0.0, 168.0}, {402.0, 667.7}}
                    ↳StaticText, 0x107450b40, {{70.0, 661.3}, {190.3, 42.3}}, label: 'Turn Insulin Delivery and Carbohydrates on or off.'
Query chain:
 →Find: Target Application 'dev.ericslutz.PumpSync'
  Output: {
    Application, 0x107498640, pid: 74792, label: 'PumpSync'
  }
  ↪︎Find: Descendant with identity binding to AX element pid: 74792, elementOrHash.elementID: 4404396032.213
    Output: {
      StaticText, 0x10747dcc0, {{70.0, 661.3}, {190.3, 42.3}}, label: 'Turn Insulin Delivery and Carbohydrates on or off.'
    }

    t =    31.57s Find the Any (Descendant with identity binding to AX element pid: 74792, elementOrHash.elementID: 4404370880.219)
    t =    31.60s Requesting snapshot of accessibility hierarchy for app with pid 74792
    t =    31.64s Find: Descendant with identity binding to AX element pid: 74792, elementOrHash.elementID: 4404370880.219
    t =    31.72s Requesting snapshot of accessibility hierarchy for app with pid 74792
    t =    31.76s Find: Descendant with identity binding to AX element pid: 74792, elementOrHash.elementID: 4404370880.219
    t =    31.76s Requesting snapshot of accessibility hierarchy for app with pid 74792
AUDIT_ISSUE large-health | 1 | Contrast nearly passed | Contrast is not high enough for SwiftUI.AccessibilityNode unless font size is larger. | Attributes: StaticText, 0x1070abac0, {{80.0, 337.0}, {50.0, 18.0}}, label: 'Not set'
Element subtree:
 →StaticText, 0x1070abac0, {{80.0, 337.0}, {50.0, 18.0}}, label: 'Not set'
Path to element:
 →Application, 0x1070a8b40, pid: 74792, label: 'PumpSync'
  ↳Window (Main), 0x1070a8c80, {{0.0, 0.0}, {402.0, 874.0}}
   ↳Other, 0x1070a8dc0, {{0.0, 0.0}, {402.0, 874.0}}
    ↳Other, 0x1070a8f00, {{0.0, 0.0}, {402.0, 874.0}}
     ↳Other, 0x1070a9040, {{0.0, 0.0}, {402.0, 874.0}}
      ↳Other, 0x1070a9180, {{0.0, 0.0}, {402.0, 874.0}}
       ↳Other, 0x1070a92c0, {{0.0, 0.0}, {402.0, 874.0}}
        ↳Other, 0x1070a9400, {{0.0, 0.0}, {402.0, 874.0}}
         ↳Other, 0x1070a9540, {{0.0, 0.0}, {402.0, 874.0}}
          ↳Other, 0x1070a9680, {{0.0, 0.0}, {402.0, 874.0}}
           ↳Other, 0x1070a97c0, {{0.0, 0.0}, {402.0, 874.0}}
            ↳Other, 0x1070a9900, {{0.0, 0.0}, {402.0, 874.0}}
             ↳Other, 0x1070a9a40, {{0.0, 0.0}, {402.0, 874.0}}
              ↳Other, 0x1070a9f40, {{0.0, 0.0}, {402.0, 874.0}}
               ↳Other, 0x1070aa080, {{0.0, 0.0}, {402.0, 874.0}}
                ↳Other, 0x1070aa1c0, {{0.0, 0.0}, {402.0, 874.0}}
                 ↳Other, 0x1070aa300, {{0.0, 0.0}, {402.0, 874.0}}
                  ↳ScrollView, 0x1070aa440, {{0.0, 0.0}, {402.0, 874.0}}
                   ↳Other, 0x1070ab340, {{0.0, 168.0}, {402.0, 667.7}}
                    ↳Other, 0x1070ab700, {{40.7, 314.7}, {152.0, 40.3}}, label: 'Insulin delivery', value: Not set
                     ↳StaticText, 0x1070abac0, {{80.0, 337.0}, {50.0, 18.0}}, label: 'Not set'
Query chain:
 →Find: Target Application 'dev.ericslutz.PumpSync'
  Output: {
    Application, 0x107498640, pid: 74792, label: 'PumpSync'
  }
  ↪︎Find: Descendant with identity binding to AX element pid: 74792, elementOrHash.elementID: 4404370880.219
    Output: {
      StaticText, 0x10747cb40, {{80.0, 337.0}, {50.0, 18.0}}, label: 'Not set'
    }

    t =    31.81s Find the Any (Descendant with identity binding to AX element pid: 74792, elementOrHash.elementID: 4404376256.222)
    t =    31.84s Requesting snapshot of accessibility hierarchy for app with pid 74792
    t =    31.88s Find: Descendant with identity binding to AX element pid: 74792, elementOrHash.elementID: 4404376256.222
    t =    31.97s Requesting snapshot of accessibility hierarchy for app with pid 74792
    t =    32.01s Find: Descendant with identity binding to AX element pid: 74792, elementOrHash.elementID: 4404376256.222
    t =    32.01s Requesting snapshot of accessibility hierarchy for app with pid 74792
AUDIT_ISSUE large-health | 1 | Contrast nearly passed | Contrast is not high enough for SwiftUI.AccessibilityNode unless font size is larger. | Attributes: StaticText, 0x107450000, {{80.0, 389.7}, {50.0, 18.0}}, label: 'Not set'
Element subtree:
 →StaticText, 0x107450000, {{80.0, 389.7}, {50.0, 18.0}}, label: 'Not set'
Path to element:
 →Application, 0x1070a8b40, pid: 74792, label: 'PumpSync'
  ↳Window (Main), 0x1070a8c80, {{0.0, 0.0}, {402.0, 874.0}}
   ↳Other, 0x1070a8dc0, {{0.0, 0.0}, {402.0, 874.0}}
    ↳Other, 0x1070a8f00, {{0.0, 0.0}, {402.0, 874.0}}
     ↳Other, 0x1070a9040, {{0.0, 0.0}, {402.0, 874.0}}
      ↳Other, 0x1070a9180, {{0.0, 0.0}, {402.0, 874.0}}
       ↳Other, 0x1070a92c0, {{0.0, 0.0}, {402.0, 874.0}}
        ↳Other, 0x1070a9400, {{0.0, 0.0}, {402.0, 874.0}}
         ↳Other, 0x1070a9540, {{0.0, 0.0}, {402.0, 874.0}}
          ↳Other, 0x1070a9680, {{0.0, 0.0}, {402.0, 874.0}}
           ↳Other, 0x1070a97c0, {{0.0, 0.0}, {402.0, 874.0}}
            ↳Other, 0x1070a9900, {{0.0, 0.0}, {402.0, 874.0}}
             ↳Other, 0x1070a9a40, {{0.0, 0.0}, {402.0, 874.0}}
              ↳Other, 0x1070a9f40, {{0.0, 0.0}, {402.0, 874.0}}
               ↳Other, 0x1070aa080, {{0.0, 0.0}, {402.0, 874.0}}
                ↳Other, 0x1070aa1c0, {{0.0, 0.0}, {402.0, 874.0}}
                 ↳Other, 0x1070aa300, {{0.0, 0.0}, {402.0, 874.0}}
                  ↳ScrollView, 0x1070aa440, {{0.0, 0.0}, {402.0, 874.0}}
                   ↳Other, 0x1070ab340, {{0.0, 168.0}, {402.0, 667.7}}
                    ↳Other, 0x1070abc00, {{45.3, 367.3}, {147.3, 40.3}}, label: 'Carbohydrates', value: Not set
                     ↳StaticText, 0x107450000, {{80.0, 389.7}, {50.0, 18.0}}, label: 'Not set'
Query chain:
 →Find: Target Application 'dev.ericslutz.PumpSync'
  Output: {
    Application, 0x107498640, pid: 74792, label: 'PumpSync'
  }
  ↪︎Find: Descendant with identity binding to AX element pid: 74792, elementOrHash.elementID: 4404376256.222
    Output: {
      StaticText, 0x10747d040, {{80.0, 389.7}, {50.0, 18.0}}, label: 'Not set'
    }

    t =    32.06s Tap Button (First Match)
    t =    32.06s     Wait for dev.ericslutz.PumpSync to idle
    t =    32.06s     Find the Button (First Match)
    t =    32.09s     Check for interrupting elements affecting "BackButton" Button
    t =    32.12s     Synthesize event
    t =    32.43s     Wait for dev.ericslutz.PumpSync to idle
    t =    32.87s Find the "InsulinConcentrationLink" Button
    t =    32.95s Find the "InsulinConcentrationLink" Button
    t =    33.00s Tap "InsulinConcentrationLink" Button
    t =    33.00s     Wait for dev.ericslutz.PumpSync to idle
    t =    33.00s     Find the "InsulinConcentrationLink" Button
    t =    33.05s     Check for interrupting elements affecting "InsulinConcentrationLink" Button
    t =    33.08s     Synthesize event
    t =    33.37s     Wait for dev.ericslutz.PumpSync to idle
    t =    34.16s Find the Target Application 'dev.ericslutz.PumpSync'
    t =    34.30s Added attachment named 'large-concentration.png'
    t =    34.30s Requesting snapshot of accessibility hierarchy for app with pid 74792
    t =    34.50s Requesting snapshot of accessibility hierarchy for app with pid 74792
    t =    34.55s Added attachment named 'large-concentration-tree.txt'
    t =    36.60s Find the Any (Descendant with identity binding to AX element pid: 74792, elementOrHash.elementID: 4404401408.242)
    t =    36.63s Requesting snapshot of accessibility hierarchy for app with pid 74792
    t =    36.67s Find: Descendant with identity binding to AX element pid: 74792, elementOrHash.elementID: 4404401408.242
    t =    36.75s Requesting snapshot of accessibility hierarchy for app with pid 74792
    t =    36.79s Find: Descendant with identity binding to AX element pid: 74792, elementOrHash.elementID: 4404401408.242
    t =    36.79s Requesting snapshot of accessibility hierarchy for app with pid 74792
AUDIT_ISSUE large-concentration | 1 | Contrast nearly passed | Contrast is not high enough for SwiftUI.AccessibilityNode unless font size is larger. | Attributes: StaticText, 0x10744f840, {{24.0, 180.0}, {122.7, 20.3}}, label: 'Current Setting'
Element subtree:
 →StaticText, 0x10744f840, {{24.0, 180.0}, {122.7, 20.3}}, label: 'Current Setting'
Path to element:
 →Application, 0x10744cf00, pid: 74792, label: 'PumpSync'
  ↳Window (Main), 0x10744d040, {{0.0, 0.0}, {402.0, 874.0}}
   ↳Other, 0x10744d180, {{0.0, 0.0}, {402.0, 874.0}}
    ↳Other, 0x10744d2c0, {{0.0, 0.0}, {402.0, 874.0}}
     ↳Other, 0x10744d400, {{0.0, 0.0}, {402.0, 874.0}}
      ↳Other, 0x10744d540, {{0.0, 0.0}, {402.0, 874.0}}
       ↳Other, 0x10744d680, {{0.0, 0.0}, {402.0, 874.0}}
        ↳Other, 0x10744d7c0, {{0.0, 0.0}, {402.0, 874.0}}
         ↳Other, 0x10744d900, {{0.0, 0.0}, {402.0, 874.0}}
          ↳Other, 0x10744da40, {{0.0, 0.0}, {402.0, 874.0}}
           ↳Other, 0x10744db80, {{0.0, 0.0}, {402.0, 874.0}}
            ↳Other, 0x10744dcc0, {{0.0, 0.0}, {402.0, 874.0}}
             ↳Other, 0x10744de00, {{0.0, 0.0}, {402.0, 874.0}}
              ↳Other, 0x10744e300, {{0.0, 0.0}, {402.0, 874.0}}
               ↳Other, 0x10744e440, {{0.0, 0.0}, {402.0, 874.0}}
                ↳Other, 0x10744e580, {{0.0, 0.0}, {402.0, 874.0}}
                 ↳Other, 0x10744e6c0, {{0.0, 0.0}, {402.0, 874.0}}
                  ↳ScrollView, 0x10744e800, {{0.0, 0.0}, {402.0, 874.0}}
                   ↳Other, 0x10744f700, {{0.0, 168.0}, {402.0, 755.0}}
                    ↳StaticText, 0x10744f840, {{24.0, 180.0}, {122.7, 20.3}}, label: 'Current Setting'
Query chain:
 →Find: Target Application 'dev.ericslutz.PumpSync'
  Output: {
    Application, 0x107499540, pid: 74792, label: 'PumpSync'
  }
  ↪︎Find: Descendant with identity binding to AX element pid: 74792, elementOrHash.elementID: 4404401408.242
    Output: {
      StaticText, 0x10747cf00, {{24.0, 180.0}, {122.7, 20.3}}, label: 'Current Setting'
    }

    t =    36.84s Find the Any (Descendant with identity binding to AX element pid: 74792, elementOrHash.elementID: 4404351360.244)
    t =    36.87s Requesting snapshot of accessibility hierarchy for app with pid 74792
    t =    36.91s Find: Descendant with identity binding to AX element pid: 74792, elementOrHash.elementID: 4404351360.244
    t =    36.99s Requesting snapshot of accessibility hierarchy for app with pid 74792
    t =    37.03s Find: Descendant with identity binding to AX element pid: 74792, elementOrHash.elementID: 4404351360.244
    t =    37.03s Requesting snapshot of accessibility hierarchy for app with pid 74792
AUDIT_ISSUE large-concentration | 1 | Contrast nearly passed | Contrast is not high enough for SwiftUI.AccessibilityNode unless font size is larger. | Attributes: StaticText, 0x107450140, {{24.0, 292.3}, {55.0, 20.3}}, label: 'Details'
Element subtree:
 →StaticText, 0x107450140, {{24.0, 292.3}, {55.0, 20.3}}, label: 'Details'
Path to element:
 →Application, 0x10744cf00, pid: 74792, label: 'PumpSync'
  ↳Window (Main), 0x10744d040, {{0.0, 0.0}, {402.0, 874.0}}
   ↳Other, 0x10744d180, {{0.0, 0.0}, {402.0, 874.0}}
    ↳Other, 0x10744d2c0, {{0.0, 0.0}, {402.0, 874.0}}
     ↳Other, 0x10744d400, {{0.0, 0.0}, {402.0, 874.0}}
      ↳Other, 0x10744d540, {{0.0, 0.0}, {402.0, 874.0}}
       ↳Other, 0x10744d680, {{0.0, 0.0}, {402.0, 874.0}}
        ↳Other, 0x10744d7c0, {{0.0, 0.0}, {402.0, 874.0}}
         ↳Other, 0x10744d900, {{0.0, 0.0}, {402.0, 874.0}}
          ↳Other, 0x10744da40, {{0.0, 0.0}, {402.0, 874.0}}
           ↳Other, 0x10744db80, {{0.0, 0.0}, {402.0, 874.0}}
            ↳Other, 0x10744dcc0, {{0.0, 0.0}, {402.0, 874.0}}
             ↳Other, 0x10744de00, {{0.0, 0.0}, {402.0, 874.0}}
              ↳Other, 0x10744e300, {{0.0, 0.0}, {402.0, 874.0}}
               ↳Other, 0x10744e440, {{0.0, 0.0}, {402.0, 874.0}}
                ↳Other, 0x10744e580, {{0.0, 0.0}, {402.0, 874.0}}
                 ↳Other, 0x10744e6c0, {{0.0, 0.0}, {402.0, 874.0}}
                  ↳ScrollView, 0x10744e800, {{0.0, 0.0}, {402.0, 874.0}}
                   ↳Other, 0x10744f700, {{0.0, 168.0}, {402.0, 755.0}}
                    ↳StaticText, 0x107450140, {{24.0, 292.3}, {55.0, 20.3}}, label: 'Details'
Query chain:
 →Find: Target Application 'dev.ericslutz.PumpSync'
  Output: {
    Application, 0x107499540, pid: 74792, label: 'PumpSync'
  }
  ↪︎Find: Descendant with identity binding to AX element pid: 74792, elementOrHash.elementID: 4404351360.244
    Output: {
      StaticText, 0x10747d7c0, {{24.0, 292.3}, {55.0, 20.3}}, label: 'Details'
    }

    t =    37.08s Find the Any (Descendant with identity binding to AX element pid: 74792, elementOrHash.elementID: 4404350016.255)
    t =    37.11s Requesting snapshot of accessibility hierarchy for app with pid 74792
    t =    37.15s Find: Descendant with identity binding to AX element pid: 74792, elementOrHash.elementID: 4404350016.255
    t =    37.24s Requesting snapshot of accessibility hierarchy for app with pid 74792
    t =    37.28s Find: Descendant with identity binding to AX element pid: 74792, elementOrHash.elementID: 4404350016.255
    t =    37.28s Requesting snapshot of accessibility hierarchy for app with pid 74792
AUDIT_ISSUE large-concentration | 1 | Contrast nearly passed | Contrast is not high enough for SwiftUI.AccessibilityNode unless font size is larger. | Attributes: StaticText, 0x107450780, {{80.0, 363.0}, {257.0, 98.0}}, label: 'Most rapid-acting insulin is U-100. Some people use more concentrated insulin, such as U-200 or U-500, where each pump-reported unit represents more insulin.'
Element subtree:
 →StaticText, 0x107450780, {{80.0, 363.0}, {257.0, 98.0}}, label: 'Most rapid-acting insulin is U-100. Some people use more concentrated insulin, such as U-200 or U-500, where each pump-reported unit represents more insulin.'
Path to element:
 →Application, 0x10744d040, pid: 74792, label: 'PumpSync'
  ↳Window (Main), 0x10744d180, {{0.0, 0.0}, {402.0, 874.0}}
   ↳Other, 0x10744d2c0, {{0.0, 0.0}, {402.0, 874.0}}
    ↳Other, 0x10744d400, {{0.0, 0.0}, {402.0, 874.0}}
     ↳Other, 0x10744d540, {{0.0, 0.0}, {402.0, 874.0}}
      ↳Other, 0x10744d680, {{0.0, 0.0}, {402.0, 874.0}}
       ↳Other, 0x10744d7c0, {{0.0, 0.0}, {402.0, 874.0}}
        ↳Other, 0x10744d900, {{0.0, 0.0}, {402.0, 874.0}}
         ↳Other, 0x10744da40, {{0.0, 0.0}, {402.0, 874.0}}
          ↳Other, 0x10744db80, {{0.0, 0.0}, {402.0, 874.0}}
           ↳Other, 0x10744dcc0, {{0.0, 0.0}, {402.0, 874.0}}
            ↳Other, 0x10744de00, {{0.0, 0.0}, {402.0, 874.0}}
             ↳Other, 0x10744df40, {{0.0, 0.0}, {402.0, 874.0}}
              ↳Other, 0x10744e440, {{0.0, 0.0}, {402.0, 874.0}}
               ↳Other, 0x10744e580, {{0.0, 0.0}, {402.0, 874.0}}
                ↳Other, 0x10744e6c0, {{0.0, 0.0}, {402.0, 874.0}}
                 ↳Other, 0x10744e800, {{0.0, 0.0}, {402.0, 874.0}}
                  ↳ScrollView, 0x10744e940, {{0.0, 0.0}, {402.0, 874.0}}
                   ↳Other, 0x10744f840, {{0.0, 168.0}, {402.0, 755.0}}
                    ↳Other, 0x1074503c0, {{45.3, 338.7}, {291.7, 122.3}}, label: 'Match your insulin', value: Most rapid-acting ...
                     ↳StaticText, 0x107450780, {{80.0, 363.0}, {257.0, 98.0}}, label: 'Most rapid-acting insulin is U-100. Some people use more concentrated insulin, such as U-200 or U-500, where each pump-reported unit represents more insulin.'
Query chain:
 →Find: Target Application 'dev.ericslutz.PumpSync'
  Output: {
    Application, 0x107499540, pid: 74792, label: 'PumpSync'
  }
  ↪︎Find: Descendant with identity binding to AX element pid: 74792, elementOrHash.elementID: 4404350016.255
    Output: {
      StaticText, 0x10747dcc0, {{80.0, 363.0}, {257.0, 98.0}}, label: 'Most rapid-acting insulin is U-100. Some people use more concentrated insulin, such as U-200 or U-500, where each pump-reported unit represents more insulin.'
    }

    t =    37.33s Find the Any (Descendant with identity binding to AX element pid: 74792, elementOrHash.elementID: 4404362112.258)
    t =    37.36s Requesting snapshot of accessibility hierarchy for app with pid 74792
    t =    37.40s Find: Descendant with identity binding to AX element pid: 74792, elementOrHash.elementID: 4404362112.258
    t =    37.48s Requesting snapshot of accessibility hierarchy for app with pid 74792
    t =    37.53s Find: Descendant with identity binding to AX element pid: 74792, elementOrHash.elementID: 4404362112.258
    t =    37.53s Requesting snapshot of accessibility hierarchy for app with pid 74792
AUDIT_ISSUE large-concentration | 1 | Contrast nearly passed | Contrast is not high enough for SwiftUI.AccessibilityNode unless font size is larger. | Attributes: StaticText, 0x107450c80, {{80.0, 497.7}, {268.7, 98.0}}, label: 'This changes how PumpSync converts pump-reported insulin amounts before saving them to Apple Health. It does not change your pump data, pump account, or pump settings.'
Element subtree:
 →StaticText, 0x107450c80, {{80.0, 497.7}, {268.7, 98.0}}, label: 'This changes how PumpSync converts pump-reported insulin amounts before saving them to Apple Health. It does not change your pump data, pump account, or pump settings.'
Path to element:
 →Application, 0x10744d040, pid: 74792, label: 'PumpSync'
  ↳Window (Main), 0x10744d180, {{0.0, 0.0}, {402.0, 874.0}}
   ↳Other, 0x10744d2c0, {{0.0, 0.0}, {402.0, 874.0}}
    ↳Other, 0x10744d400, {{0.0, 0.0}, {402.0, 874.0}}
     ↳Other, 0x10744d540, {{0.0, 0.0}, {402.0, 874.0}}
      ↳Other, 0x10744d680, {{0.0, 0.0}, {402.0, 874.0}}
       ↳Other, 0x10744d7c0, {{0.0, 0.0}, {402.0, 874.0}}
        ↳Other, 0x10744d900, {{0.0, 0.0}, {402.0, 874.0}}
         ↳Other, 0x10744da40, {{0.0, 0.0}, {402.0, 874.0}}
          ↳Other, 0x10744db80, {{0.0, 0.0}, {402.0, 874.0}}
           ↳Other, 0x10744dcc0, {{0.0, 0.0}, {402.0, 874.0}}
            ↳Other, 0x10744de00, {{0.0, 0.0}, {402.0, 874.0}}
             ↳Other, 0x10744df40, {{0.0, 0.0}, {402.0, 874.0}}
              ↳Other, 0x10744e440, {{0.0, 0.0}, {402.0, 874.0}}
               ↳Other, 0x10744e580, {{0.0, 0.0}, {402.0, 874.0}}
                ↳Other, 0x10744e6c0, {{0.0, 0.0}, {402.0, 874.0}}
                 ↳Other, 0x10744e800, {{0.0, 0.0}, {402.0, 874.0}}
                  ↳ScrollView, 0x10744e940, {{0.0, 0.0}, {402.0, 874.0}}
                   ↳Other, 0x10744f840, {{0.0, 168.0}, {402.0, 755.0}}
                    ↳Other, 0x1074508c0, {{39.7, 473.3}, {309.0, 122.3}}, label: 'Conversion only', value: This changes how P...
                     ↳StaticText, 0x107450c80, {{80.0, 497.7}, {268.7, 98.0}}, label: 'This changes how PumpSync converts pump-reported insulin amounts before saving them to Apple Health. It does not change your pump data, pump account, or pump settings.'
Query chain:
 →Find: Target Application 'dev.ericslutz.PumpSync'
  Output: {
    Application, 0x107499540, pid: 74792, label: 'PumpSync'
  }
  ↪︎Find: Descendant with identity binding to AX element pid: 74792, elementOrHash.elementID: 4404362112.258
    Output: {
      StaticText, 0x10747e1c0, {{80.0, 497.7}, {268.7, 98.0}}, label: 'This changes how PumpSync converts pump-reported insulin amounts before saving them to Apple Health. It does not change your pump data, pump account, or pump settings.'
    }

    t =    37.58s Find the Any (Descendant with identity binding to AX element pid: 74792, elementOrHash.elementID: 4404353600.261)
    t =    37.61s Requesting snapshot of accessibility hierarchy for app with pid 74792
    t =    37.66s Find: Descendant with identity binding to AX element pid: 74792, elementOrHash.elementID: 4404353600.261
    t =    37.74s Requesting snapshot of accessibility hierarchy for app with pid 74792
    t =    37.78s Find: Descendant with identity binding to AX element pid: 74792, elementOrHash.elementID: 4404353600.261
    t =    37.78s Requesting snapshot of accessibility hierarchy for app with pid 74792
AUDIT_ISSUE large-concentration | 1 | Contrast nearly passed | Contrast is not high enough for SwiftUI.AccessibilityNode unless font size is larger. | Attributes: StaticText, 0x107451180, {{80.0, 632.3}, {267.3, 58.0}}, label: 'PumpSync uses this setting only when writing insulin delivery data to Apple Health.'
Element subtree:
 →StaticText, 0x107451180, {{80.0, 632.3}, {267.3, 58.0}}, label: 'PumpSync uses this setting only when writing insulin delivery data to Apple Health.'
Path to element:
 →Application, 0x10744d040, pid: 74792, label: 'PumpSync'
  ↳Window (Main), 0x10744d180, {{0.0, 0.0}, {402.0, 874.0}}
   ↳Other, 0x10744d2c0, {{0.0, 0.0}, {402.0, 874.0}}
    ↳Other, 0x10744d400, {{0.0, 0.0}, {402.0, 874.0}}
     ↳Other, 0x10744d540, {{0.0, 0.0}, {402.0, 874.0}}
      ↳Other, 0x10744d680, {{0.0, 0.0}, {402.0, 874.0}}
       ↳Other, 0x10744d7c0, {{0.0, 0.0}, {402.0, 874.0}}
        ↳Other, 0x10744d900, {{0.0, 0.0}, {402.0, 874.0}}
         ↳Other, 0x10744da40, {{0.0, 0.0}, {402.0, 874.0}}
          ↳Other, 0x10744db80, {{0.0, 0.0}, {402.0, 874.0}}
           ↳Other, 0x10744dcc0, {{0.0, 0.0}, {402.0, 874.0}}
            ↳Other, 0x10744de00, {{0.0, 0.0}, {402.0, 874.0}}
             ↳Other, 0x10744df40, {{0.0, 0.0}, {402.0, 874.0}}
              ↳Other, 0x10744e440, {{0.0, 0.0}, {402.0, 874.0}}
               ↳Other, 0x10744e580, {{0.0, 0.0}, {402.0, 874.0}}
                ↳Other, 0x10744e6c0, {{0.0, 0.0}, {402.0, 874.0}}
                 ↳Other, 0x10744e800, {{0.0, 0.0}, {402.0, 874.0}}
                  ↳ScrollView, 0x10744e940, {{0.0, 0.0}, {402.0, 874.0}}
                   ↳Other, 0x10744f840, {{0.0, 168.0}, {402.0, 755.0}}
                    ↳Other, 0x107450dc0, {{42.3, 608.0}, {305.0, 82.3}}, label: 'Apple Health only', value: PumpSync uses this...
                     ↳StaticText, 0x107451180, {{80.0, 632.3}, {267.3, 58.0}}, label: 'PumpSync uses this setting only when writing insulin delivery data to Apple Health.'
Query chain:
 →Find: Target Application 'dev.ericslutz.PumpSync'
  Output: {
    Application, 0x107499540, pid: 74792, label: 'PumpSync'
  }
  ↪︎Find: Descendant with identity binding to AX element pid: 74792, elementOrHash.elementID: 4404353600.261
    Output: {
      StaticText, 0x10747e6c0, {{80.0, 632.3}, {267.3, 58.0}}, label: 'PumpSync uses this setting only when writing insulin delivery data to Apple Health.'
    }

    t =    37.83s Find the Any (Descendant with identity binding to AX element pid: 74792, elementOrHash.elementID: 4404371328.264)
    t =    37.86s Requesting snapshot of accessibility hierarchy for app with pid 74792
    t =    37.90s Find: Descendant with identity binding to AX element pid: 74792, elementOrHash.elementID: 4404371328.264
    t =    37.98s Requesting snapshot of accessibility hierarchy for app with pid 74792
    t =    38.03s Find: Descendant with identity binding to AX element pid: 74792, elementOrHash.elementID: 4404371328.264
    t =    38.03s Requesting snapshot of accessibility hierarchy for app with pid 74792
AUDIT_ISSUE large-concentration | 1 | Contrast failed | Contrast failed for SwiftUI.AccessibilityNode | Attributes: StaticText, 0x107451680, {{80.0, 727.0}, {261.3, 58.0}}, label: 'Leave this set to U-100 until you confirm with your insulin prescription, pump settings, or care team.'
Element subtree:
 →StaticText, 0x107451680, {{80.0, 727.0}, {261.3, 58.0}}, label: 'Leave this set to U-100 until you confirm with your insulin prescription, pump settings, or care team.'
Path to element:
 →Application, 0x10744d040, pid: 74792, label: 'PumpSync'
  ↳Window (Main), 0x10744d180, {{0.0, 0.0}, {402.0, 874.0}}
   ↳Other, 0x10744d2c0, {{0.0, 0.0}, {402.0, 874.0}}
    ↳Other, 0x10744d400, {{0.0, 0.0}, {402.0, 874.0}}
     ↳Other, 0x10744d540, {{0.0, 0.0}, {402.0, 874.0}}
      ↳Other, 0x10744d680, {{0.0, 0.0}, {402.0, 874.0}}
       ↳Other, 0x10744d7c0, {{0.0, 0.0}, {402.0, 874.0}}
        ↳Other, 0x10744d900, {{0.0, 0.0}, {402.0, 874.0}}
         ↳Other, 0x10744da40, {{0.0, 0.0}, {402.0, 874.0}}
          ↳Other, 0x10744db80, {{0.0, 0.0}, {402.0, 874.0}}
           ↳Other, 0x10744dcc0, {{0.0, 0.0}, {402.0, 874.0}}
            ↳Other, 0x10744de00, {{0.0, 0.0}, {402.0, 874.0}}
             ↳Other, 0x10744df40, {{0.0, 0.0}, {402.0, 874.0}}
              ↳Other, 0x10744e440, {{0.0, 0.0}, {402.0, 874.0}}
               ↳Other, 0x10744e580, {{0.0, 0.0}, {402.0, 874.0}}
                ↳Other, 0x10744e6c0, {{0.0, 0.0}, {402.0, 874.0}}
                 ↳Other, 0x10744e800, {{0.0, 0.0}, {402.0, 874.0}}
                  ↳ScrollView, 0x10744e940, {{0.0, 0.0}, {402.0, 874.0}}
                   ↳Other, 0x10744f840, {{0.0, 168.0}, {402.0, 755.0}}
                    ↳Other, 0x1074512c0, {{41.7, 702.7}, {299.7, 82.3}}, label: 'Not sure?', value: Leave this set to ...
                     ↳StaticText, 0x107451680, {{80.0, 727.0}, {261.3, 58.0}}, label: 'Leave this set to U-100 until you confirm with your insulin prescription, pump settings, or care team.'
Query chain:
 →Find: Target Application 'dev.ericslutz.PumpSync'
  Output: {
    Application, 0x107499540, pid: 74792, label: 'PumpSync'
  }
  ↪︎Find: Descendant with identity binding to AX element pid: 74792, elementOrHash.elementID: 4404371328.264
    Output: {
      StaticText, 0x10747ebc0, {{80.0, 727.0}, {261.3, 58.0}}, label: 'Leave this set to U-100 until you confirm with your insulin prescription, pump settings, or care team.'
    }

    t =    38.08s Find the Any (Descendant with identity binding to AX element pid: 74792, elementOrHash.elementID: 4404398720.271)
    t =    38.11s Requesting snapshot of accessibility hierarchy for app with pid 74792
    t =    38.15s Find: Descendant with identity binding to AX element pid: 74792, elementOrHash.elementID: 4404398720.271
    t =    38.23s Requesting snapshot of accessibility hierarchy for app with pid 74792
    t =    38.28s Find: Descendant with identity binding to AX element pid: 74792, elementOrHash.elementID: 4404398720.271
    t =    38.28s Requesting snapshot of accessibility hierarchy for app with pid 74792
AUDIT_ISSUE large-concentration | 1 | Contrast nearly passed | Contrast is not high enough for SwiftUI.AccessibilityNode unless font size is larger. | Attributes: StaticText, 0x107450140, {{80.0, 244.5}, {43.0, 18.0}}, label: 'U-100'
Element subtree:
 →StaticText, 0x107450140, {{80.0, 244.5}, {43.0, 18.0}}, label: 'U-100'
Path to element:
 →Application, 0x10744d180, pid: 74792, label: 'PumpSync'
  ↳Window (Main), 0x10744d2c0, {{0.0, 0.0}, {402.0, 874.0}}
   ↳Other, 0x10744d400, {{0.0, 0.0}, {402.0, 874.0}}
    ↳Other, 0x10744d540, {{0.0, 0.0}, {402.0, 874.0}}
     ↳Other, 0x10744d680, {{0.0, 0.0}, {402.0, 874.0}}
      ↳Other, 0x10744d7c0, {{0.0, 0.0}, {402.0, 874.0}}
       ↳Other, 0x10744d900, {{0.0, 0.0}, {402.0, 874.0}}
        ↳Other, 0x10744da40, {{0.0, 0.0}, {402.0, 874.0}}
         ↳Other, 0x10744db80, {{0.0, 0.0}, {402.0, 874.0}}
          ↳Other, 0x10744dcc0, {{0.0, 0.0}, {402.0, 874.0}}
           ↳Other, 0x10744de00, {{0.0, 0.0}, {402.0, 874.0}}
            ↳Other, 0x10744df40, {{0.0, 0.0}, {402.0, 874.0}}
             ↳Other, 0x10744e080, {{0.0, 0.0}, {402.0, 874.0}}
              ↳Other, 0x10744e580, {{0.0, 0.0}, {402.0, 874.0}}
               ↳Other, 0x10744e6c0, {{0.0, 0.0}, {402.0, 874.0}}
                ↳Other, 0x10744e800, {{0.0, 0.0}, {402.0, 874.0}}
                 ↳Other, 0x10744e940, {{0.0, 0.0}, {402.0, 874.0}}
                  ↳ScrollView, 0x10744ea80, {{0.0, 0.0}, {402.0, 874.0}}
                   ↳Other, 0x10744f980, {{0.0, 168.0}, {402.0, 755.0}}
                    ↳Button, 0x10744fc00, {{38.0, 220.3}, {326.0, 44.0}}, identifier: 'InsulinConcentrationPicker', label: 'Insulin Concentration', value: U-100
                     ↳Button, 0x10744fd40, {{38.0, 220.3}, {326.0, 44.0}}
                      ↳StaticText, 0x107450140, {{80.0, 244.5}, {43.0, 18.0}}, label: 'U-100'
Query chain:
 →Find: Target Application 'dev.ericslutz.PumpSync'
  Output: {
    Application, 0x107499540, pid: 74792, label: 'PumpSync'
  }
  ↪︎Find: Descendant with identity binding to AX element pid: 74792, elementOrHash.elementID: 4404398720.271
    Output: {
      StaticText, 0x10747f0c0, {{80.0, 244.5}, {43.0, 18.0}}, label: 'U-100'
    }

    t =    38.33s Find the Any (Descendant with identity binding to AX element pid: 74792, elementOrHash.elementID: 4404399616.272)
    t =    38.36s Requesting snapshot of accessibility hierarchy for app with pid 74792
    t =    38.40s Find: Descendant with identity binding to AX element pid: 74792, elementOrHash.elementID: 4404399616.272
    t =    38.48s Requesting snapshot of accessibility hierarchy for app with pid 74792
    t =    38.53s Find: Descendant with identity binding to AX element pid: 74792, elementOrHash.elementID: 4404399616.272
    t =    38.53s Requesting snapshot of accessibility hierarchy for app with pid 74792
AUDIT_ISSUE large-concentration | 1 | Contrast nearly passed | Contrast is not high enough for SwiftUI.AccessibilityNode unless font size is larger. | Attributes: StaticText, 0x107450280, {{309.0, 233.3}, {55.0, 18.0}}, label: 'Change'
Element subtree:
 →StaticText, 0x107450280, {{309.0, 233.3}, {55.0, 18.0}}, label: 'Change'
Path to element:
 →Application, 0x10744d180, pid: 74792, label: 'PumpSync'
  ↳Window (Main), 0x10744d2c0, {{0.0, 0.0}, {402.0, 874.0}}
   ↳Other, 0x10744d400, {{0.0, 0.0}, {402.0, 874.0}}
    ↳Other, 0x10744d540, {{0.0, 0.0}, {402.0, 874.0}}
     ↳Other, 0x10744d680, {{0.0, 0.0}, {402.0, 874.0}}
      ↳Other, 0x10744d7c0, {{0.0, 0.0}, {402.0, 874.0}}
       ↳Other, 0x10744d900, {{0.0, 0.0}, {402.0, 874.0}}
        ↳Other, 0x10744da40, {{0.0, 0.0}, {402.0, 874.0}}
         ↳Other, 0x10744db80, {{0.0, 0.0}, {402.0, 874.0}}
          ↳Other, 0x10744dcc0, {{0.0, 0.0}, {402.0, 874.0}}
           ↳Other, 0x10744de00, {{0.0, 0.0}, {402.0, 874.0}}
            ↳Other, 0x10744df40, {{0.0, 0.0}, {402.0, 874.0}}
             ↳Other, 0x10744e080, {{0.0, 0.0}, {402.0, 874.0}}
              ↳Other, 0x10744e580, {{0.0, 0.0}, {402.0, 874.0}}
               ↳Other, 0x10744e6c0, {{0.0, 0.0}, {402.0, 874.0}}
                ↳Other, 0x10744e800, {{0.0, 0.0}, {402.0, 874.0}}
                 ↳Other, 0x10744e940, {{0.0, 0.0}, {402.0, 874.0}}
                  ↳ScrollView, 0x10744ea80, {{0.0, 0.0}, {402.0, 874.0}}
                   ↳Other, 0x10744f980, {{0.0, 168.0}, {402.0, 755.0}}
                    ↳Button, 0x10744fc00, {{38.0, 220.3}, {326.0, 44.0}}, identifier: 'InsulinConcentrationPicker', label: 'Insulin Concentration', value: U-100
                     ↳Button, 0x10744fd40, {{38.0, 220.3}, {326.0, 44.0}}
                      ↳StaticText, 0x107450280, {{309.0, 233.3}, {55.0, 18.0}}, label: 'Change'
Query chain:
 →Find: Target Application 'dev.ericslutz.PumpSync'
  Output: {
    Application, 0x107499540, pid: 74792, label: 'PumpSync'
  }
  ↪︎Find: Descendant with identity binding to AX element pid: 74792, elementOrHash.elementID: 4404399616.272
    Output: {
      StaticText, 0x10747f200, {{309.0, 233.3}, {55.0, 18.0}}, label: 'Change'
    }

    t =    38.58s Tap Button (First Match)
    t =    38.58s     Wait for dev.ericslutz.PumpSync to idle
    t =    38.58s     Find the Button (First Match)
    t =    38.61s     Check for interrupting elements affecting "BackButton" Button
    t =    38.64s     Synthesize event
    t =    38.94s     Wait for dev.ericslutz.PumpSync to idle
    t =    39.39s Find the "DataHandlingLink" Button
    t =    39.46s Find the "DataHandlingLink" Button
    t =    39.51s Tap "DataHandlingLink" Button
    t =    39.51s     Wait for dev.ericslutz.PumpSync to idle
    t =    39.52s     Find the "DataHandlingLink" Button
    t =    39.56s     Check for interrupting elements affecting "DataHandlingLink" Button
    t =    39.59s     Synthesize event
    t =    39.88s     Wait for dev.ericslutz.PumpSync to idle
    t =    40.74s Find the Target Application 'dev.ericslutz.PumpSync'
    t =    40.87s Added attachment named 'large-privacy.png'
    t =    40.87s Requesting snapshot of accessibility hierarchy for app with pid 74792
    t =    41.06s Requesting snapshot of accessibility hierarchy for app with pid 74792
    t =    41.11s Added attachment named 'large-privacy-tree.txt'
    t =    43.18s Find the Any (Descendant with identity binding to AX element pid: 74792, elementOrHash.elementID: 4404376256.290)
    t =    43.21s Requesting snapshot of accessibility hierarchy for app with pid 74792
    t =    43.26s Find: Descendant with identity binding to AX element pid: 74792, elementOrHash.elementID: 4404376256.290
    t =    43.34s Requesting snapshot of accessibility hierarchy for app with pid 74792
    t =    43.39s Find: Descendant with identity binding to AX element pid: 74792, elementOrHash.elementID: 4404376256.290
    t =    43.39s Requesting snapshot of accessibility hierarchy for app with pid 74792
AUDIT_ISSUE large-privacy | 1 | Contrast nearly passed | Contrast is not high enough for SwiftUI.AccessibilityNode unless font size is larger. | Attributes: StaticText, 0x107450140, {{24.0, 180.0}, {91.3, 20.3}}, label: 'Credentials'
Element subtree:
 →StaticText, 0x107450140, {{24.0, 180.0}, {91.3, 20.3}}, label: 'Credentials'
Path to element:
 →Application, 0x1070957c0, pid: 74792, label: 'PumpSync'
  ↳Window (Main), 0x107095900, {{0.0, 0.0}, {402.0, 874.0}}
   ↳Other, 0x107095a40, {{0.0, 0.0}, {402.0, 874.0}}
    ↳Other, 0x107095b80, {{0.0, 0.0}, {402.0, 874.0}}
     ↳Other, 0x107095cc0, {{0.0, 0.0}, {402.0, 874.0}}
      ↳Other, 0x107095e00, {{0.0, 0.0}, {402.0, 874.0}}
       ↳Other, 0x107095f40, {{0.0, 0.0}, {402.0, 874.0}}
        ↳Other, 0x107096080, {{0.0, 0.0}, {402.0, 874.0}}
         ↳Other, 0x1070961c0, {{0.0, 0.0}, {402.0, 874.0}}
          ↳Other, 0x107096300, {{0.0, 0.0}, {402.0, 874.0}}
           ↳Other, 0x107096440, {{0.0, 0.0}, {402.0, 874.0}}
            ↳Other, 0x107096580, {{0.0, 0.0}, {402.0, 874.0}}
             ↳Other, 0x1070966c0, {{0.0, 0.0}, {402.0, 874.0}}
              ↳Other, 0x107096bc0, {{0.0, 0.0}, {402.0, 874.0}}
               ↳Other, 0x107096d00, {{0.0, 0.0}, {402.0, 874.0}}
                ↳Other, 0x107096e40, {{0.0, 0.0}, {402.0, 874.0}}
                 ↳Other, 0x107096f80, {{0.0, 0.0}, {402.0, 874.0}}
                  ↳ScrollView, 0x1070970c0, {{0.0, 0.0}, {402.0, 874.0}}
                   ↳Other, 0x107450000, {{0.0, 168.0}, {402.0, 953.0}}
                    ↳StaticText, 0x107450140, {{24.0, 180.0}, {91.3, 20.3}}, label: 'Credentials'
Query chain:
 →Find: Target Application 'dev.ericslutz.PumpSync'
  Output: {
    Application, 0x10749af80, pid: 74792, label: 'PumpSync'
  }
  ↪︎Find: Descendant with identity binding to AX element pid: 74792, elementOrHash.elementID: 4404376256.290
    Output: {
      StaticText, 0x10747f980, {{24.0, 180.0}, {91.3, 20.3}}, label: 'Credentials'
    }

    t =    43.44s Find the Any (Descendant with identity binding to AX element pid: 74792, elementOrHash.elementID: 4404287168.293)
    t =    43.47s Requesting snapshot of accessibility hierarchy for app with pid 74792
    t =    43.52s Find: Descendant with identity binding to AX element pid: 74792, elementOrHash.elementID: 4404287168.293
    t =    43.60s Requesting snapshot of accessibility hierarchy for app with pid 74792
    t =    43.65s Find: Descendant with identity binding to AX element pid: 74792, elementOrHash.elementID: 4404287168.293
    t =    43.65s Requesting snapshot of accessibility hierarchy for app with pid 74792
AUDIT_ISSUE large-privacy | 1 | Contrast nearly passed | Contrast is not high enough for SwiftUI.AccessibilityNode unless font size is larger. | Attributes: StaticText, 0x107450c80, {{24.0, 397.3}, {87.3, 20.3}}, label: 'Pump Data'
Element subtree:
 →StaticText, 0x107450c80, {{24.0, 397.3}, {87.3, 20.3}}, label: 'Pump Data'
Path to element:
 →Application, 0x1070957c0, pid: 74792, label: 'PumpSync'
  ↳Window (Main), 0x107095900, {{0.0, 0.0}, {402.0, 874.0}}
   ↳Other, 0x107095a40, {{0.0, 0.0}, {402.0, 874.0}}
    ↳Other, 0x107095b80, {{0.0, 0.0}, {402.0, 874.0}}
     ↳Other, 0x107095cc0, {{0.0, 0.0}, {402.0, 874.0}}
      ↳Other, 0x107095e00, {{0.0, 0.0}, {402.0, 874.0}}
       ↳Other, 0x107095f40, {{0.0, 0.0}, {402.0, 874.0}}
        ↳Other, 0x107096080, {{0.0, 0.0}, {402.0, 874.0}}
         ↳Other, 0x1070961c0, {{0.0, 0.0}, {402.0, 874.0}}
          ↳Other, 0x107096300, {{0.0, 0.0}, {402.0, 874.0}}
           ↳Other, 0x107096440, {{0.0, 0.0}, {402.0, 874.0}}
            ↳Other, 0x107096580, {{0.0, 0.0}, {402.0, 874.0}}
             ↳Other, 0x1070966c0, {{0.0, 0.0}, {402.0, 874.0}}
              ↳Other, 0x107096bc0, {{0.0, 0.0}, {402.0, 874.0}}
               ↳Other, 0x107096d00, {{0.0, 0.0}, {402.0, 874.0}}
                ↳Other, 0x107096e40, {{0.0, 0.0}, {402.0, 874.0}}
                 ↳Other, 0x107096f80, {{0.0, 0.0}, {402.0, 874.0}}
                  ↳ScrollView, 0x1070970c0, {{0.0, 0.0}, {402.0, 874.0}}
                   ↳Other, 0x107450000, {{0.0, 168.0}, {402.0, 953.0}}
                    ↳StaticText, 0x107450c80, {{24.0, 397.3}, {87.3, 20.3}}, label: 'Pump Data'
Query chain:
 →Find: Target Application 'dev.ericslutz.PumpSync'
  Output: {
    Application, 0x10749af80, pid: 74792, label: 'PumpSync'
  }
  ↪︎Find: Descendant with identity binding to AX element pid: 74792, elementOrHash.elementID: 4404287168.293
    Output: {
      StaticText, 0x107094280, {{24.0, 397.3}, {87.3, 20.3}}, label: 'Pump Data'
    }

    t =    43.70s Find the Any (Descendant with identity binding to AX element pid: 74792, elementOrHash.elementID: 4404430144.296)
    t =    43.73s Requesting snapshot of accessibility hierarchy for app with pid 74792
    t =    43.78s Find: Descendant with identity binding to AX element pid: 74792, elementOrHash.elementID: 4404430144.296
    t =    43.86s Requesting snapshot of accessibility hierarchy for app with pid 74792
    t =    43.90s Find: Descendant with identity binding to AX element pid: 74792, elementOrHash.elementID: 4404430144.296
    t =    43.91s Requesting snapshot of accessibility hierarchy for app with pid 74792
AUDIT_ISSUE large-privacy | 1 | Contrast nearly passed | Contrast is not high enough for SwiftUI.AccessibilityNode unless font size is larger. | Attributes: StaticText, 0x1074517c0, {{24.0, 654.7}, {112.7, 20.3}}, label: 'Other Devices'
Element subtree:
 →StaticText, 0x1074517c0, {{24.0, 654.7}, {112.7, 20.3}}, label: 'Other Devices'
Path to element:
 →Application, 0x1070957c0, pid: 74792, label: 'PumpSync'
  ↳Window (Main), 0x107095900, {{0.0, 0.0}, {402.0, 874.0}}
   ↳Other, 0x107095a40, {{0.0, 0.0}, {402.0, 874.0}}
    ↳Other, 0x107095b80, {{0.0, 0.0}, {402.0, 874.0}}
     ↳Other, 0x107095cc0, {{0.0, 0.0}, {402.0, 874.0}}
      ↳Other, 0x107095e00, {{0.0, 0.0}, {402.0, 874.0}}
       ↳Other, 0x107095f40, {{0.0, 0.0}, {402.0, 874.0}}
        ↳Other, 0x107096080, {{0.0, 0.0}, {402.0, 874.0}}
         ↳Other, 0x1070961c0, {{0.0, 0.0}, {402.0, 874.0}}
          ↳Other, 0x107096300, {{0.0, 0.0}, {402.0, 874.0}}
           ↳Other, 0x107096440, {{0.0, 0.0}, {402.0, 874.0}}
            ↳Other, 0x107096580, {{0.0, 0.0}, {402.0, 874.0}}
             ↳Other, 0x1070966c0, {{0.0, 0.0}, {402.0, 874.0}}
              ↳Other, 0x107096bc0, {{0.0, 0.0}, {402.0, 874.0}}
               ↳Other, 0x107096d00, {{0.0, 0.0}, {402.0, 874.0}}
                ↳Other, 0x107096e40, {{0.0, 0.0}, {402.0, 874.0}}
                 ↳Other, 0x107096f80, {{0.0, 0.0}, {402.0, 874.0}}
                  ↳ScrollView, 0x1070970c0, {{0.0, 0.0}, {402.0, 874.0}}
                   ↳Other, 0x107450000, {{0.0, 168.0}, {402.0, 953.0}}
                    ↳StaticText, 0x1074517c0, {{24.0, 654.7}, {112.7, 20.3}}, label: 'Other Devices'
Query chain:
 →Find: Target Application 'dev.ericslutz.PumpSync'
  Output: {
    Application, 0x10749af80, pid: 74792, label: 'PumpSync'
  }
  ↪︎Find: Descendant with identity binding to AX element pid: 74792, elementOrHash.elementID: 4404430144.296
    Output: {
      StaticText, 0x107094dc0, {{24.0, 654.7}, {112.7, 20.3}}, label: 'Other Devices'
    }

    t =    43.96s Find the Any (Descendant with identity binding to AX element pid: 74792, elementOrHash.elementID: 4404440896.298)
    t =    43.99s Requesting snapshot of accessibility hierarchy for app with pid 74792
    t =    44.04s Find: Descendant with identity binding to AX element pid: 74792, elementOrHash.elementID: 4404440896.298
    t =    44.12s Requesting snapshot of accessibility hierarchy for app with pid 74792
    t =    44.17s Find: Descendant with identity binding to AX element pid: 74792, elementOrHash.elementID: 4404440896.298
    t =    44.17s Requesting snapshot of accessibility hierarchy for app with pid 74792
AUDIT_ISSUE large-privacy | 1 | Contrast failed | Contrast failed for SwiftUI.AccessibilityNode | Attributes: StaticText, 0x107451e00, {{24.0, 817.3}, {107.3, 20.3}}, label: 'Data Deletion'
Element subtree:
 →StaticText, 0x107451e00, {{24.0, 817.3}, {107.3, 20.3}}, label: 'Data Deletion'
Path to element:
 →Application, 0x1070957c0, pid: 74792, label: 'PumpSync'
  ↳Window (Main), 0x107095900, {{0.0, 0.0}, {402.0, 874.0}}
   ↳Other, 0x107095a40, {{0.0, 0.0}, {402.0, 874.0}}
    ↳Other, 0x107095b80, {{0.0, 0.0}, {402.0, 874.0}}
     ↳Other, 0x107095cc0, {{0.0, 0.0}, {402.0, 874.0}}
      ↳Other, 0x107095e00, {{0.0, 0.0}, {402.0, 874.0}}
       ↳Other, 0x107095f40, {{0.0, 0.0}, {402.0, 874.0}}
        ↳Other, 0x107096080, {{0.0, 0.0}, {402.0, 874.0}}
         ↳Other, 0x1070961c0, {{0.0, 0.0}, {402.0, 874.0}}
          ↳Other, 0x107096300, {{0.0, 0.0}, {402.0, 874.0}}
           ↳Other, 0x107096440, {{0.0, 0.0}, {402.0, 874.0}}
            ↳Other, 0x107096580, {{0.0, 0.0}, {402.0, 874.0}}
             ↳Other, 0x1070966c0, {{0.0, 0.0}, {402.0, 874.0}}
              ↳Other, 0x107096bc0, {{0.0, 0.0}, {402.0, 874.0}}
               ↳Other, 0x107096d00, {{0.0, 0.0}, {402.0, 874.0}}
                ↳Other, 0x107096e40, {{0.0, 0.0}, {402.0, 874.0}}
                 ↳Other, 0x107096f80, {{0.0, 0.0}, {402.0, 874.0}}
                  ↳ScrollView, 0x1070970c0, {{0.0, 0.0}, {402.0, 874.0}}
                   ↳Other, 0x107450000, {{0.0, 168.0}, {402.0, 953.0}}
                    ↳StaticText, 0x107451e00, {{24.0, 817.3}, {107.3, 20.3}}, label: 'Data Deletion'
Query chain:
 →Find: Target Application 'dev.ericslutz.PumpSync'
  Output: {
    Application, 0x10749af80, pid: 74792, label: 'PumpSync'
  }
  ↪︎Find: Descendant with identity binding to AX element pid: 74792, elementOrHash.elementID: 4404440896.298
    Output: {
      StaticText, 0x107095400, {{24.0, 817.3}, {107.3, 20.3}}, label: 'Data Deletion'
    }

    t =    44.22s Find the Any (Descendant with identity binding to AX element pid: 74792, elementOrHash.elementID: 4404364608.306)
    t =    44.25s Requesting snapshot of accessibility hierarchy for app with pid 74792
    t =    44.30s Find: Descendant with identity binding to AX element pid: 74792, elementOrHash.elementID: 4404364608.306
    t =    44.38s Requesting snapshot of accessibility hierarchy for app with pid 74792
    t =    44.43s Find: Descendant with identity binding to AX element pid: 74792, elementOrHash.elementID: 4404364608.306
    t =    44.43s Requesting snapshot of accessibility hierarchy for app with pid 74792
AUDIT_ISSUE large-privacy | 1 | Contrast nearly passed | Contrast is not high enough for SwiftUI.AccessibilityNode unless font size is larger. | Attributes: StaticText, 0x107450780, {{80.0, 250.7}, {251.7, 38.0}}, label: 'Your pump account sign-in is stored securely on this device.'
Element subtree:
 →StaticText, 0x107450780, {{80.0, 250.7}, {251.7, 38.0}}, label: 'Your pump account sign-in is stored securely on this device.'
Path to element:
 →Application, 0x107095900, pid: 74792, label: 'PumpSync'
  ↳Window (Main), 0x107095a40, {{0.0, 0.0}, {402.0, 874.0}}
   ↳Other, 0x107095b80, {{0.0, 0.0}, {402.0, 874.0}}
    ↳Other, 0x107095cc0, {{0.0, 0.0}, {402.0, 874.0}}
     ↳Other, 0x107095e00, {{0.0, 0.0}, {402.0, 874.0}}
      ↳Other, 0x107095f40, {{0.0, 0.0}, {402.0, 874.0}}
       ↳Other, 0x107096080, {{0.0, 0.0}, {402.0, 874.0}}
        ↳Other, 0x1070961c0, {{0.0, 0.0}, {402.0, 874.0}}
         ↳Other, 0x107096300, {{0.0, 0.0}, {402.0, 874.0}}
          ↳Other, 0x107096440, {{0.0, 0.0}, {402.0, 874.0}}
           ↳Other, 0x107096580, {{0.0, 0.0}, {402.0, 874.0}}
            ↳Other, 0x1070966c0, {{0.0, 0.0}, {402.0, 874.0}}
             ↳Other, 0x107096800, {{0.0, 0.0}, {402.0, 874.0}}
              ↳Other, 0x107096d00, {{0.0, 0.0}, {402.0, 874.0}}
               ↳Other, 0x107096e40, {{0.0, 0.0}, {402.0, 874.0}}
                ↳Other, 0x107096f80, {{0.0, 0.0}, {402.0, 874.0}}
                 ↳Other, 0x1070970c0, {{0.0, 0.0}, {402.0, 874.0}}
                  ↳ScrollView, 0x107097200, {{0.0, 0.0}, {402.0, 874.0}}
                   ↳Other, 0x107450140, {{0.0, 168.0}, {402.0, 953.0}}
                    ↳Other, 0x1074503c0, {{45.3, 226.3}, {286.3, 62.3}}, label: 'Stored on this device', value: Your pump account ...
                     ↳StaticText, 0x107450780, {{80.0, 250.7}, {251.7, 38.0}}, label: 'Your pump account sign-in is stored securely on this device.'
Query chain:
 →Find: Target Application 'dev.ericslutz.PumpSync'
  Output: {
    Application, 0x10749af80, pid: 74792, label: 'PumpSync'
  }
  ↪︎Find: Descendant with identity binding to AX element pid: 74792, elementOrHash.elementID: 4404364608.306
    Output: {
      StaticText, 0x10744cdc0, {{80.0, 250.7}, {251.7, 38.0}}, label: 'Your pump account sign-in is stored securely on this device.'
    }

    t =    44.48s Find the Any (Descendant with identity binding to AX element pid: 74792, elementOrHash.elementID: 4404053312.309)
    t =    44.51s Requesting snapshot of accessibility hierarchy for app with pid 74792
    t =    44.56s Find: Descendant with identity binding to AX element pid: 74792, elementOrHash.elementID: 4404053312.309
    t =    44.64s Requesting snapshot of accessibility hierarchy for app with pid 74792
    t =    44.68s Find: Descendant with identity binding to AX element pid: 74792, elementOrHash.elementID: 4404053312.309
    t =    44.69s Requesting snapshot of accessibility hierarchy for app with pid 74792
AUDIT_ISSUE large-privacy | 1 | Contrast nearly passed | Contrast is not high enough for SwiftUI.AccessibilityNode unless font size is larger. | Attributes: StaticText, 0x107450c80, {{80.0, 325.3}, {268.7, 38.0}}, label: 'Your sign-in is sent securely only while PumpSync is syncing.'
Element subtree:
 →StaticText, 0x107450c80, {{80.0, 325.3}, {268.7, 38.0}}, label: 'Your sign-in is sent securely only while PumpSync is syncing.'
Path to element:
 →Application, 0x107095900, pid: 74792, label: 'PumpSync'
  ↳Window (Main), 0x107095a40, {{0.0, 0.0}, {402.0, 874.0}}
   ↳Other, 0x107095b80, {{0.0, 0.0}, {402.0, 874.0}}
    ↳Other, 0x107095cc0, {{0.0, 0.0}, {402.0, 874.0}}
     ↳Other, 0x107095e00, {{0.0, 0.0}, {402.0, 874.0}}
      ↳Other, 0x107095f40, {{0.0, 0.0}, {402.0, 874.0}}
       ↳Other, 0x107096080, {{0.0, 0.0}, {402.0, 874.0}}
        ↳Other, 0x1070961c0, {{0.0, 0.0}, {402.0, 874.0}}
         ↳Other, 0x107096300, {{0.0, 0.0}, {402.0, 874.0}}
          ↳Other, 0x107096440, {{0.0, 0.0}, {402.0, 874.0}}
           ↳Other, 0x107096580, {{0.0, 0.0}, {402.0, 874.0}}
            ↳Other, 0x1070966c0, {{0.0, 0.0}, {402.0, 874.0}}
             ↳Other, 0x107096800, {{0.0, 0.0}, {402.0, 874.0}}
              ↳Other, 0x107096d00, {{0.0, 0.0}, {402.0, 874.0}}
               ↳Other, 0x107096e40, {{0.0, 0.0}, {402.0, 874.0}}
                ↳Other, 0x107096f80, {{0.0, 0.0}, {402.0, 874.0}}
                 ↳Other, 0x1070970c0, {{0.0, 0.0}, {402.0, 874.0}}
                  ↳ScrollView, 0x107097200, {{0.0, 0.0}, {402.0, 874.0}}
                   ↳Other, 0x107450140, {{0.0, 168.0}, {402.0, 953.0}}
                    ↳Other, 0x1074508c0, {{44.0, 301.0}, {304.7, 62.3}}, label: 'Sent only for sync', value: Your sign-in is se...
                     ↳StaticText, 0x107450c80, {{80.0, 325.3}, {268.7, 38.0}}, label: 'Your sign-in is sent securely only while PumpSync is syncing.'
Query chain:
 →Find: Target Application 'dev.ericslutz.PumpSync'
  Output: {
    Application, 0x10749af80, pid: 74792, label: 'PumpSync'
  }
  ↪︎Find: Descendant with identity binding to AX element pid: 74792, elementOrHash.elementID: 4404053312.309
    Output: {
      StaticText, 0x107094280, {{80.0, 325.3}, {268.7, 38.0}}, label: 'Your sign-in is sent securely only while PumpSync is syncing.'
    }

    t =    44.74s Find the Any (Descendant with identity binding to AX element pid: 74792, elementOrHash.elementID: 4404432832.312)
    t =    44.77s Requesting snapshot of accessibility hierarchy for app with pid 74792
    t =    44.82s Find: Descendant with identity binding to AX element pid: 74792, elementOrHash.elementID: 4404432832.312
    t =    44.90s Requesting snapshot of accessibility hierarchy for app with pid 74792
    t =    44.95s Find: Descendant with identity binding to AX element pid: 74792, elementOrHash.elementID: 4404432832.312
    t =    44.95s Requesting snapshot of accessibility hierarchy for app with pid 74792
AUDIT_ISSUE large-privacy | 1 | Contrast nearly passed | Contrast is not high enough for SwiftUI.AccessibilityNode unless font size is larger. | Attributes: StaticText, 0x1074512c0, {{80.0, 468.0}, {270.0, 58.0}}, label: 'PumpSync removes the downloaded pump data after Apple Health confirms it was saved.'
Element subtree:
 →StaticText, 0x1074512c0, {{80.0, 468.0}, {270.0, 58.0}}, label: 'PumpSync removes the downloaded pump data after Apple Health confirms it was saved.'
Path to element:
 →Application, 0x107095900, pid: 74792, label: 'PumpSync'
  ↳Window (Main), 0x107095a40, {{0.0, 0.0}, {402.0, 874.0}}
   ↳Other, 0x107095b80, {{0.0, 0.0}, {402.0, 874.0}}
    ↳Other, 0x107095cc0, {{0.0, 0.0}, {402.0, 874.0}}
     ↳Other, 0x107095e00, {{0.0, 0.0}, {402.0, 874.0}}
      ↳Other, 0x107095f40, {{0.0, 0.0}, {402.0, 874.0}}
       ↳Other, 0x107096080, {{0.0, 0.0}, {402.0, 874.0}}
        ↳Other, 0x1070961c0, {{0.0, 0.0}, {402.0, 874.0}}
         ↳Other, 0x107096300, {{0.0, 0.0}, {402.0, 874.0}}
          ↳Other, 0x107096440, {{0.0, 0.0}, {402.0, 874.0}}
           ↳Other, 0x107096580, {{0.0, 0.0}, {402.0, 874.0}}
            ↳Other, 0x1070966c0, {{0.0, 0.0}, {402.0, 874.0}}
             ↳Other, 0x107096800, {{0.0, 0.0}, {402.0, 874.0}}
              ↳Other, 0x107096d00, {{0.0, 0.0}, {402.0, 874.0}}
               ↳Other, 0x107096e40, {{0.0, 0.0}, {402.0, 874.0}}
                ↳Other, 0x107096f80, {{0.0, 0.0}, {402.0, 874.0}}
                 ↳Other, 0x1070970c0, {{0.0, 0.0}, {402.0, 874.0}}
                  ↳ScrollView, 0x107097200, {{0.0, 0.0}, {402.0, 874.0}}
                   ↳Other, 0x107450140, {{0.0, 168.0}, {402.0, 953.0}}
                    ↳Other, 0x107450f00, {{35.7, 443.7}, {314.3, 82.3}}, label: 'Not retained after write', value: PumpSync removes t...
                     ↳StaticText, 0x1074512c0, {{80.0, 468.0}, {270.0, 58.0}}, label: 'PumpSync removes the downloaded pump data after Apple Health confirms it was saved.'
Query chain:
 →Find: Target Application 'dev.ericslutz.PumpSync'
  Output: {
    Application, 0x10749af80, pid: 74792, label: 'PumpSync'
  }
  ↪︎Find: Descendant with identity binding to AX element pid: 74792, elementOrHash.elementID: 4404432832.312
    Output: {
      StaticText, 0x1070948c0, {{80.0, 468.0}, {270.0, 58.0}}, label: 'PumpSync removes the downloaded pump data after Apple Health confirms it was saved.'
    }

    t =    45.00s Find the Any (Descendant with identity binding to AX element pid: 74792, elementOrHash.elementID: 4404429248.315)
    t =    45.03s Requesting snapshot of accessibility hierarchy for app with pid 74792
    t =    45.08s Find: Descendant with identity binding to AX element pid: 74792, elementOrHash.elementID: 4404429248.315
    t =    45.16s Requesting snapshot of accessibility hierarchy for app with pid 74792
    t =    45.21s Find: Descendant with identity binding to AX element pid: 74792, elementOrHash.elementID: 4404429248.315
    t =    45.21s Requesting snapshot of accessibility hierarchy for app with pid 74792
AUDIT_ISSUE large-privacy | 1 | Contrast nearly passed | Contrast is not high enough for SwiftUI.AccessibilityNode unless font size is larger. | Attributes: StaticText, 0x1074517c0, {{80.0, 562.7}, {257.7, 58.0}}, label: 'PumpSync keeps a secure record on this device so the same pump data is not added to Apple Health twice.'
Element subtree:
 →StaticText, 0x1074517c0, {{80.0, 562.7}, {257.7, 58.0}}, label: 'PumpSync keeps a secure record on this device so the same pump data is not added to Apple Health twice.'
Path to element:
 →Application, 0x107095900, pid: 74792, label: 'PumpSync'
  ↳Window (Main), 0x107095a40, {{0.0, 0.0}, {402.0, 874.0}}
   ↳Other, 0x107095b80, {{0.0, 0.0}, {402.0, 874.0}}
    ↳Other, 0x107095cc0, {{0.0, 0.0}, {402.0, 874.0}}
     ↳Other, 0x107095e00, {{0.0, 0.0}, {402.0, 874.0}}
      ↳Other, 0x107095f40, {{0.0, 0.0}, {402.0, 874.0}}
       ↳Other, 0x107096080, {{0.0, 0.0}, {402.0, 874.0}}
        ↳Other, 0x1070961c0, {{0.0, 0.0}, {402.0, 874.0}}
         ↳Other, 0x107096300, {{0.0, 0.0}, {402.0, 874.0}}
          ↳Other, 0x107096440, {{0.0, 0.0}, {402.0, 874.0}}
           ↳Other, 0x107096580, {{0.0, 0.0}, {402.0, 874.0}}
            ↳Other, 0x1070966c0, {{0.0, 0.0}, {402.0, 874.0}}
             ↳Other, 0x107096800, {{0.0, 0.0}, {402.0, 874.0}}
              ↳Other, 0x107096d00, {{0.0, 0.0}, {402.0, 874.0}}
               ↳Other, 0x107096e40, {{0.0, 0.0}, {402.0, 874.0}}
                ↳Other, 0x107096f80, {{0.0, 0.0}, {402.0, 874.0}}
                 ↳Other, 0x1070970c0, {{0.0, 0.0}, {402.0, 874.0}}
                  ↳ScrollView, 0x107097200, {{0.0, 0.0}, {402.0, 874.0}}
                   ↳Other, 0x107450140, {{0.0, 168.0}, {402.0, 953.0}}
                    ↳Other, 0x107451400, {{40.7, 538.3}, {297.0, 82.3}}, label: 'Duplicate prevention', value: PumpSync keeps a s...
                     ↳StaticText, 0x1074517c0, {{80.0, 562.7}, {257.7, 58.0}}, label: 'PumpSync keeps a secure record on this device so the same pump data is not added to Apple Health twice.'
Query chain:
 →Find: Target Application 'dev.ericslutz.PumpSync'
  Output: {
    Application, 0x10749af80, pid: 74792, label: 'PumpSync'
  }
  ↪︎Find: Descendant with identity binding to AX element pid: 74792, elementOrHash.elementID: 4404429248.315
    Output: {
      StaticText, 0x107094dc0, {{80.0, 562.7}, {257.7, 58.0}}, label: 'PumpSync keeps a secure record on this device so the same pump data is not added to Apple Health twice.'
    }

    t =    45.26s Find the Any (Descendant with identity binding to AX element pid: 74792, elementOrHash.elementID: 4404438656.318)
    t =    45.29s Requesting snapshot of accessibility hierarchy for app with pid 74792
    t =    45.34s Find: Descendant with identity binding to AX element pid: 74792, elementOrHash.elementID: 4404438656.318
    t =    45.42s Requesting snapshot of accessibility hierarchy for app with pid 74792
    t =    45.47s Find: Descendant with identity binding to AX element pid: 74792, elementOrHash.elementID: 4404438656.318
    t =    45.47s Requesting snapshot of accessibility hierarchy for app with pid 74792
AUDIT_ISSUE large-privacy | 1 | Contrast failed | Contrast failed for SwiftUI.AccessibilityNode | Attributes: StaticText, 0x107451e00, {{80.0, 725.3}, {230.3, 58.0}}, label: 'Your pump account sign-in is not synced through iCloud. Set it up separately on each device.'
Element subtree:
 →StaticText, 0x107451e00, {{80.0, 725.3}, {230.3, 58.0}}, label: 'Your pump account sign-in is not synced through iCloud. Set it up separately on each device.'
Path to element:
 →Application, 0x107095900, pid: 74792, label: 'PumpSync'
  ↳Window (Main), 0x107095a40, {{0.0, 0.0}, {402.0, 874.0}}
   ↳Other, 0x107095b80, {{0.0, 0.0}, {402.0, 874.0}}
    ↳Other, 0x107095cc0, {{0.0, 0.0}, {402.0, 874.0}}
     ↳Other, 0x107095e00, {{0.0, 0.0}, {402.0, 874.0}}
      ↳Other, 0x107095f40, {{0.0, 0.0}, {402.0, 874.0}}
       ↳Other, 0x107096080, {{0.0, 0.0}, {402.0, 874.0}}
        ↳Other, 0x1070961c0, {{0.0, 0.0}, {402.0, 874.0}}
         ↳Other, 0x107096300, {{0.0, 0.0}, {402.0, 874.0}}
          ↳Other, 0x107096440, {{0.0, 0.0}, {402.0, 874.0}}
           ↳Other, 0x107096580, {{0.0, 0.0}, {402.0, 874.0}}
            ↳Other, 0x1070966c0, {{0.0, 0.0}, {402.0, 874.0}}
             ↳Other, 0x107096800, {{0.0, 0.0}, {402.0, 874.0}}
              ↳Other, 0x107096d00, {{0.0, 0.0}, {402.0, 874.0}}
               ↳Other, 0x107096e40, {{0.0, 0.0}, {402.0, 874.0}}
                ↳Other, 0x107096f80, {{0.0, 0.0}, {402.0, 874.0}}
                 ↳Other, 0x1070970c0, {{0.0, 0.0}, {402.0, 874.0}}
                  ↳ScrollView, 0x107097200, {{0.0, 0.0}, {402.0, 874.0}}
                   ↳Other, 0x107450140, {{0.0, 168.0}, {402.0, 953.0}}
                    ↳Other, 0x107451a40, {{45.7, 701.0}, {264.7, 82.3}}, label: 'Configure each device', value: Your pump account ...
                     ↳StaticText, 0x107451e00, {{80.0, 725.3}, {230.3, 58.0}}, label: 'Your pump account sign-in is not synced through iCloud. Set it up separately on each device.'
Query chain:
 →Find: Target Application 'dev.ericslutz.PumpSync'
  Output: {
    Application, 0x10749af80, pid: 74792, label: 'PumpSync'
  }
  ↪︎Find: Descendant with identity binding to AX element pid: 74792, elementOrHash.elementID: 4404438656.318
    Output: {
      StaticText, 0x107095400, {{80.0, 725.3}, {230.3, 58.0}}, label: 'Your pump account sign-in is not synced through iCloud. Set it up separately on each device.'
    }

    t =    45.52s Find the Any (Descendant with identity binding to AX element pid: 74792, elementOrHash.elementID: 4404462464.320)
    t =    45.55s Requesting snapshot of accessibility hierarchy for app with pid 74792
    t =    45.60s Find: Descendant with identity binding to AX element pid: 74792, elementOrHash.elementID: 4404462464.320
    t =    45.68s Requesting snapshot of accessibility hierarchy for app with pid 74792
    t =    45.72s Find: Descendant with identity binding to AX element pid: 74792, elementOrHash.elementID: 4404462464.320
    t =    45.73s Requesting snapshot of accessibility hierarchy for app with pid 74792
AUDIT_ISSUE large-privacy | 1 | Contrast failed | Contrast failed for SwiftUI.AccessibilityNode | Attributes: StaticText, 0x107452300, {{80.0, 863.7}, {173.7, 20.3}}, label: 'Delete PumpSync data'
Element subtree:
 →StaticText, 0x107452300, {{80.0, 863.7}, {173.7, 20.3}}, label: 'Delete PumpSync data'
Path to element:
 →Application, 0x107095900, pid: 74792, label: 'PumpSync'
  ↳Window (Main), 0x107095a40, {{0.0, 0.0}, {402.0, 874.0}}
   ↳Other, 0x107095b80, {{0.0, 0.0}, {402.0, 874.0}}
    ↳Other, 0x107095cc0, {{0.0, 0.0}, {402.0, 874.0}}
     ↳Other, 0x107095e00, {{0.0, 0.0}, {402.0, 874.0}}
      ↳Other, 0x107095f40, {{0.0, 0.0}, {402.0, 874.0}}
       ↳Other, 0x107096080, {{0.0, 0.0}, {402.0, 874.0}}
        ↳Other, 0x1070961c0, {{0.0, 0.0}, {402.0, 874.0}}
         ↳Other, 0x107096300, {{0.0, 0.0}, {402.0, 874.0}}
          ↳Other, 0x107096440, {{0.0, 0.0}, {402.0, 874.0}}
           ↳Other, 0x107096580, {{0.0, 0.0}, {402.0, 874.0}}
            ↳Other, 0x1070966c0, {{0.0, 0.0}, {402.0, 874.0}}
             ↳Other, 0x107096800, {{0.0, 0.0}, {402.0, 874.0}}
              ↳Other, 0x107096d00, {{0.0, 0.0}, {402.0, 874.0}}
               ↳Other, 0x107096e40, {{0.0, 0.0}, {402.0, 874.0}}
                ↳Other, 0x107096f80, {{0.0, 0.0}, {402.0, 874.0}}
                 ↳Other, 0x1070970c0, {{0.0, 0.0}, {402.0, 874.0}}
                  ↳ScrollView, 0x107097200, {{0.0, 0.0}, {402.0, 874.0}}
                   ↳Other, 0x107450140, {{0.0, 168.0}, {402.0, 953.0}}
                    ↳Other, 0x107452080, {{40.3, 863.7}, {309.7, 82.3}}, label: 'Delete PumpSync data', value: PumpSync can prepa...
                     ↳StaticText, 0x107452300, {{80.0, 863.7}, {173.7, 20.3}}, label: 'Delete PumpSync data'
Query chain:
 →Find: Target Application 'dev.ericslutz.PumpSync'
  Output: {
    Application, 0x10749af80, pid: 74792, label: 'PumpSync'
  }
  ↪︎Find: Descendant with identity binding to AX element pid: 74792, elementOrHash.elementID: 4404462464.320
    Output: {
      StaticText, 0x107498140, {{80.0, 863.7}, {173.7, 20.3}}, label: 'Delete PumpSync data'
    }

    t =    45.78s Tap Button (First Match)
    t =    45.78s     Wait for dev.ericslutz.PumpSync to idle
    t =    45.78s     Find the Button (First Match)
    t =    45.82s     Check for interrupting elements affecting "BackButton" Button
    t =    45.85s     Synthesize event
    t =    46.15s     Wait for dev.ericslutz.PumpSync to idle
    t =    46.59s Find the "AboutPumpSyncLink" Button
    t =    46.66s Find the "AboutPumpSyncLink" Button
    t =    46.71s Tap "AboutPumpSyncLink" Button
    t =    46.71s     Wait for dev.ericslutz.PumpSync to idle
    t =    46.72s     Find the "AboutPumpSyncLink" Button
    t =    46.76s     Check for interrupting elements affecting "AboutPumpSyncLink" Button
    t =    46.79s     Synthesize event
    t =    47.09s     Wait for dev.ericslutz.PumpSync to idle
    t =    47.86s Find the Target Application 'dev.ericslutz.PumpSync'
    t =    48.00s Added attachment named 'large-about.png'
    t =    48.00s Requesting snapshot of accessibility hierarchy for app with pid 74792
    t =    48.14s Requesting snapshot of accessibility hierarchy for app with pid 74792
    t =    48.18s Added attachment named 'large-about-tree.txt'
    t =    50.15s Find the Any (Descendant with identity binding to AX element pid: 74792, elementOrHash.elementID: 4404403200.343)
    t =    50.18s Requesting snapshot of accessibility hierarchy for app with pid 74792
    t =    50.21s Find: Descendant with identity binding to AX element pid: 74792, elementOrHash.elementID: 4404403200.343
    t =    50.28s Requesting snapshot of accessibility hierarchy for app with pid 74792
    t =    50.32s Find: Descendant with identity binding to AX element pid: 74792, elementOrHash.elementID: 4404403200.343
    t =    50.32s Requesting snapshot of accessibility hierarchy for app with pid 74792
AUDIT_ISSUE large-about | 1 | Contrast nearly passed | Contrast is not high enough for SwiftUI.AccessibilityNode unless font size is larger. | Attributes: StaticText, 0x1070aa300, {{24.0, 180.0}, {138.0, 20.3}}, label: 'About PumpSync'
Element subtree:
 →StaticText, 0x1070aa300, {{24.0, 180.0}, {138.0, 20.3}}, label: 'About PumpSync'
Path to element:
 →Application, 0x10744fe80, pid: 74792, label: 'PumpSync'
  ↳Window (Main), 0x10744fd40, {{0.0, 0.0}, {402.0, 874.0}}
   ↳Other, 0x10744f200, {{0.0, 0.0}, {402.0, 874.0}}
    ↳Other, 0x10744f480, {{0.0, 0.0}, {402.0, 874.0}}
     ↳Other, 0x10744f340, {{0.0, 0.0}, {402.0, 874.0}}
      ↳Other, 0x1070a8000, {{0.0, 0.0}, {402.0, 874.0}}
       ↳Other, 0x1070a8140, {{0.0, 0.0}, {402.0, 874.0}}
        ↳Other, 0x1070a8280, {{0.0, 0.0}, {402.0, 874.0}}
         ↳Other, 0x1070a83c0, {{0.0, 0.0}, {402.0, 874.0}}
          ↳Other, 0x1070a8500, {{0.0, 0.0}, {402.0, 874.0}}
           ↳Other, 0x1070a8640, {{0.0, 0.0}, {402.0, 874.0}}
            ↳Other, 0x1070a8780, {{0.0, 0.0}, {402.0, 874.0}}
             ↳Other, 0x1070a88c0, {{0.0, 0.0}, {402.0, 874.0}}
              ↳Other, 0x1070a8dc0, {{0.0, 0.0}, {402.0, 874.0}}
               ↳Other, 0x1070a8f00, {{0.0, 0.0}, {402.0, 874.0}}
                ↳Other, 0x1070a9040, {{0.0, 0.0}, {402.0, 874.0}}
                 ↳Other, 0x1070a9180, {{0.0, 0.0}, {402.0, 874.0}}
                  ↳ScrollView, 0x1070a92c0, {{0.0, 0.0}, {402.0, 874.0}}
                   ↳Other, 0x1070aa1c0, {{0.0, 168.0}, {402.0, 726.7}}
                    ↳StaticText, 0x1070aa300, {{24.0, 180.0}, {138.0, 20.3}}, label: 'About PumpSync'
Query chain:
 →Find: Target Application 'dev.ericslutz.PumpSync'
  Output: {
    Application, 0x10747d540, pid: 74792, label: 'PumpSync'
  }
  ↪︎Find: Descendant with identity binding to AX element pid: 74792, elementOrHash.elementID: 4404403200.343
    Output: {
      StaticText, 0x107453d40, {{24.0, 180.0}, {138.0, 20.3}}, label: 'About PumpSync'
    }

    t =    50.36s Find the Any (Descendant with identity binding to AX element pid: 74792, elementOrHash.elementID: 4404403648.345)
    t =    50.38s Requesting snapshot of accessibility hierarchy for app with pid 74792
    t =    50.42s Find: Descendant with identity binding to AX element pid: 74792, elementOrHash.elementID: 4404403648.345
    t =    50.49s Requesting snapshot of accessibility hierarchy for app with pid 74792
    t =    50.52s Find: Descendant with identity binding to AX element pid: 74792, elementOrHash.elementID: 4404403648.345
    t =    50.53s Requesting snapshot of accessibility hierarchy for app with pid 74792
AUDIT_ISSUE large-about | 1 | Contrast nearly passed | Contrast is not high enough for SwiftUI.AccessibilityNode unless font size is larger. | Attributes: StaticText, 0x1070aa580, {{24.0, 342.7}, {158.0, 20.3}}, label: 'How Syncing Works'
Element subtree:
 →StaticText, 0x1070aa580, {{24.0, 342.7}, {158.0, 20.3}}, label: 'How Syncing Works'
Path to element:
 →Application, 0x10744fe80, pid: 74792, label: 'PumpSync'
  ↳Window (Main), 0x10744fd40, {{0.0, 0.0}, {402.0, 874.0}}
   ↳Other, 0x10744f200, {{0.0, 0.0}, {402.0, 874.0}}
    ↳Other, 0x10744f480, {{0.0, 0.0}, {402.0, 874.0}}
     ↳Other, 0x10744f340, {{0.0, 0.0}, {402.0, 874.0}}
      ↳Other, 0x1070a8000, {{0.0, 0.0}, {402.0, 874.0}}
       ↳Other, 0x1070a8140, {{0.0, 0.0}, {402.0, 874.0}}
        ↳Other, 0x1070a8280, {{0.0, 0.0}, {402.0, 874.0}}
         ↳Other, 0x1070a83c0, {{0.0, 0.0}, {402.0, 874.0}}
          ↳Other, 0x1070a8500, {{0.0, 0.0}, {402.0, 874.0}}
           ↳Other, 0x1070a8640, {{0.0, 0.0}, {402.0, 874.0}}
            ↳Other, 0x1070a8780, {{0.0, 0.0}, {402.0, 874.0}}
             ↳Other, 0x1070a88c0, {{0.0, 0.0}, {402.0, 874.0}}
              ↳Other, 0x1070a8dc0, {{0.0, 0.0}, {402.0, 874.0}}
               ↳Other, 0x1070a8f00, {{0.0, 0.0}, {402.0, 874.0}}
                ↳Other, 0x1070a9040, {{0.0, 0.0}, {402.0, 874.0}}
                 ↳Other, 0x1070a9180, {{0.0, 0.0}, {402.0, 874.0}}
                  ↳ScrollView, 0x1070a92c0, {{0.0, 0.0}, {402.0, 874.0}}
                   ↳Other, 0x1070aa1c0, {{0.0, 168.0}, {402.0, 726.7}}
                    ↳StaticText, 0x1070aa580, {{24.0, 342.7}, {158.0, 20.3}}, label: 'How Syncing Works'
Query chain:
 →Find: Target Application 'dev.ericslutz.PumpSync'
  Output: {
    Application, 0x10747d540, pid: 74792, label: 'PumpSync'
  }
  ↪︎Find: Descendant with identity binding to AX element pid: 74792, elementOrHash.elementID: 4404403648.345
    Output: {
      StaticText, 0x107095680, {{24.0, 342.7}, {158.0, 20.3}}, label: 'How Syncing Works'
    }

    t =    50.57s Find the Any (Descendant with identity binding to AX element pid: 74792, elementOrHash.elementID: 4404399616.348)
    t =    50.59s Requesting snapshot of accessibility hierarchy for app with pid 74792
    t =    50.62s Find: Descendant with identity binding to AX element pid: 74792, elementOrHash.elementID: 4404399616.348
    t =    50.71s Requesting snapshot of accessibility hierarchy for app with pid 74792
    t =    50.74s Find: Descendant with identity binding to AX element pid: 74792, elementOrHash.elementID: 4404399616.348
    t =    50.74s Requesting snapshot of accessibility hierarchy for app with pid 74792
AUDIT_ISSUE large-about | 1 | Contrast nearly passed | Contrast is not high enough for SwiftUI.AccessibilityNode unless font size is larger. | Attributes: StaticText, 0x1070aa940, {{24.0, 592.0}, {113.0, 20.3}}, label: 'While Syncing'
Element subtree:
 →StaticText, 0x1070aa940, {{24.0, 592.0}, {113.0, 20.3}}, label: 'While Syncing'
Path to element:
 →Application, 0x10744fe80, pid: 74792, label: 'PumpSync'
  ↳Window (Main), 0x10744fd40, {{0.0, 0.0}, {402.0, 874.0}}
   ↳Other, 0x10744f200, {{0.0, 0.0}, {402.0, 874.0}}
    ↳Other, 0x10744f480, {{0.0, 0.0}, {402.0, 874.0}}
     ↳Other, 0x10744f340, {{0.0, 0.0}, {402.0, 874.0}}
      ↳Other, 0x1070a8000, {{0.0, 0.0}, {402.0, 874.0}}
       ↳Other, 0x1070a8140, {{0.0, 0.0}, {402.0, 874.0}}
        ↳Other, 0x1070a8280, {{0.0, 0.0}, {402.0, 874.0}}
         ↳Other, 0x1070a83c0, {{0.0, 0.0}, {402.0, 874.0}}
          ↳Other, 0x1070a8500, {{0.0, 0.0}, {402.0, 874.0}}
           ↳Other, 0x1070a8640, {{0.0, 0.0}, {402.0, 874.0}}
            ↳Other, 0x1070a8780, {{0.0, 0.0}, {402.0, 874.0}}
             ↳Other, 0x1070a88c0, {{0.0, 0.0}, {402.0, 874.0}}
              ↳Other, 0x1070a8dc0, {{0.0, 0.0}, {402.0, 874.0}}
               ↳Other, 0x1070a8f00, {{0.0, 0.0}, {402.0, 874.0}}
                ↳Other, 0x1070a9040, {{0.0, 0.0}, {402.0, 874.0}}
                 ↳Other, 0x1070a9180, {{0.0, 0.0}, {402.0, 874.0}}
                  ↳ScrollView, 0x1070a92c0, {{0.0, 0.0}, {402.0, 874.0}}
                   ↳Other, 0x1070aa1c0, {{0.0, 168.0}, {402.0, 726.7}}
                    ↳StaticText, 0x1070aa940, {{24.0, 592.0}, {113.0, 20.3}}, label: 'While Syncing'
Query chain:
 →Find: Target Application 'dev.ericslutz.PumpSync'
  Output: {
    Application, 0x10747d540, pid: 74792, label: 'PumpSync'
  }
  ↪︎Find: Descendant with identity binding to AX element pid: 74792, elementOrHash.elementID: 4404399616.348
    Output: {
      StaticText, 0x10744fac0, {{24.0, 592.0}, {113.0, 20.3}}, label: 'While Syncing'
    }

    t =    50.78s Tap Button (First Match)
    t =    50.78s     Wait for dev.ericslutz.PumpSync to idle
    t =    50.78s     Find the Button (First Match)
    t =    50.81s     Check for interrupting elements affecting "BackButton" Button
    t =    50.84s     Synthesize event
    t =    51.14s     Wait for dev.ericslutz.PumpSync to idle
    t =    51.59s Find the "DeveloperLink" Button
    t =    51.67s Swipe up Target Application 'dev.ericslutz.PumpSync'
    t =    51.67s     Wait for dev.ericslutz.PumpSync to idle
    t =    51.67s     Find the Target Application 'dev.ericslutz.PumpSync'
    t =    51.69s     Check for interrupting elements affecting "PumpSync" Application
    t =    51.72s     Synthesize event
    t =    52.14s     Wait for dev.ericslutz.PumpSync to idle
    t =    52.62s Find the "DeveloperLink" Button
    t =    52.69s Find the "DeveloperLink" Button
    t =    52.74s Tap "DeveloperLink" Button
    t =    52.74s     Wait for dev.ericslutz.PumpSync to idle
    t =    52.74s     Find the "DeveloperLink" Button
    t =    52.78s     Check for interrupting elements affecting "DeveloperLink" Button
    t =    52.81s     Synthesize event
    t =    53.11s     Wait for dev.ericslutz.PumpSync to idle
    t =    53.97s Find the Target Application 'dev.ericslutz.PumpSync'
    t =    54.13s Added attachment named 'large-developer.png'
    t =    54.13s Requesting snapshot of accessibility hierarchy for app with pid 74792
    t =    54.47s Requesting snapshot of accessibility hierarchy for app with pid 74792
    t =    54.56s Added attachment named 'large-developer-tree.txt'
    t =    56.76s Find the Any (Descendant with identity binding to AX element pid: 74792, elementOrHash.elementID: 4404238912.382)
    t =    56.81s Requesting snapshot of accessibility hierarchy for app with pid 74792
    t =    56.91s Find: Descendant with identity binding to AX element pid: 74792, elementOrHash.elementID: 4404238912.382
    t =    56.99s Requesting snapshot of accessibility hierarchy for app with pid 74792
    t =    57.09s Find: Descendant with identity binding to AX element pid: 74792, elementOrHash.elementID: 4404238912.382
    t =    57.10s Requesting snapshot of accessibility hierarchy for app with pid 74792
AUDIT_ISSUE large-developer | 1 | Contrast nearly passed | Contrast is not high enough for SwiftUI.AccessibilityNode unless font size is larger. | Attributes: StaticText, 0x10747e6c0, {{24.0, 180.0}, {40.3, 20.3}}, label: 'Build'
Element subtree:
 →StaticText, 0x10747e6c0, {{24.0, 180.0}, {40.3, 20.3}}, label: 'Build'
Path to element:
 →Application, 0x107097840, pid: 74792, label: 'PumpSync'
  ↳Window (Main), 0x107097700, {{0.0, 0.0}, {402.0, 874.0}}
   ↳Other, 0x10747c000, {{0.0, 0.0}, {402.0, 874.0}}
    ↳Other, 0x10747c140, {{0.0, 0.0}, {402.0, 874.0}}
     ↳Other, 0x10747c280, {{0.0, 0.0}, {402.0, 874.0}}
      ↳Other, 0x10747c3c0, {{0.0, 0.0}, {402.0, 874.0}}
       ↳Other, 0x10747c500, {{0.0, 0.0}, {402.0, 874.0}}
        ↳Other, 0x10747c640, {{0.0, 0.0}, {402.0, 874.0}}
         ↳Other, 0x10747c780, {{0.0, 0.0}, {402.0, 874.0}}
          ↳Other, 0x10747c8c0, {{0.0, 0.0}, {402.0, 874.0}}
           ↳Other, 0x10747ca00, {{0.0, 0.0}, {402.0, 874.0}}
            ↳Other, 0x10747cb40, {{0.0, 0.0}, {402.0, 874.0}}
             ↳Other, 0x10747cc80, {{0.0, 0.0}, {402.0, 874.0}}
              ↳Other, 0x10747d180, {{0.0, 0.0}, {402.0, 874.0}}
               ↳Other, 0x10747d2c0, {{0.0, 0.0}, {402.0, 874.0}}
                ↳Other, 0x10747d400, {{0.0, 0.0}, {402.0, 874.0}}
                 ↳Other, 0x10747d540, {{0.0, 0.0}, {402.0, 874.0}}
                  ↳ScrollView, 0x10747d680, {{0.0, 0.0}, {402.0, 874.0}}
                   ↳Other, 0x10747e580, {{0.0, 168.0}, {402.0, 1906.3}}
                    ↳StaticText, 0x10747e6c0, {{24.0, 180.0}, {40.3, 20.3}}, label: 'Build'
Query chain:
 →Find: Target Application 'dev.ericslutz.PumpSync'
  Output: {
    Application, 0x11c522080, pid: 74792, label: 'PumpSync'
  }
  ↪︎Find: Descendant with identity binding to AX element pid: 74792, elementOrHash.elementID: 4404238912.382
    Output: {
      StaticText, 0x107096800, {{24.0, 180.0}, {40.3, 20.3}}, label: 'Build'
    }

    t =    57.20s Find the Any (Descendant with identity binding to AX element pid: 74792, elementOrHash.elementID: 4404437312.386)
    t =    57.25s Requesting snapshot of accessibility hierarchy for app with pid 74792
    t =    57.34s Find: Descendant with identity binding to AX element pid: 74792, elementOrHash.elementID: 4404437312.386
    t =    57.43s Requesting snapshot of accessibility hierarchy for app with pid 74792
    t =    57.51s Find: Descendant with identity binding to AX element pid: 74792, elementOrHash.elementID: 4404437312.386
    t =    57.52s Requesting snapshot of accessibility hierarchy for app with pid 74792
AUDIT_ISSUE large-developer | 1 | Contrast nearly passed | Contrast is not high enough for SwiftUI.AccessibilityNode unless font size is larger. | Attributes: StaticText, 0x10747f5c0, {{24.0, 421.0}, {39.7, 20.3}}, label: 'Sync'
Element subtree:
 →StaticText, 0x10747f5c0, {{24.0, 421.0}, {39.7, 20.3}}, label: 'Sync'
Path to element:
 →Application, 0x107097840, pid: 74792, label: 'PumpSync'
  ↳Window (Main), 0x107097700, {{0.0, 0.0}, {402.0, 874.0}}
   ↳Other, 0x10747c000, {{0.0, 0.0}, {402.0, 874.0}}
    ↳Other, 0x10747c140, {{0.0, 0.0}, {402.0, 874.0}}
     ↳Other, 0x10747c280, {{0.0, 0.0}, {402.0, 874.0}}
      ↳Other, 0x10747c3c0, {{0.0, 0.0}, {402.0, 874.0}}
       ↳Other, 0x10747c500, {{0.0, 0.0}, {402.0, 874.0}}
        ↳Other, 0x10747c640, {{0.0, 0.0}, {402.0, 874.0}}
         ↳Other, 0x10747c780, {{0.0, 0.0}, {402.0, 874.0}}
          ↳Other, 0x10747c8c0, {{0.0, 0.0}, {402.0, 874.0}}
           ↳Other, 0x10747ca00, {{0.0, 0.0}, {402.0, 874.0}}
            ↳Other, 0x10747cb40, {{0.0, 0.0}, {402.0, 874.0}}
             ↳Other, 0x10747cc80, {{0.0, 0.0}, {402.0, 874.0}}
              ↳Other, 0x10747d180, {{0.0, 0.0}, {402.0, 874.0}}
               ↳Other, 0x10747d2c0, {{0.0, 0.0}, {402.0, 874.0}}
                ↳Other, 0x10747d400, {{0.0, 0.0}, {402.0, 874.0}}
                 ↳Other, 0x10747d540, {{0.0, 0.0}, {402.0, 874.0}}
                  ↳ScrollView, 0x10747d680, {{0.0, 0.0}, {402.0, 874.0}}
                   ↳Other, 0x10747e580, {{0.0, 168.0}, {402.0, 1906.3}}
                    ↳StaticText, 0x10747f5c0, {{24.0, 421.0}, {39.7, 20.3}}, label: 'Sync'
Query chain:
 →Find: Target Application 'dev.ericslutz.PumpSync'
  Output: {
    Application, 0x11c522080, pid: 74792, label: 'PumpSync'
  }
  ↪︎Find: Descendant with identity binding to AX element pid: 74792, elementOrHash.elementID: 4404437312.386
    Output: {
      StaticText, 0x107096bc0, {{24.0, 421.0}, {39.7, 20.3}}, label: 'Sync'
    }

    t =    57.62s Find the Any (Descendant with identity binding to AX element pid: 74792, elementOrHash.elementID: 4404401408.391)
    t =    57.67s Requesting snapshot of accessibility hierarchy for app with pid 74792
    t =    57.76s Find: Descendant with identity binding to AX element pid: 74792, elementOrHash.elementID: 4404401408.391
    t =    57.84s Requesting snapshot of accessibility hierarchy for app with pid 74792
    t =    57.93s Find: Descendant with identity binding to AX element pid: 74792, elementOrHash.elementID: 4404401408.391
    t =    57.94s Requesting snapshot of accessibility hierarchy for app with pid 74792
AUDIT_ISSUE large-developer | 1 | Contrast nearly passed | Contrast is not high enough for SwiftUI.AccessibilityNode unless font size is larger. | Attributes: StaticText, 0x107498b40, {{24.0, 707.7}, {93.7, 20.3}}, label: 'Diagnostics'
Element subtree:
 →StaticText, 0x107498b40, {{24.0, 707.7}, {93.7, 20.3}}, label: 'Diagnostics'
Path to element:
 →Application, 0x107097840, pid: 74792, label: 'PumpSync'
  ↳Window (Main), 0x107097700, {{0.0, 0.0}, {402.0, 874.0}}
   ↳Other, 0x10747c000, {{0.0, 0.0}, {402.0, 874.0}}
    ↳Other, 0x10747c140, {{0.0, 0.0}, {402.0, 874.0}}
     ↳Other, 0x10747c280, {{0.0, 0.0}, {402.0, 874.0}}
      ↳Other, 0x10747c3c0, {{0.0, 0.0}, {402.0, 874.0}}
       ↳Other, 0x10747c500, {{0.0, 0.0}, {402.0, 874.0}}
        ↳Other, 0x10747c640, {{0.0, 0.0}, {402.0, 874.0}}
         ↳Other, 0x10747c780, {{0.0, 0.0}, {402.0, 874.0}}
          ↳Other, 0x10747c8c0, {{0.0, 0.0}, {402.0, 874.0}}
           ↳Other, 0x10747ca00, {{0.0, 0.0}, {402.0, 874.0}}
            ↳Other, 0x10747cb40, {{0.0, 0.0}, {402.0, 874.0}}
             ↳Other, 0x10747cc80, {{0.0, 0.0}, {402.0, 874.0}}
              ↳Other, 0x10747d180, {{0.0, 0.0}, {402.0, 874.0}}
               ↳Other, 0x10747d2c0, {{0.0, 0.0}, {402.0, 874.0}}
                ↳Other, 0x10747d400, {{0.0, 0.0}, {402.0, 874.0}}
                 ↳Other, 0x10747d540, {{0.0, 0.0}, {402.0, 874.0}}
                  ↳ScrollView, 0x10747d680, {{0.0, 0.0}, {402.0, 874.0}}
                   ↳Other, 0x10747e580, {{0.0, 168.0}, {402.0, 1906.3}}
                    ↳StaticText, 0x107498b40, {{24.0, 707.7}, {93.7, 20.3}}, label: 'Diagnostics'
Query chain:
 →Find: Target Application 'dev.ericslutz.PumpSync'
  Output: {
    Application, 0x11c522080, pid: 74792, label: 'PumpSync'
  }
  ↪︎Find: Descendant with identity binding to AX element pid: 74792, elementOrHash.elementID: 4404401408.391
    Output: {
      StaticText, 0x114ba1040, {{24.0, 707.7}, {93.7, 20.3}}, label: 'Diagnostics'
    }

    t =    58.04s Find the Any (Descendant with identity binding to AX element pid: 74792, elementOrHash.elementID: 4404402752.393)
    t =    58.10s Requesting snapshot of accessibility hierarchy for app with pid 74792
    t =    58.20s Find: Descendant with identity binding to AX element pid: 74792, elementOrHash.elementID: 4404402752.393
    t =    58.28s Requesting snapshot of accessibility hierarchy for app with pid 74792
    t =    58.37s Find: Descendant with identity binding to AX element pid: 74792, elementOrHash.elementID: 4404402752.393
    t =    58.37s Requesting snapshot of accessibility hierarchy for app with pid 74792
AUDIT_ISSUE large-developer | 1 | Contrast failed | Contrast failed for SwiftUI.AccessibilityNode | Attributes: StaticText, 0x107499040, {{38.0, 802.3}, {103.0, 18.0}}, label: 'App Event Log'
Element subtree:
 →StaticText, 0x107499040, {{38.0, 802.3}, {103.0, 18.0}}, label: 'App Event Log'
Path to element:
 →Application, 0x107097840, pid: 74792, label: 'PumpSync'
  ↳Window (Main), 0x107097700, {{0.0, 0.0}, {402.0, 874.0}}
   ↳Other, 0x10747c000, {{0.0, 0.0}, {402.0, 874.0}}
    ↳Other, 0x10747c140, {{0.0, 0.0}, {402.0, 874.0}}
     ↳Other, 0x10747c280, {{0.0, 0.0}, {402.0, 874.0}}
      ↳Other, 0x10747c3c0, {{0.0, 0.0}, {402.0, 874.0}}
       ↳Other, 0x10747c500, {{0.0, 0.0}, {402.0, 874.0}}
        ↳Other, 0x10747c640, {{0.0, 0.0}, {402.0, 874.0}}
         ↳Other, 0x10747c780, {{0.0, 0.0}, {402.0, 874.0}}
          ↳Other, 0x10747c8c0, {{0.0, 0.0}, {402.0, 874.0}}
           ↳Other, 0x10747ca00, {{0.0, 0.0}, {402.0, 874.0}}
            ↳Other, 0x10747cb40, {{0.0, 0.0}, {402.0, 874.0}}
             ↳Other, 0x10747cc80, {{0.0, 0.0}, {402.0, 874.0}}
              ↳Other, 0x10747d180, {{0.0, 0.0}, {402.0, 874.0}}
               ↳Other, 0x10747d2c0, {{0.0, 0.0}, {402.0, 874.0}}
                ↳Other, 0x10747d400, {{0.0, 0.0}, {402.0, 874.0}}
                 ↳Other, 0x10747d540, {{0.0, 0.0}, {402.0, 874.0}}
                  ↳ScrollView, 0x10747d680, {{0.0, 0.0}, {402.0, 874.0}}
                   ↳Other, 0x10747e580, {{0.0, 168.0}, {402.0, 1906.3}}
                    ↳StaticText, 0x107499040, {{38.0, 802.3}, {103.0, 18.0}}, label: 'App Event Log'
Query chain:
 →Find: Target Application 'dev.ericslutz.PumpSync'
  Output: {
    Application, 0x11c522080, pid: 74792, label: 'PumpSync'
  }
  ↪︎Find: Descendant with identity binding to AX element pid: 74792, elementOrHash.elementID: 4404402752.393
    Output: {
      StaticText, 0x114ba1540, {{38.0, 802.3}, {103.0, 18.0}}, label: 'App Event Log'
    }

    t =    58.47s Find the Any (Descendant with identity binding to AX element pid: 74792, elementOrHash.elementID: 4404287168.415)
    t =    58.51s Requesting snapshot of accessibility hierarchy for app with pid 74792
    t =    58.60s Find: Descendant with identity binding to AX element pid: 74792, elementOrHash.elementID: 4404287168.415
    t =    58.69s Requesting snapshot of accessibility hierarchy for app with pid 74792
    t =    58.78s Find: Descendant with identity binding to AX element pid: 74792, elementOrHash.elementID: 4404287168.415
    t =    58.78s Requesting snapshot of accessibility hierarchy for app with pid 74792
AUDIT_ISSUE large-developer | 1 | Contrast nearly passed | Contrast is not high enough for SwiftUI.AccessibilityNode unless font size is larger. | Attributes: StaticText, 0x10747ed00, {{80.0, 248.7}, {65.0, 18.0}}, label: '1.0.0 (33)'
Element subtree:
 →StaticText, 0x10747ed00, {{80.0, 248.7}, {65.0, 18.0}}, label: '1.0.0 (33)'
Path to element:
 →Application, 0x107097700, pid: 74792, label: 'PumpSync'
  ↳Window (Main), 0x10747c000, {{0.0, 0.0}, {402.0, 874.0}}
   ↳Other, 0x10747c140, {{0.0, 0.0}, {402.0, 874.0}}
    ↳Other, 0x10747c280, {{0.0, 0.0}, {402.0, 874.0}}
     ↳Other, 0x10747c3c0, {{0.0, 0.0}, {402.0, 874.0}}
      ↳Other, 0x10747c500, {{0.0, 0.0}, {402.0, 874.0}}
       ↳Other, 0x10747c640, {{0.0, 0.0}, {402.0, 874.0}}
        ↳Other, 0x10747c780, {{0.0, 0.0}, {402.0, 874.0}}
         ↳Other, 0x10747c8c0, {{0.0, 0.0}, {402.0, 874.0}}
          ↳Other, 0x10747ca00, {{0.0, 0.0}, {402.0, 874.0}}
           ↳Other, 0x10747cb40, {{0.0, 0.0}, {402.0, 874.0}}
            ↳Other, 0x10747cc80, {{0.0, 0.0}, {402.0, 874.0}}
             ↳Other, 0x10747cdc0, {{0.0, 0.0}, {402.0, 874.0}}
              ↳Other, 0x10747d2c0, {{0.0, 0.0}, {402.0, 874.0}}
               ↳Other, 0x10747d400, {{0.0, 0.0}, {402.0, 874.0}}
                ↳Other, 0x10747d540, {{0.0, 0.0}, {402.0, 874.0}}
                 ↳Other, 0x10747d680, {{0.0, 0.0}, {402.0, 874.0}}
                  ↳ScrollView, 0x10747d7c0, {{0.0, 0.0}, {402.0, 874.0}}
                   ↳Other, 0x10747e6c0, {{0.0, 168.0}, {402.0, 1906.3}}
                    ↳Other, 0x10747e940, {{43.3, 226.3}, {101.7, 40.3}}, label: 'Version', value: 1.0.0 (33)
                     ↳StaticText, 0x10747ed00, {{80.0, 248.7}, {65.0, 18.0}}, label: '1.0.0 (33)'
Query chain:
 →Find: Target Application 'dev.ericslutz.PumpSync'
  Output: {
    Application, 0x11c522080, pid: 74792, label: 'PumpSync'
  }
  ↪︎Find: Descendant with identity binding to AX element pid: 74792, elementOrHash.elementID: 4404287168.415
    Output: {
      StaticText, 0x107096800, {{80.0, 248.7}, {65.0, 18.0}}, label: '1.0.0 (33)'
    }

    t =    58.88s Find the Any (Descendant with identity binding to AX element pid: 74792, elementOrHash.elementID: 4404182336.418)
    t =    58.93s Requesting snapshot of accessibility hierarchy for app with pid 74792
    t =    59.02s Find: Descendant with identity binding to AX element pid: 74792, elementOrHash.elementID: 4404182336.418
    t =    59.10s Requesting snapshot of accessibility hierarchy for app with pid 74792
    t =    59.19s Find: Descendant with identity binding to AX element pid: 74792, elementOrHash.elementID: 4404182336.418
    t =    59.19s Requesting snapshot of accessibility hierarchy for app with pid 74792
AUDIT_ISSUE large-developer | 1 | Contrast nearly passed | Contrast is not high enough for SwiftUI.AccessibilityNode unless font size is larger. | Attributes: StaticText, 0x10747f200, {{80.0, 301.3}, {263.3, 38.0}}, label: '5D502360-4BB7-4FF9-9871-96668E9B88C0'
Element subtree:
 →StaticText, 0x10747f200, {{80.0, 301.3}, {263.3, 38.0}}, label: '5D502360-4BB7-4FF9-9871-96668E9B88C0'
Path to element:
 →Application, 0x107097700, pid: 74792, label: 'PumpSync'
  ↳Window (Main), 0x10747c000, {{0.0, 0.0}, {402.0, 874.0}}
   ↳Other, 0x10747c140, {{0.0, 0.0}, {402.0, 874.0}}
    ↳Other, 0x10747c280, {{0.0, 0.0}, {402.0, 874.0}}
     ↳Other, 0x10747c3c0, {{0.0, 0.0}, {402.0, 874.0}}
      ↳Other, 0x10747c500, {{0.0, 0.0}, {402.0, 874.0}}
       ↳Other, 0x10747c640, {{0.0, 0.0}, {402.0, 874.0}}
        ↳Other, 0x10747c780, {{0.0, 0.0}, {402.0, 874.0}}
         ↳Other, 0x10747c8c0, {{0.0, 0.0}, {402.0, 874.0}}
          ↳Other, 0x10747ca00, {{0.0, 0.0}, {402.0, 874.0}}
           ↳Other, 0x10747cb40, {{0.0, 0.0}, {402.0, 874.0}}
            ↳Other, 0x10747cc80, {{0.0, 0.0}, {402.0, 874.0}}
             ↳Other, 0x10747cdc0, {{0.0, 0.0}, {402.0, 874.0}}
              ↳Other, 0x10747d2c0, {{0.0, 0.0}, {402.0, 874.0}}
               ↳Other, 0x10747d400, {{0.0, 0.0}, {402.0, 874.0}}
                ↳Other, 0x10747d540, {{0.0, 0.0}, {402.0, 874.0}}
                 ↳Other, 0x10747d680, {{0.0, 0.0}, {402.0, 874.0}}
                  ↳ScrollView, 0x10747d7c0, {{0.0, 0.0}, {402.0, 874.0}}
                   ↳Other, 0x10747e6c0, {{0.0, 168.0}, {402.0, 1906.3}}
                    ↳Other, 0x10747ee40, {{43.0, 279.0}, {300.3, 60.3}}, label: 'Installation ID', value: 5D502360-4BB7-4FF9...
                     ↳StaticText, 0x10747f200, {{80.0, 301.3}, {263.3, 38.0}}, label: '5D502360-4BB7-4FF9-9871-96668E9B88C0'
Query chain:
 →Find: Target Application 'dev.ericslutz.PumpSync'
  Output: {
    Application, 0x11c522080, pid: 74792, label: 'PumpSync'
  }
  ↪︎Find: Descendant with identity binding to AX element pid: 74792, elementOrHash.elementID: 4404182336.418
    Output: {
      StaticText, 0x1070970c0, {{80.0, 301.3}, {263.3, 38.0}}, label: '5D502360-4BB7-4FF9-9871-96668E9B88C0'
    }

    t =    59.29s Find the Any (Descendant with identity binding to AX element pid: 74792, elementOrHash.elementID: 4404438656.420)
    t =    59.34s Requesting snapshot of accessibility hierarchy for app with pid 74792
    t =    59.43s Find: Descendant with identity binding to AX element pid: 74792, elementOrHash.elementID: 4404438656.420
    t =    59.52s Requesting snapshot of accessibility hierarchy for app with pid 74792
    t =    59.61s Find: Descendant with identity binding to AX element pid: 74792, elementOrHash.elementID: 4404438656.420
    t =    59.61s Requesting snapshot of accessibility hierarchy for app with pid 74792
AUDIT_ISSUE large-developer | 1 | Contrast nearly passed | Contrast is not high enough for SwiftUI.AccessibilityNode unless font size is larger. | Attributes: StaticText, 0x10747f5c0, {{80.0, 355.2}, {146.7, 20.3}}, label: 'Copy Installation ID'
Element subtree:
 →StaticText, 0x10747f5c0, {{80.0, 355.2}, {146.7, 20.3}}, label: 'Copy Installation ID'
Path to element:
 →Application, 0x107097700, pid: 74792, label: 'PumpSync'
  ↳Window (Main), 0x10747c000, {{0.0, 0.0}, {402.0, 874.0}}
   ↳Other, 0x10747c140, {{0.0, 0.0}, {402.0, 874.0}}
    ↳Other, 0x10747c280, {{0.0, 0.0}, {402.0, 874.0}}
     ↳Other, 0x10747c3c0, {{0.0, 0.0}, {402.0, 874.0}}
      ↳Other, 0x10747c500, {{0.0, 0.0}, {402.0, 874.0}}
       ↳Other, 0x10747c640, {{0.0, 0.0}, {402.0, 874.0}}
        ↳Other, 0x10747c780, {{0.0, 0.0}, {402.0, 874.0}}
         ↳Other, 0x10747c8c0, {{0.0, 0.0}, {402.0, 874.0}}
          ↳Other, 0x10747ca00, {{0.0, 0.0}, {402.0, 874.0}}
           ↳Other, 0x10747cb40, {{0.0, 0.0}, {402.0, 874.0}}
            ↳Other, 0x10747cc80, {{0.0, 0.0}, {402.0, 874.0}}
             ↳Other, 0x10747cdc0, {{0.0, 0.0}, {402.0, 874.0}}
              ↳Other, 0x10747d2c0, {{0.0, 0.0}, {402.0, 874.0}}
               ↳Other, 0x10747d400, {{0.0, 0.0}, {402.0, 874.0}}
                ↳Other, 0x10747d540, {{0.0, 0.0}, {402.0, 874.0}}
                 ↳Other, 0x10747d680, {{0.0, 0.0}, {402.0, 874.0}}
                  ↳ScrollView, 0x10747d7c0, {{0.0, 0.0}, {402.0, 874.0}}
                   ↳Other, 0x10747e6c0, {{0.0, 168.0}, {402.0, 1906.3}}
                    ↳Button, 0x10747f340, {{42.0, 353.0}, {184.7, 24.7}}, label: 'Copy Installation ID'
                     ↳StaticText, 0x10747f5c0, {{80.0, 355.2}, {146.7, 20.3}}, label: 'Copy Installation ID'
Query chain:
 →Find: Target Application 'dev.ericslutz.PumpSync'
  Output: {
    Application, 0x11c522080, pid: 74792, label: 'PumpSync'
  }
  ↪︎Find: Descendant with identity binding to AX element pid: 74792, elementOrHash.elementID: 4404438656.420
    Output: {
      StaticText, 0x107096e40, {{80.0, 355.2}, {146.7, 20.3}}, label: 'Copy Installation ID'
    }

    t =    59.71s Find the Any (Descendant with identity binding to AX element pid: 74792, elementOrHash.elementID: 4404378944.423)
    t =    59.76s Requesting snapshot of accessibility hierarchy for app with pid 74792
    t =    59.85s Find: Descendant with identity binding to AX element pid: 74792, elementOrHash.elementID: 4404378944.423
    t =    59.93s Requesting snapshot of accessibility hierarchy for app with pid 74792
    t =    60.02s Find: Descendant with identity binding to AX element pid: 74792, elementOrHash.elementID: 4404378944.423
    t =    60.03s Requesting snapshot of accessibility hierarchy for app with pid 74792
AUDIT_ISSUE large-developer | 1 | Contrast nearly passed | Contrast is not high enough for SwiftUI.AccessibilityNode unless font size is larger. | Attributes: StaticText, 0x10747fc00, {{80.0, 489.7}, {40.7, 18.0}}, label: 'Never'
Element subtree:
 →StaticText, 0x10747fc00, {{80.0, 489.7}, {40.7, 18.0}}, label: 'Never'
Path to element:
 →Application, 0x107097700, pid: 74792, label: 'PumpSync'
  ↳Window (Main), 0x10747c000, {{0.0, 0.0}, {402.0, 874.0}}
   ↳Other, 0x10747c140, {{0.0, 0.0}, {402.0, 874.0}}
    ↳Other, 0x10747c280, {{0.0, 0.0}, {402.0, 874.0}}
     ↳Other, 0x10747c3c0, {{0.0, 0.0}, {402.0, 874.0}}
      ↳Other, 0x10747c500, {{0.0, 0.0}, {402.0, 874.0}}
       ↳Other, 0x10747c640, {{0.0, 0.0}, {402.0, 874.0}}
        ↳Other, 0x10747c780, {{0.0, 0.0}, {402.0, 874.0}}
         ↳Other, 0x10747c8c0, {{0.0, 0.0}, {402.0, 874.0}}
          ↳Other, 0x10747ca00, {{0.0, 0.0}, {402.0, 874.0}}
           ↳Other, 0x10747cb40, {{0.0, 0.0}, {402.0, 874.0}}
            ↳Other, 0x10747cc80, {{0.0, 0.0}, {402.0, 874.0}}
             ↳Other, 0x10747cdc0, {{0.0, 0.0}, {402.0, 874.0}}
              ↳Other, 0x10747d2c0, {{0.0, 0.0}, {402.0, 874.0}}
               ↳Other, 0x10747d400, {{0.0, 0.0}, {402.0, 874.0}}
                ↳Other, 0x10747d540, {{0.0, 0.0}, {402.0, 874.0}}
                 ↳Other, 0x10747d680, {{0.0, 0.0}, {402.0, 874.0}}
                  ↳ScrollView, 0x10747d7c0, {{0.0, 0.0}, {402.0, 874.0}}
                   ↳Other, 0x10747e6c0, {{0.0, 168.0}, {402.0, 1906.3}}
                    ↳Other, 0x10747f840, {{42.0, 467.3}, {134.3, 40.3}}, label: 'Last attempt', value: Never
                     ↳StaticText, 0x10747fc00, {{80.0, 489.7}, {40.7, 18.0}}, label: 'Never'
Query chain:
 →Find: Target Application 'dev.ericslutz.PumpSync'
  Output: {
    Application, 0x11c522080, pid: 74792, label: 'PumpSync'
  }
  ↪︎Find: Descendant with identity binding to AX element pid: 74792, elementOrHash.elementID: 4404378944.423
    Output: {
      StaticText, 0x114ba0000, {{80.0, 489.7}, {40.7, 18.0}}, label: 'Never'
    }

    t =    60.12s Find the Any (Descendant with identity binding to AX element pid: 74792, elementOrHash.elementID: 4404366400.426)
    t =    60.17s Requesting snapshot of accessibility hierarchy for app with pid 74792
    t =    60.26s Find: Descendant with identity binding to AX element pid: 74792, elementOrHash.elementID: 4404366400.426
    t =    60.35s Requesting snapshot of accessibility hierarchy for app with pid 74792
    t =    60.44s Find: Descendant with identity binding to AX element pid: 74792, elementOrHash.elementID: 4404366400.426
    t =    60.44s Requesting snapshot of accessibility hierarchy for app with pid 74792
AUDIT_ISSUE large-developer | 1 | Contrast nearly passed | Contrast is not high enough for SwiftUI.AccessibilityNode unless font size is larger. | Attributes: StaticText, 0x107498140, {{80.0, 542.3}, {40.7, 18.0}}, label: 'Never'
Element subtree:
 →StaticText, 0x107498140, {{80.0, 542.3}, {40.7, 18.0}}, label: 'Never'
Path to element:
 →Application, 0x107097700, pid: 74792, label: 'PumpSync'
  ↳Window (Main), 0x10747c000, {{0.0, 0.0}, {402.0, 874.0}}
   ↳Other, 0x10747c140, {{0.0, 0.0}, {402.0, 874.0}}
    ↳Other, 0x10747c280, {{0.0, 0.0}, {402.0, 874.0}}
     ↳Other, 0x10747c3c0, {{0.0, 0.0}, {402.0, 874.0}}
      ↳Other, 0x10747c500, {{0.0, 0.0}, {402.0, 874.0}}
       ↳Other, 0x10747c640, {{0.0, 0.0}, {402.0, 874.0}}
        ↳Other, 0x10747c780, {{0.0, 0.0}, {402.0, 874.0}}
         ↳Other, 0x10747c8c0, {{0.0, 0.0}, {402.0, 874.0}}
          ↳Other, 0x10747ca00, {{0.0, 0.0}, {402.0, 874.0}}
           ↳Other, 0x10747cb40, {{0.0, 0.0}, {402.0, 874.0}}
            ↳Other, 0x10747cc80, {{0.0, 0.0}, {402.0, 874.0}}
             ↳Other, 0x10747cdc0, {{0.0, 0.0}, {402.0, 874.0}}
              ↳Other, 0x10747d2c0, {{0.0, 0.0}, {402.0, 874.0}}
               ↳Other, 0x10747d400, {{0.0, 0.0}, {402.0, 874.0}}
                ↳Other, 0x10747d540, {{0.0, 0.0}, {402.0, 874.0}}
                 ↳Other, 0x10747d680, {{0.0, 0.0}, {402.0, 874.0}}
                  ↳ScrollView, 0x10747d7c0, {{0.0, 0.0}, {402.0, 874.0}}
                   ↳Other, 0x10747e6c0, {{0.0, 168.0}, {402.0, 1906.3}}
                    ↳Other, 0x10747fd40, {{42.0, 520.0}, {137.0, 40.3}}, label: 'Last success', value: Never
                     ↳StaticText, 0x107498140, {{80.0, 542.3}, {40.7, 18.0}}, label: 'Never'
Query chain:
 →Find: Target Application 'dev.ericslutz.PumpSync'
  Output: {
    Application, 0x11c522080, pid: 74792, label: 'PumpSync'
  }
  ↪︎Find: Descendant with identity binding to AX element pid: 74792, elementOrHash.elementID: 4404366400.426
    Output: {
      StaticText, 0x114ba0500, {{80.0, 542.3}, {40.7, 18.0}}, label: 'Never'
    }

    t =    60.54s Find the Any (Descendant with identity binding to AX element pid: 74792, elementOrHash.elementID: 4404350016.429)
    t =    60.59s Requesting snapshot of accessibility hierarchy for app with pid 74792
    t =    60.68s Find: Descendant with identity binding to AX element pid: 74792, elementOrHash.elementID: 4404350016.429
    t =    60.77s Requesting snapshot of accessibility hierarchy for app with pid 74792
    t =    60.87s Find: Descendant with identity binding to AX element pid: 74792, elementOrHash.elementID: 4404350016.429
    t =    60.88s Requesting snapshot of accessibility hierarchy for app with pid 74792
AUDIT_ISSUE large-developer | 1 | Contrast nearly passed | Contrast is not high enough for SwiftUI.AccessibilityNode unless font size is larger. | Attributes: StaticText, 0x107498640, {{80.0, 595.0}, {9.3, 18.0}}, label: '0'
Element subtree:
 →StaticText, 0x107498640, {{80.0, 595.0}, {9.3, 18.0}}, label: '0'
Path to element:
 →Application, 0x107097700, pid: 74792, label: 'PumpSync'
  ↳Window (Main), 0x10747c000, {{0.0, 0.0}, {402.0, 874.0}}
   ↳Other, 0x10747c140, {{0.0, 0.0}, {402.0, 874.0}}
    ↳Other, 0x10747c280, {{0.0, 0.0}, {402.0, 874.0}}
     ↳Other, 0x10747c3c0, {{0.0, 0.0}, {402.0, 874.0}}
      ↳Other, 0x10747c500, {{0.0, 0.0}, {402.0, 874.0}}
       ↳Other, 0x10747c640, {{0.0, 0.0}, {402.0, 874.0}}
        ↳Other, 0x10747c780, {{0.0, 0.0}, {402.0, 874.0}}
         ↳Other, 0x10747c8c0, {{0.0, 0.0}, {402.0, 874.0}}
          ↳Other, 0x10747ca00, {{0.0, 0.0}, {402.0, 874.0}}
           ↳Other, 0x10747cb40, {{0.0, 0.0}, {402.0, 874.0}}
            ↳Other, 0x10747cc80, {{0.0, 0.0}, {402.0, 874.0}}
             ↳Other, 0x10747cdc0, {{0.0, 0.0}, {402.0, 874.0}}
              ↳Other, 0x10747d2c0, {{0.0, 0.0}, {402.0, 874.0}}
               ↳Other, 0x10747d400, {{0.0, 0.0}, {402.0, 874.0}}
                ↳Other, 0x10747d540, {{0.0, 0.0}, {402.0, 874.0}}
                 ↳Other, 0x10747d680, {{0.0, 0.0}, {402.0, 874.0}}
                  ↳ScrollView, 0x10747d7c0, {{0.0, 0.0}, {402.0, 874.0}}
                   ↳Other, 0x10747e6c0, {{0.0, 168.0}, {402.0, 1906.3}}
                    ↳Other, 0x107498280, {{40.3, 572.7}, {109.7, 40.3}}, label: 'Returned', value: 0
                     ↳StaticText, 0x107498640, {{80.0, 595.0}, {9.3, 18.0}}, label: '0'
Query chain:
 →Find: Target Application 'dev.ericslutz.PumpSync'
  Output: {
    Application, 0x11c522080, pid: 74792, label: 'PumpSync'
  }
  ↪︎Find: Descendant with identity binding to AX element pid: 74792, elementOrHash.elementID: 4404350016.429
    Output: {
      StaticText, 0x114ba0a00, {{80.0, 595.0}, {9.3, 18.0}}, label: '0'
    }

    t =    60.98s Find the Any (Descendant with identity binding to AX element pid: 74792, elementOrHash.elementID: 4404355840.432)
    t =    61.03s Requesting snapshot of accessibility hierarchy for app with pid 74792
    t =    61.12s Find: Descendant with identity binding to AX element pid: 74792, elementOrHash.elementID: 4404355840.432
    t =    61.20s Requesting snapshot of accessibility hierarchy for app with pid 74792
    t =    61.29s Find: Descendant with identity binding to AX element pid: 74792, elementOrHash.elementID: 4404355840.432
    t =    61.30s Requesting snapshot of accessibility hierarchy for app with pid 74792
AUDIT_ISSUE large-developer | 1 | Contrast nearly passed | Contrast is not high enough for SwiftUI.AccessibilityNode unless font size is larger. | Attributes: StaticText, 0x107498b40, {{80.0, 647.7}, {9.3, 18.0}}, label: '0'
Element subtree:
 →StaticText, 0x107498b40, {{80.0, 647.7}, {9.3, 18.0}}, label: '0'
Path to element:
 →Application, 0x107097700, pid: 74792, label: 'PumpSync'
  ↳Window (Main), 0x10747c000, {{0.0, 0.0}, {402.0, 874.0}}
   ↳Other, 0x10747c140, {{0.0, 0.0}, {402.0, 874.0}}
    ↳Other, 0x10747c280, {{0.0, 0.0}, {402.0, 874.0}}
     ↳Other, 0x10747c3c0, {{0.0, 0.0}, {402.0, 874.0}}
      ↳Other, 0x10747c500, {{0.0, 0.0}, {402.0, 874.0}}
       ↳Other, 0x10747c640, {{0.0, 0.0}, {402.0, 874.0}}
        ↳Other, 0x10747c780, {{0.0, 0.0}, {402.0, 874.0}}
         ↳Other, 0x10747c8c0, {{0.0, 0.0}, {402.0, 874.0}}
          ↳Other, 0x10747ca00, {{0.0, 0.0}, {402.0, 874.0}}
           ↳Other, 0x10747cb40, {{0.0, 0.0}, {402.0, 874.0}}
            ↳Other, 0x10747cc80, {{0.0, 0.0}, {402.0, 874.0}}
             ↳Other, 0x10747cdc0, {{0.0, 0.0}, {402.0, 874.0}}
              ↳Other, 0x10747d2c0, {{0.0, 0.0}, {402.0, 874.0}}
               ↳Other, 0x10747d400, {{0.0, 0.0}, {402.0, 874.0}}
                ↳Other, 0x10747d540, {{0.0, 0.0}, {402.0, 874.0}}
                 ↳Other, 0x10747d680, {{0.0, 0.0}, {402.0, 874.0}}
                  ↳ScrollView, 0x10747d7c0, {{0.0, 0.0}, {402.0, 874.0}}
                   ↳Other, 0x10747e6c0, {{0.0, 168.0}, {402.0, 1906.3}}
                    ↳Other, 0x107498780, {{43.3, 625.3}, {106.0, 40.3}}, label: 'Imported', value: 0
                     ↳StaticText, 0x107498b40, {{80.0, 647.7}, {9.3, 18.0}}, label: '0'
Query chain:
 →Find: Target Application 'dev.ericslutz.PumpSync'
  Output: {
    Application, 0x11c522080, pid: 74792, label: 'PumpSync'
  }
  ↪︎Find: Descendant with identity binding to AX element pid: 74792, elementOrHash.elementID: 4404355840.432
    Output: {
      StaticText, 0x114ba0f00, {{80.0, 647.7}, {9.3, 18.0}}, label: '0'
    }

    t =    61.39s Find the Any (Descendant with identity binding to AX element pid: 74792, elementOrHash.elementID: 4404404992.434)
    t =    61.44s Requesting snapshot of accessibility hierarchy for app with pid 74792
    t =    61.54s Find: Descendant with identity binding to AX element pid: 74792, elementOrHash.elementID: 4404404992.434
    t =    61.62s Requesting snapshot of accessibility hierarchy for app with pid 74792
    t =    61.71s Find: Descendant with identity binding to AX element pid: 74792, elementOrHash.elementID: 4404404992.434
    t =    61.72s Requesting snapshot of accessibility hierarchy for app with pid 74792
AUDIT_ISSUE large-developer | 1 | Contrast failed | Contrast failed for SwiftUI.AccessibilityNode | Attributes: StaticText, 0x107499040, {{40.0, 749.0}, {192.0, 21.3}}, label: 'Share Support Bundle'
Element subtree:
 →StaticText, 0x107499040, {{40.0, 749.0}, {192.0, 21.3}}, label: 'Share Support Bundle'
Path to element:
 →Application, 0x107097700, pid: 74792, label: 'PumpSync'
  ↳Window (Main), 0x10747c000, {{0.0, 0.0}, {402.0, 874.0}}
   ↳Other, 0x10747c140, {{0.0, 0.0}, {402.0, 874.0}}
    ↳Other, 0x10747c280, {{0.0, 0.0}, {402.0, 874.0}}
     ↳Other, 0x10747c3c0, {{0.0, 0.0}, {402.0, 874.0}}
      ↳Other, 0x10747c500, {{0.0, 0.0}, {402.0, 874.0}}
       ↳Other, 0x10747c640, {{0.0, 0.0}, {402.0, 874.0}}
        ↳Other, 0x10747c780, {{0.0, 0.0}, {402.0, 874.0}}
         ↳Other, 0x10747c8c0, {{0.0, 0.0}, {402.0, 874.0}}
          ↳Other, 0x10747ca00, {{0.0, 0.0}, {402.0, 874.0}}
           ↳Other, 0x10747cb40, {{0.0, 0.0}, {402.0, 874.0}}
            ↳Other, 0x10747cc80, {{0.0, 0.0}, {402.0, 874.0}}
             ↳Other, 0x10747cdc0, {{0.0, 0.0}, {402.0, 874.0}}
              ↳Other, 0x10747d2c0, {{0.0, 0.0}, {402.0, 874.0}}
               ↳Other, 0x10747d400, {{0.0, 0.0}, {402.0, 874.0}}
                ↳Other, 0x10747d540, {{0.0, 0.0}, {402.0, 874.0}}
                 ↳Other, 0x10747d680, {{0.0, 0.0}, {402.0, 874.0}}
                  ↳ScrollView, 0x10747d7c0, {{0.0, 0.0}, {402.0, 874.0}}
                   ↳Other, 0x10747e6c0, {{0.0, 168.0}, {402.0, 1906.3}}
                    ↳Button, 0x107498dc0, {{40.0, 749.0}, {192.0, 21.3}}, label: 'Share Support Bundle'
                     ↳StaticText, 0x107499040, {{40.0, 749.0}, {192.0, 21.3}}, label: 'Share Support Bundle'
Query chain:
 →Find: Target Application 'dev.ericslutz.PumpSync'
  Output: {
    Application, 0x11c522080, pid: 74792, label: 'PumpSync'
  }
  ↪︎Find: Descendant with identity binding to AX element pid: 74792, elementOrHash.elementID: 4404404992.434
    Output: {
      StaticText, 0x114ba1400, {{40.0, 749.0}, {192.0, 21.3}}, label: 'Share Support Bundle'
    }

    t =    61.82s Find the Any (Descendant with identity binding to AX element pid: 74792, elementOrHash.elementID: 4404399616.435)
    t =    61.87s Requesting snapshot of accessibility hierarchy for app with pid 74792
    t =    61.96s Find: Descendant with identity binding to AX element pid: 74792, elementOrHash.elementID: 4404399616.435
    t =    62.05s Requesting snapshot of accessibility hierarchy for app with pid 74792
    t =    62.14s Find: Descendant with identity binding to AX element pid: 74792, elementOrHash.elementID: 4404399616.435
    t =    62.14s Requesting snapshot of accessibility hierarchy for app with pid 74792
AUDIT_ISSUE large-developer | 1 | Contrast failed | Contrast failed for SwiftUI.AccessibilityNode | Attributes: StaticText, 0x107499400, {{38.0, 838.3}, {40.0, 14.3}}, label: 'Sign in'
Element subtree:
 →StaticText, 0x107499400, {{38.0, 838.3}, {40.0, 14.3}}, label: 'Sign in'
Path to element:
 →Application, 0x107097700, pid: 74792, label: 'PumpSync'
  ↳Window (Main), 0x10747c000, {{0.0, 0.0}, {402.0, 874.0}}
   ↳Other, 0x10747c140, {{0.0, 0.0}, {402.0, 874.0}}
    ↳Other, 0x10747c280, {{0.0, 0.0}, {402.0, 874.0}}
     ↳Other, 0x10747c3c0, {{0.0, 0.0}, {402.0, 874.0}}
      ↳Other, 0x10747c500, {{0.0, 0.0}, {402.0, 874.0}}
       ↳Other, 0x10747c640, {{0.0, 0.0}, {402.0, 874.0}}
        ↳Other, 0x10747c780, {{0.0, 0.0}, {402.0, 874.0}}
         ↳Other, 0x10747c8c0, {{0.0, 0.0}, {402.0, 874.0}}
          ↳Other, 0x10747ca00, {{0.0, 0.0}, {402.0, 874.0}}
           ↳Other, 0x10747cb40, {{0.0, 0.0}, {402.0, 874.0}}
            ↳Other, 0x10747cc80, {{0.0, 0.0}, {402.0, 874.0}}
             ↳Other, 0x10747cdc0, {{0.0, 0.0}, {402.0, 874.0}}
              ↳Other, 0x10747d2c0, {{0.0, 0.0}, {402.0, 874.0}}
               ↳Other, 0x10747d400, {{0.0, 0.0}, {402.0, 874.0}}
                ↳Other, 0x10747d540, {{0.0, 0.0}, {402.0, 874.0}}
                 ↳Other, 0x10747d680, {{0.0, 0.0}, {402.0, 874.0}}
                  ↳ScrollView, 0x10747d7c0, {{0.0, 0.0}, {402.0, 874.0}}
                   ↳Other, 0x10747e6c0, {{0.0, 168.0}, {402.0, 1906.3}}
                    ↳Other, 0x1074992c0, {{38.0, 838.3}, {326.0, 70.7}}, label: 'Subscription recovery skipped', value: Sign in, Warning, ...
                     ↳StaticText, 0x107499400, {{38.0, 838.3}, {40.0, 14.3}}, label: 'Sign in'
Query chain:
 →Find: Target Application 'dev.ericslutz.PumpSync'
  Output: {
    Application, 0x11c522080, pid: 74792, label: 'PumpSync'
  }
  ↪︎Find: Descendant with identity binding to AX element pid: 74792, elementOrHash.elementID: 4404399616.435
    Output: {
      StaticText, 0x114ba17c0, {{38.0, 838.3}, {40.0, 14.3}}, label: 'Sign in'
    }

    t =    62.24s Find the Any (Descendant with identity binding to AX element pid: 74792, elementOrHash.elementID: 4404400960.436)
    t =    62.29s Requesting snapshot of accessibility hierarchy for app with pid 74792
    t =    62.38s Find: Descendant with identity binding to AX element pid: 74792, elementOrHash.elementID: 4404400960.436
    t =    62.46s Requesting snapshot of accessibility hierarchy for app with pid 74792
    t =    62.55s Find: Descendant with identity binding to AX element pid: 74792, elementOrHash.elementID: 4404400960.436
    t =    62.56s Requesting snapshot of accessibility hierarchy for app with pid 74792
AUDIT_ISSUE large-developer | 1 | Contrast failed | Contrast failed for SwiftUI.AccessibilityNode | Attributes: StaticText, 0x107499540, {{86.0, 838.3}, {46.7, 14.3}}, label: 'Warning'
Element subtree:
 →StaticText, 0x107499540, {{86.0, 838.3}, {46.7, 14.3}}, label: 'Warning'
Path to element:
 →Application, 0x107097700, pid: 74792, label: 'PumpSync'
  ↳Window (Main), 0x10747c000, {{0.0, 0.0}, {402.0, 874.0}}
   ↳Other, 0x10747c140, {{0.0, 0.0}, {402.0, 874.0}}
    ↳Other, 0x10747c280, {{0.0, 0.0}, {402.0, 874.0}}
     ↳Other, 0x10747c3c0, {{0.0, 0.0}, {402.0, 874.0}}
      ↳Other, 0x10747c500, {{0.0, 0.0}, {402.0, 874.0}}
       ↳Other, 0x10747c640, {{0.0, 0.0}, {402.0, 874.0}}
        ↳Other, 0x10747c780, {{0.0, 0.0}, {402.0, 874.0}}
         ↳Other, 0x10747c8c0, {{0.0, 0.0}, {402.0, 874.0}}
          ↳Other, 0x10747ca00, {{0.0, 0.0}, {402.0, 874.0}}
           ↳Other, 0x10747cb40, {{0.0, 0.0}, {402.0, 874.0}}
            ↳Other, 0x10747cc80, {{0.0, 0.0}, {402.0, 874.0}}
             ↳Other, 0x10747cdc0, {{0.0, 0.0}, {402.0, 874.0}}
              ↳Other, 0x10747d2c0, {{0.0, 0.0}, {402.0, 874.0}}
               ↳Other, 0x10747d400, {{0.0, 0.0}, {402.0, 874.0}}
                ↳Other, 0x10747d540, {{0.0, 0.0}, {402.0, 874.0}}
                 ↳Other, 0x10747d680, {{0.0, 0.0}, {402.0, 874.0}}
                  ↳ScrollView, 0x10747d7c0, {{0.0, 0.0}, {402.0, 874.0}}
                   ↳Other, 0x10747e6c0, {{0.0, 168.0}, {402.0, 1906.3}}
                    ↳Other, 0x1074992c0, {{38.0, 838.3}, {326.0, 70.7}}, label: 'Subscription recovery skipped', value: Sign in, Warning, ...
                     ↳StaticText, 0x107499540, {{86.0, 838.3}, {46.7, 14.3}}, label: 'Warning'
Query chain:
 →Find: Target Application 'dev.ericslutz.PumpSync'
  Output: {
    Application, 0x11c522080, pid: 74792, label: 'PumpSync'
  }
  ↪︎Find: Descendant with identity binding to AX element pid: 74792, elementOrHash.elementID: 4404400960.436
    Output: {
      StaticText, 0x114ba1900, {{86.0, 838.3}, {46.7, 14.3}}, label: 'Warning'
    }

    t =    62.65s Find the Any (Descendant with identity binding to AX element pid: 74792, elementOrHash.elementID: 4404406336.437)
    t =    62.70s Requesting snapshot of accessibility hierarchy for app with pid 74792
    t =    62.79s Find: Descendant with identity binding to AX element pid: 74792, elementOrHash.elementID: 4404406336.437
    t =    62.87s Requesting snapshot of accessibility hierarchy for app with pid 74792
    t =    62.96s Find: Descendant with identity binding to AX element pid: 74792, elementOrHash.elementID: 4404406336.437
    t =    62.97s Requesting snapshot of accessibility hierarchy for app with pid 74792
AUDIT_ISSUE large-developer | 1 | Contrast failed | Contrast failed for SwiftUI.AccessibilityNode | Attributes: StaticText, 0x107499680, {{314.0, 838.3}, {50.0, 14.3}}, label: '11:28 AM'
Element subtree:
 →StaticText, 0x107499680, {{314.0, 838.3}, {50.0, 14.3}}, label: '11:28 AM'
Path to element:
 →Application, 0x107097700, pid: 74792, label: 'PumpSync'
  ↳Window (Main), 0x10747c000, {{0.0, 0.0}, {402.0, 874.0}}
   ↳Other, 0x10747c140, {{0.0, 0.0}, {402.0, 874.0}}
    ↳Other, 0x10747c280, {{0.0, 0.0}, {402.0, 874.0}}
     ↳Other, 0x10747c3c0, {{0.0, 0.0}, {402.0, 874.0}}
      ↳Other, 0x10747c500, {{0.0, 0.0}, {402.0, 874.0}}
       ↳Other, 0x10747c640, {{0.0, 0.0}, {402.0, 874.0}}
        ↳Other, 0x10747c780, {{0.0, 0.0}, {402.0, 874.0}}
         ↳Other, 0x10747c8c0, {{0.0, 0.0}, {402.0, 874.0}}
          ↳Other, 0x10747ca00, {{0.0, 0.0}, {402.0, 874.0}}
           ↳Other, 0x10747cb40, {{0.0, 0.0}, {402.0, 874.0}}
            ↳Other, 0x10747cc80, {{0.0, 0.0}, {402.0, 874.0}}
             ↳Other, 0x10747cdc0, {{0.0, 0.0}, {402.0, 874.0}}
              ↳Other, 0x10747d2c0, {{0.0, 0.0}, {402.0, 874.0}}
               ↳Other, 0x10747d400, {{0.0, 0.0}, {402.0, 874.0}}
                ↳Other, 0x10747d540, {{0.0, 0.0}, {402.0, 874.0}}
                 ↳Other, 0x10747d680, {{0.0, 0.0}, {402.0, 874.0}}
                  ↳ScrollView, 0x10747d7c0, {{0.0, 0.0}, {402.0, 874.0}}
                   ↳Other, 0x10747e6c0, {{0.0, 168.0}, {402.0, 1906.3}}
                    ↳Other, 0x1074992c0, {{38.0, 838.3}, {326.0, 70.7}}, label: 'Subscription recovery skipped', value: Sign in, Warning, ...
                     ↳StaticText, 0x107499680, {{314.0, 838.3}, {50.0, 14.3}}, label: '11:28 AM'
Query chain:
 →Find: Target Application 'dev.ericslutz.PumpSync'
  Output: {
    Application, 0x11c522080, pid: 74792, label: 'PumpSync'
  }
  ↪︎Find: Descendant with identity binding to AX element pid: 74792, elementOrHash.elementID: 4404406336.437
    Output: {
      StaticText, 0x114ba1a40, {{314.0, 838.3}, {50.0, 14.3}}, label: '11:28 AM'
    }

    t =    63.07s Find the Any (Descendant with identity binding to AX element pid: 74792, elementOrHash.elementID: 4404403648.438)
    t =    63.11s Requesting snapshot of accessibility hierarchy for app with pid 74792
    t =    63.20s Find: Descendant with identity binding to AX element pid: 74792, elementOrHash.elementID: 4404403648.438
    t =    63.29s Requesting snapshot of accessibility hierarchy for app with pid 74792
    t =    63.38s Find: Descendant with identity binding to AX element pid: 74792, elementOrHash.elementID: 4404403648.438
    t =    63.38s Requesting snapshot of accessibility hierarchy for app with pid 74792
AUDIT_ISSUE large-developer | 1 | Contrast failed | Contrast failed for SwiftUI.AccessibilityNode | Attributes: StaticText, 0x1074997c0, {{38.0, 856.7}, {218.0, 18.0}}, label: 'Subscription recovery skipped'
Element subtree:
 →StaticText, 0x1074997c0, {{38.0, 856.7}, {218.0, 18.0}}, label: 'Subscription recovery skipped'
Path to element:
 →Application, 0x107097700, pid: 74792, label: 'PumpSync'
  ↳Window (Main), 0x10747c000, {{0.0, 0.0}, {402.0, 874.0}}
   ↳Other, 0x10747c140, {{0.0, 0.0}, {402.0, 874.0}}
    ↳Other, 0x10747c280, {{0.0, 0.0}, {402.0, 874.0}}
     ↳Other, 0x10747c3c0, {{0.0, 0.0}, {402.0, 874.0}}
      ↳Other, 0x10747c500, {{0.0, 0.0}, {402.0, 874.0}}
       ↳Other, 0x10747c640, {{0.0, 0.0}, {402.0, 874.0}}
        ↳Other, 0x10747c780, {{0.0, 0.0}, {402.0, 874.0}}
         ↳Other, 0x10747c8c0, {{0.0, 0.0}, {402.0, 874.0}}
          ↳Other, 0x10747ca00, {{0.0, 0.0}, {402.0, 874.0}}
           ↳Other, 0x10747cb40, {{0.0, 0.0}, {402.0, 874.0}}
            ↳Other, 0x10747cc80, {{0.0, 0.0}, {402.0, 874.0}}
             ↳Other, 0x10747cdc0, {{0.0, 0.0}, {402.0, 874.0}}
              ↳Other, 0x10747d2c0, {{0.0, 0.0}, {402.0, 874.0}}
               ↳Other, 0x10747d400, {{0.0, 0.0}, {402.0, 874.0}}
                ↳Other, 0x10747d540, {{0.0, 0.0}, {402.0, 874.0}}
                 ↳Other, 0x10747d680, {{0.0, 0.0}, {402.0, 874.0}}
                  ↳ScrollView, 0x10747d7c0, {{0.0, 0.0}, {402.0, 874.0}}
                   ↳Other, 0x10747e6c0, {{0.0, 168.0}, {402.0, 1906.3}}
                    ↳Other, 0x1074992c0, {{38.0, 838.3}, {326.0, 70.7}}, label: 'Subscription recovery skipped', value: Sign in, Warning, ...
                     ↳StaticText, 0x1074997c0, {{38.0, 856.7}, {218.0, 18.0}}, label: 'Subscription recovery skipped'
Query chain:
 →Find: Target Application 'dev.ericslutz.PumpSync'
  Output: {
    Application, 0x11c522080, pid: 74792, label: 'PumpSync'
  }
  ↪︎Find: Descendant with identity binding to AX element pid: 74792, elementOrHash.elementID: 4404403648.438
    Output: {
      StaticText, 0x114ba1b80, {{38.0, 856.7}, {218.0, 18.0}}, label: 'Subscription recovery skipped'
    }

    t =    63.48s Tap Button (First Match)
    t =    63.48s     Wait for dev.ericslutz.PumpSync to idle
    t =    63.48s     Find the Button (First Match)
    t =    63.51s     Check for interrupting elements affecting "BackButton" Button
    t =    63.56s     Synthesize event
    t =    63.87s     Wait for dev.ericslutz.PumpSync to idle
    t =    64.20s Find the "Self-hosted" Button
    t =    64.26s Tap "Self-hosted" Button
    t =    64.26s     Wait for dev.ericslutz.PumpSync to idle
    t =    64.26s     Find the "Self-hosted" Button
    t =    64.30s     Check for interrupting elements affecting "Self-hosted" Button
    t =    64.33s     Synthesize event
    t =    64.64s     Wait for dev.ericslutz.PumpSync to idle
    t =    64.64s Find the Target Application 'dev.ericslutz.PumpSync'
    t =    64.78s Added attachment named 'large-selfhost.png'
    t =    64.78s Requesting snapshot of accessibility hierarchy for app with pid 74792
    t =    64.98s Requesting snapshot of accessibility hierarchy for app with pid 74792
    t =    65.03s Added attachment named 'large-selfhost-tree.txt'
    t =    67.14s Find the Any (Descendant with identity binding to AX element pid: 74792, elementOrHash.elementID: 4404257536.110)
    t =    67.17s Requesting snapshot of accessibility hierarchy for app with pid 74792
    t =    67.22s Find: Descendant with identity binding to AX element pid: 74792, elementOrHash.elementID: 4404257536.110
    t =    67.31s Requesting snapshot of accessibility hierarchy for app with pid 74792
    t =    67.35s Find: Descendant with identity binding to AX element pid: 74792, elementOrHash.elementID: 4404257536.110
    t =    67.36s Requesting snapshot of accessibility hierarchy for app with pid 74792
AUDIT_ISSUE large-selfhost | 1 | Contrast failed | Contrast failed for SwiftUI.AccessibilityNode | Attributes: StaticText, 0x1074a4140, {{24.0, 79.3}, {91.3, 20.3}}, label: 'Connection'
Element subtree:
 →StaticText, 0x1074a4140, {{24.0, 79.3}, {91.3, 20.3}}, label: 'Connection'
Path to element:
 →Application, 0x107498dc0, pid: 74792, label: 'PumpSync'
  ↳Window (Main), 0x107498f00, {{0.0, 0.0}, {402.0, 874.0}}
   ↳Other, 0x107499040, {{0.0, 0.0}, {402.0, 874.0}}
    ↳Other, 0x107499180, {{0.0, 0.0}, {402.0, 874.0}}
     ↳Other, 0x1074992c0, {{0.0, 0.0}, {402.0, 874.0}}
      ↳Other, 0x107499400, {{0.0, 0.0}, {402.0, 874.0}}
       ↳Other, 0x107499540, {{0.0, 0.0}, {402.0, 874.0}}
        ↳Other, 0x107499680, {{0.0, 0.0}, {402.0, 874.0}}
         ↳Other, 0x1074997c0, {{0.0, 0.0}, {402.0, 874.0}}
          ↳Other, 0x107499900, {{0.0, 0.0}, {402.0, 874.0}}
           ↳Other, 0x107499a40, {{0.0, 0.0}, {402.0, 874.0}}
            ↳Other, 0x107499b80, {{0.0, 0.0}, {402.0, 874.0}}
             ↳Other, 0x107499cc0, {{0.0, 0.0}, {402.0, 874.0}}
              ↳Other, 0x10749a080, {{0.0, 0.0}, {402.0, 874.0}}
               ↳Other, 0x10749a1c0, {{0.0, 0.0}, {402.0, 874.0}}
                ↳Other, 0x10749a300, {{0.0, 0.0}, {402.0, 874.0}}
                 ↳Other, 0x10749a440, {{0.0, 0.0}, {402.0, 874.0}}
                  ↳ScrollView, 0x10749a580, {{0.0, 0.0}, {402.0, 874.0}}
                   ↳Other, 0x1074a4000, {{0.0, 67.3}, {402.0, 826.7}}
                    ↳StaticText, 0x1074a4140, {{24.0, 79.3}, {91.3, 20.3}}, label: 'Connection'
Query chain:
 →Find: Target Application 'dev.ericslutz.PumpSync'
  Output: {
    Application, 0x1070a9540, pid: 74792, label: 'PumpSync'
  }
  ↪︎Find: Descendant with identity binding to AX element pid: 74792, elementOrHash.elementID: 4404257536.110
    Output: {
      StaticText, 0x107498500, {{24.0, 79.3}, {91.3, 20.3}}, label: 'Connection'
    }

    t =    67.41s Find the Any (Descendant with identity binding to AX element pid: 74792, elementOrHash.elementID: 4404262464.115)
    t =    67.44s Requesting snapshot of accessibility hierarchy for app with pid 74792
    t =    67.49s Find: Descendant with identity binding to AX element pid: 74792, elementOrHash.elementID: 4404262464.115
    t =    67.58s Requesting snapshot of accessibility hierarchy for app with pid 74792
    t =    67.64s Find: Descendant with identity binding to AX element pid: 74792, elementOrHash.elementID: 4404262464.115
    t =    67.64s Requesting snapshot of accessibility hierarchy for app with pid 74792
AUDIT_ISSUE large-selfhost | 1 | Contrast nearly passed | Contrast is not high enough for SwiftUI.AccessibilityNode unless font size is larger. | Attributes: StaticText, 0x1074a4f00, {{24.0, 386.0}, {85.7, 20.3}}, label: 'PumpSync'
Element subtree:
 →StaticText, 0x1074a4f00, {{24.0, 386.0}, {85.7, 20.3}}, label: 'PumpSync'
Path to element:
 →Application, 0x107498dc0, pid: 74792, label: 'PumpSync'
  ↳Window (Main), 0x107498f00, {{0.0, 0.0}, {402.0, 874.0}}
   ↳Other, 0x107499040, {{0.0, 0.0}, {402.0, 874.0}}
    ↳Other, 0x107499180, {{0.0, 0.0}, {402.0, 874.0}}
     ↳Other, 0x1074992c0, {{0.0, 0.0}, {402.0, 874.0}}
      ↳Other, 0x107499400, {{0.0, 0.0}, {402.0, 874.0}}
       ↳Other, 0x107499540, {{0.0, 0.0}, {402.0, 874.0}}
        ↳Other, 0x107499680, {{0.0, 0.0}, {402.0, 874.0}}
         ↳Other, 0x1074997c0, {{0.0, 0.0}, {402.0, 874.0}}
          ↳Other, 0x107499900, {{0.0, 0.0}, {402.0, 874.0}}
           ↳Other, 0x107499a40, {{0.0, 0.0}, {402.0, 874.0}}
            ↳Other, 0x107499b80, {{0.0, 0.0}, {402.0, 874.0}}
             ↳Other, 0x107499cc0, {{0.0, 0.0}, {402.0, 874.0}}
              ↳Other, 0x10749a080, {{0.0, 0.0}, {402.0, 874.0}}
               ↳Other, 0x10749a1c0, {{0.0, 0.0}, {402.0, 874.0}}
                ↳Other, 0x10749a300, {{0.0, 0.0}, {402.0, 874.0}}
                 ↳Other, 0x10749a440, {{0.0, 0.0}, {402.0, 874.0}}
                  ↳ScrollView, 0x10749a580, {{0.0, 0.0}, {402.0, 874.0}}
                   ↳Other, 0x1074a4000, {{0.0, 67.3}, {402.0, 826.7}}
                    ↳StaticText, 0x1074a4f00, {{24.0, 386.0}, {85.7, 20.3}}, label: 'PumpSync'
Query chain:
 →Find: Target Application 'dev.ericslutz.PumpSync'
  Output: {
    Application, 0x1070a9540, pid: 74792, label: 'PumpSync'
  }
  ↪︎Find: Descendant with identity binding to AX element pid: 74792, elementOrHash.elementID: 4404262464.115
    Output: {
      StaticText, 0x107094640, {{24.0, 386.0}, {85.7, 20.3}}, label: 'PumpSync'
    }

    t =    67.71s Find the Any (Descendant with identity binding to AX element pid: 74792, elementOrHash.elementID: 4404259776.128)
    t =    67.74s Requesting snapshot of accessibility hierarchy for app with pid 74792
    t =    67.79s Find: Descendant with identity binding to AX element pid: 74792, elementOrHash.elementID: 4404259776.128
    t =    67.88s Requesting snapshot of accessibility hierarchy for app with pid 74792
    t =    67.92s Find: Descendant with identity binding to AX element pid: 74792, elementOrHash.elementID: 4404259776.128
    t =    67.93s Requesting snapshot of accessibility hierarchy for app with pid 74792
AUDIT_ISSUE large-selfhost | 1 | Contrast nearly passed | Contrast is not high enough for SwiftUI.AccessibilityNode unless font size is larger. | Attributes: StaticText, 0x1074a4b40, {{80.0, 293.8}, {76.7, 20.3}}, label: 'Subscribe'
Element subtree:
 →StaticText, 0x1074a4b40, {{80.0, 293.8}, {76.7, 20.3}}, label: 'Subscribe'
Path to element:
 →Application, 0x107498f00, pid: 74792, label: 'PumpSync'
  ↳Window (Main), 0x107499040, {{0.0, 0.0}, {402.0, 874.0}}
   ↳Other, 0x107499180, {{0.0, 0.0}, {402.0, 874.0}}
    ↳Other, 0x1074992c0, {{0.0, 0.0}, {402.0, 874.0}}
     ↳Other, 0x107499400, {{0.0, 0.0}, {402.0, 874.0}}
      ↳Other, 0x107499540, {{0.0, 0.0}, {402.0, 874.0}}
       ↳Other, 0x107499680, {{0.0, 0.0}, {402.0, 874.0}}
        ↳Other, 0x1074997c0, {{0.0, 0.0}, {402.0, 874.0}}
         ↳Other, 0x107499900, {{0.0, 0.0}, {402.0, 874.0}}
          ↳Other, 0x107499a40, {{0.0, 0.0}, {402.0, 874.0}}
           ↳Other, 0x107499b80, {{0.0, 0.0}, {402.0, 874.0}}
            ↳Other, 0x107499cc0, {{0.0, 0.0}, {402.0, 874.0}}
             ↳Other, 0x107499e00, {{0.0, 0.0}, {402.0, 874.0}}
              ↳Other, 0x10749a1c0, {{0.0, 0.0}, {402.0, 874.0}}
               ↳Other, 0x10749a300, {{0.0, 0.0}, {402.0, 874.0}}
                ↳Other, 0x10749a440, {{0.0, 0.0}, {402.0, 874.0}}
                 ↳Other, 0x10749a580, {{0.0, 0.0}, {402.0, 874.0}}
                  ↳ScrollView, 0x10749a6c0, {{0.0, 0.0}, {402.0, 874.0}}
                   ↳Other, 0x1074a4140, {{0.0, 67.3}, {402.0, 826.7}}
                    ↳Button, 0x1074a48c0, {{40.7, 293.8}, {116.0, 20.3}}, label: 'Subscribe'
                     ↳StaticText, 0x1074a4b40, {{80.0, 293.8}, {76.7, 20.3}}, label: 'Subscribe'
Query chain:
 →Find: Target Application 'dev.ericslutz.PumpSync'
  Output: {
    Application, 0x1070a9540, pid: 74792, label: 'PumpSync'
  }
  ↪︎Find: Descendant with identity binding to AX element pid: 74792, elementOrHash.elementID: 4404259776.128
    Output: {
      StaticText, 0x107094140, {{80.0, 293.8}, {76.7, 20.3}}, label: 'Subscribe'
    }

    t =    67.98s Find the Any (Descendant with identity binding to AX element pid: 74792, elementOrHash.elementID: 4404263808.133)
    t =    68.01s Requesting snapshot of accessibility hierarchy for app with pid 74792
    t =    68.06s Find: Descendant with identity binding to AX element pid: 74792, elementOrHash.elementID: 4404263808.133
    t =    68.14s Requesting snapshot of accessibility hierarchy for app with pid 74792
    t =    68.19s Find: Descendant with identity binding to AX element pid: 74792, elementOrHash.elementID: 4404263808.133
    t =    68.20s Requesting snapshot of accessibility hierarchy for app with pid 74792
AUDIT_ISSUE large-selfhost | 1 | Contrast nearly passed | Contrast is not high enough for SwiftUI.AccessibilityNode unless font size is larger. | Attributes: StaticText, 0x1074a5540, {{80.0, 454.7}, {103.0, 18.0}}, label: 'Not configured'
Element subtree:
 →StaticText, 0x1074a5540, {{80.0, 454.7}, {103.0, 18.0}}, label: 'Not configured'
Path to element:
 →Application, 0x107498f00, pid: 74792, label: 'PumpSync'
  ↳Window (Main), 0x107499040, {{0.0, 0.0}, {402.0, 874.0}}
   ↳Other, 0x107499180, {{0.0, 0.0}, {402.0, 874.0}}
    ↳Other, 0x1074992c0, {{0.0, 0.0}, {402.0, 874.0}}
     ↳Other, 0x107499400, {{0.0, 0.0}, {402.0, 874.0}}
      ↳Other, 0x107499540, {{0.0, 0.0}, {402.0, 874.0}}
       ↳Other, 0x107499680, {{0.0, 0.0}, {402.0, 874.0}}
        ↳Other, 0x1074997c0, {{0.0, 0.0}, {402.0, 874.0}}
         ↳Other, 0x107499900, {{0.0, 0.0}, {402.0, 874.0}}
          ↳Other, 0x107499a40, {{0.0, 0.0}, {402.0, 874.0}}
           ↳Other, 0x107499b80, {{0.0, 0.0}, {402.0, 874.0}}
            ↳Other, 0x107499cc0, {{0.0, 0.0}, {402.0, 874.0}}
             ↳Other, 0x107499e00, {{0.0, 0.0}, {402.0, 874.0}}
              ↳Other, 0x10749a1c0, {{0.0, 0.0}, {402.0, 874.0}}
               ↳Other, 0x10749a300, {{0.0, 0.0}, {402.0, 874.0}}
                ↳Other, 0x10749a440, {{0.0, 0.0}, {402.0, 874.0}}
                 ↳Other, 0x10749a580, {{0.0, 0.0}, {402.0, 874.0}}
                  ↳ScrollView, 0x10749a6c0, {{0.0, 0.0}, {402.0, 874.0}}
                   ↳Other, 0x1074a4140, {{0.0, 67.3}, {402.0, 826.7}}
                    ↳Button, 0x1074a5180, {{38.0, 432.3}, {326.0, 40.3}}, identifier: 'TandemAccountLink', label: 'Tandem Account', value: Not configured
                     ↳StaticText, 0x1074a5540, {{80.0, 454.7}, {103.0, 18.0}}, label: 'Not configured'
Query chain:
 →Find: Target Application 'dev.ericslutz.PumpSync'
  Output: {
    Application, 0x1070a9540, pid: 74792, label: 'PumpSync'
  }
  ↪︎Find: Descendant with identity binding to AX element pid: 74792, elementOrHash.elementID: 4404263808.133
    Output: {
      StaticText, 0x107094b40, {{80.0, 454.7}, {103.0, 18.0}}, label: 'Not configured'
    }

    t =    68.25s Find the Any (Descendant with identity binding to AX element pid: 74792, elementOrHash.elementID: 4404204352.137)
    t =    68.28s Requesting snapshot of accessibility hierarchy for app with pid 74792
    t =    68.33s Find: Descendant with identity binding to AX element pid: 74792, elementOrHash.elementID: 4404204352.137
    t =    68.41s Requesting snapshot of accessibility hierarchy for app with pid 74792
    t =    68.46s Find: Descendant with identity binding to AX element pid: 74792, elementOrHash.elementID: 4404204352.137
    t =    68.46s Requesting snapshot of accessibility hierarchy for app with pid 74792
AUDIT_ISSUE large-selfhost | 1 | Contrast nearly passed | Contrast is not high enough for SwiftUI.AccessibilityNode unless font size is larger. | Attributes: StaticText, 0x1074a5b80, {{80.0, 507.3}, {176.3, 18.0}}, label: 'Insulin and carbohydrates'
Element subtree:
 →StaticText, 0x1074a5b80, {{80.0, 507.3}, {176.3, 18.0}}, label: 'Insulin and carbohydrates'
Path to element:
 →Application, 0x107498f00, pid: 74792, label: 'PumpSync'
  ↳Window (Main), 0x107499040, {{0.0, 0.0}, {402.0, 874.0}}
   ↳Other, 0x107499180, {{0.0, 0.0}, {402.0, 874.0}}
    ↳Other, 0x1074992c0, {{0.0, 0.0}, {402.0, 874.0}}
     ↳Other, 0x107499400, {{0.0, 0.0}, {402.0, 874.0}}
      ↳Other, 0x107499540, {{0.0, 0.0}, {402.0, 874.0}}
       ↳Other, 0x107499680, {{0.0, 0.0}, {402.0, 874.0}}
        ↳Other, 0x1074997c0, {{0.0, 0.0}, {402.0, 874.0}}
         ↳Other, 0x107499900, {{0.0, 0.0}, {402.0, 874.0}}
          ↳Other, 0x107499a40, {{0.0, 0.0}, {402.0, 874.0}}
           ↳Other, 0x107499b80, {{0.0, 0.0}, {402.0, 874.0}}
            ↳Other, 0x107499cc0, {{0.0, 0.0}, {402.0, 874.0}}
             ↳Other, 0x107499e00, {{0.0, 0.0}, {402.0, 874.0}}
              ↳Other, 0x10749a1c0, {{0.0, 0.0}, {402.0, 874.0}}
               ↳Other, 0x10749a300, {{0.0, 0.0}, {402.0, 874.0}}
                ↳Other, 0x10749a440, {{0.0, 0.0}, {402.0, 874.0}}
                 ↳Other, 0x10749a580, {{0.0, 0.0}, {402.0, 874.0}}
                  ↳ScrollView, 0x10749a6c0, {{0.0, 0.0}, {402.0, 874.0}}
                   ↳Other, 0x1074a4140, {{0.0, 67.3}, {402.0, 826.7}}
                    ↳Button, 0x1074a57c0, {{38.0, 485.0}, {326.0, 40.3}}, identifier: 'AppleHealthLink', label: 'Apple Health', value: Insulin and carboh...
                     ↳StaticText, 0x1074a5b80, {{80.0, 507.3}, {176.3, 18.0}}, label: 'Insulin and carbohydrates'
Query chain:
 →Find: Target Application 'dev.ericslutz.PumpSync'
  Output: {
    Application, 0x1070a9540, pid: 74792, label: 'PumpSync'
  }
  ↪︎Find: Descendant with identity binding to AX element pid: 74792, elementOrHash.elementID: 4404204352.137
    Output: {
      StaticText, 0x107095180, {{80.0, 507.3}, {176.3, 18.0}}, label: 'Insulin and carbohydrates'
    }

    t =    68.52s Find the Any (Descendant with identity binding to AX element pid: 74792, elementOrHash.elementID: 4404206592.140)
    t =    68.55s Requesting snapshot of accessibility hierarchy for app with pid 74792
    t =    68.60s Find: Descendant with identity binding to AX element pid: 74792, elementOrHash.elementID: 4404206592.140
    t =    68.69s Requesting snapshot of accessibility hierarchy for app with pid 74792
    t =    68.74s Find: Descendant with identity binding to AX element pid: 74792, elementOrHash.elementID: 4404206592.140
    t =    68.74s Requesting snapshot of accessibility hierarchy for app with pid 74792
AUDIT_ISSUE large-selfhost | 1 | Contrast nearly passed | Contrast is not high enough for SwiftUI.AccessibilityNode unless font size is larger. | Attributes: StaticText, 0x1074a6080, {{80.0, 537.7}, {161.3, 20.3}}, label: 'Insulin Concentration'
Element subtree:
 →StaticText, 0x1074a6080, {{80.0, 537.7}, {161.3, 20.3}}, label: 'Insulin Concentration'
Path to element:
 →Application, 0x107498f00, pid: 74792, label: 'PumpSync'
  ↳Window (Main), 0x107499040, {{0.0, 0.0}, {402.0, 874.0}}
   ↳Other, 0x107499180, {{0.0, 0.0}, {402.0, 874.0}}
    ↳Other, 0x1074992c0, {{0.0, 0.0}, {402.0, 874.0}}
     ↳Other, 0x107499400, {{0.0, 0.0}, {402.0, 874.0}}
      ↳Other, 0x107499540, {{0.0, 0.0}, {402.0, 874.0}}
       ↳Other, 0x107499680, {{0.0, 0.0}, {402.0, 874.0}}
        ↳Other, 0x1074997c0, {{0.0, 0.0}, {402.0, 874.0}}
         ↳Other, 0x107499900, {{0.0, 0.0}, {402.0, 874.0}}
          ↳Other, 0x107499a40, {{0.0, 0.0}, {402.0, 874.0}}
           ↳Other, 0x107499b80, {{0.0, 0.0}, {402.0, 874.0}}
            ↳Other, 0x107499cc0, {{0.0, 0.0}, {402.0, 874.0}}
             ↳Other, 0x107499e00, {{0.0, 0.0}, {402.0, 874.0}}
              ↳Other, 0x10749a1c0, {{0.0, 0.0}, {402.0, 874.0}}
               ↳Other, 0x10749a300, {{0.0, 0.0}, {402.0, 874.0}}
                ↳Other, 0x10749a440, {{0.0, 0.0}, {402.0, 874.0}}
                 ↳Other, 0x10749a580, {{0.0, 0.0}, {402.0, 874.0}}
                  ↳ScrollView, 0x10749a6c0, {{0.0, 0.0}, {402.0, 874.0}}
                   ↳Other, 0x1074a4140, {{0.0, 67.3}, {402.0, 826.7}}
                    ↳Button, 0x1074a5e00, {{38.0, 537.7}, {326.0, 40.3}}, identifier: 'InsulinConcentrationLink', label: 'Insulin Concentration', value: U-100
                     ↳StaticText, 0x1074a6080, {{80.0, 537.7}, {161.3, 20.3}}, label: 'Insulin Concentration'
Query chain:
 →Find: Target Application 'dev.ericslutz.PumpSync'
  Output: {
    Application, 0x1070a9540, pid: 74792, label: 'PumpSync'
  }
  ↪︎Find: Descendant with identity binding to AX element pid: 74792, elementOrHash.elementID: 4404206592.140
    Output: {
      StaticText, 0x107095680, {{80.0, 537.7}, {161.3, 20.3}}, label: 'Insulin Concentration'
    }

    t =    68.80s Find the Any (Descendant with identity binding to AX element pid: 74792, elementOrHash.elementID: 4404209728.144)
    t =    68.83s Requesting snapshot of accessibility hierarchy for app with pid 74792
    t =    68.88s Find: Descendant with identity binding to AX element pid: 74792, elementOrHash.elementID: 4404209728.144
    t =    68.96s Requesting snapshot of accessibility hierarchy for app with pid 74792
    t =    69.01s Find: Descendant with identity binding to AX element pid: 74792, elementOrHash.elementID: 4404209728.144
    t =    69.01s Requesting snapshot of accessibility hierarchy for app with pid 74792
AUDIT_ISSUE large-selfhost | 1 | Contrast nearly passed | Contrast is not high enough for SwiftUI.AccessibilityNode unless font size is larger. | Attributes: StaticText, 0x1074a66c0, {{80.0, 590.3}, {107.7, 20.3}}, label: 'Data Handling'
Element subtree:
 →StaticText, 0x1074a66c0, {{80.0, 590.3}, {107.7, 20.3}}, label: 'Data Handling'
Path to element:
 →Application, 0x107498f00, pid: 74792, label: 'PumpSync'
  ↳Window (Main), 0x107499040, {{0.0, 0.0}, {402.0, 874.0}}
   ↳Other, 0x107499180, {{0.0, 0.0}, {402.0, 874.0}}
    ↳Other, 0x1074992c0, {{0.0, 0.0}, {402.0, 874.0}}
     ↳Other, 0x107499400, {{0.0, 0.0}, {402.0, 874.0}}
      ↳Other, 0x107499540, {{0.0, 0.0}, {402.0, 874.0}}
       ↳Other, 0x107499680, {{0.0, 0.0}, {402.0, 874.0}}
        ↳Other, 0x1074997c0, {{0.0, 0.0}, {402.0, 874.0}}
         ↳Other, 0x107499900, {{0.0, 0.0}, {402.0, 874.0}}
          ↳Other, 0x107499a40, {{0.0, 0.0}, {402.0, 874.0}}
           ↳Other, 0x107499b80, {{0.0, 0.0}, {402.0, 874.0}}
            ↳Other, 0x107499cc0, {{0.0, 0.0}, {402.0, 874.0}}
             ↳Other, 0x107499e00, {{0.0, 0.0}, {402.0, 874.0}}
              ↳Other, 0x10749a1c0, {{0.0, 0.0}, {402.0, 874.0}}
               ↳Other, 0x10749a300, {{0.0, 0.0}, {402.0, 874.0}}
                ↳Other, 0x10749a440, {{0.0, 0.0}, {402.0, 874.0}}
                 ↳Other, 0x10749a580, {{0.0, 0.0}, {402.0, 874.0}}
                  ↳ScrollView, 0x10749a6c0, {{0.0, 0.0}, {402.0, 874.0}}
                   ↳Other, 0x1074a4140, {{0.0, 67.3}, {402.0, 826.7}}
                    ↳Button, 0x1074a6440, {{38.0, 590.3}, {326.0, 60.3}}, identifier: 'DataHandlingLink', label: 'Data Handling', value: Privacy, retention...
                     ↳StaticText, 0x1074a66c0, {{80.0, 590.3}, {107.7, 20.3}}, label: 'Data Handling'
Query chain:
 →Find: Target Application 'dev.ericslutz.PumpSync'
  Output: {
    Application, 0x1070a9540, pid: 74792, label: 'PumpSync'
  }
  ↪︎Find: Descendant with identity binding to AX element pid: 74792, elementOrHash.elementID: 4404209728.144
    Output: {
      StaticText, 0x107095cc0, {{80.0, 590.3}, {107.7, 20.3}}, label: 'Data Handling'
    }

    t =    69.07s Find the Any (Descendant with identity binding to AX element pid: 74792, elementOrHash.elementID: 4404281344.148)
    t =    69.10s Requesting snapshot of accessibility hierarchy for app with pid 74792
    t =    69.15s Find: Descendant with identity binding to AX element pid: 74792, elementOrHash.elementID: 4404281344.148
    t =    69.23s Requesting snapshot of accessibility hierarchy for app with pid 74792
    t =    69.28s Find: Descendant with identity binding to AX element pid: 74792, elementOrHash.elementID: 4404281344.148
    t =    69.28s Requesting snapshot of accessibility hierarchy for app with pid 74792
AUDIT_ISSUE large-selfhost | 1 | Contrast failed | Contrast failed for SwiftUI.AccessibilityNode | Attributes: StaticText, 0x1074a6d00, {{80.0, 663.0}, {132.3, 20.3}}, label: 'About PumpSync'
Element subtree:
 →StaticText, 0x1074a6d00, {{80.0, 663.0}, {132.3, 20.3}}, label: 'About PumpSync'
Path to element:
 →Application, 0x107498f00, pid: 74792, label: 'PumpSync'
  ↳Window (Main), 0x107499040, {{0.0, 0.0}, {402.0, 874.0}}
   ↳Other, 0x107499180, {{0.0, 0.0}, {402.0, 874.0}}
    ↳Other, 0x1074992c0, {{0.0, 0.0}, {402.0, 874.0}}
     ↳Other, 0x107499400, {{0.0, 0.0}, {402.0, 874.0}}
      ↳Other, 0x107499540, {{0.0, 0.0}, {402.0, 874.0}}
       ↳Other, 0x107499680, {{0.0, 0.0}, {402.0, 874.0}}
        ↳Other, 0x1074997c0, {{0.0, 0.0}, {402.0, 874.0}}
         ↳Other, 0x107499900, {{0.0, 0.0}, {402.0, 874.0}}
          ↳Other, 0x107499a40, {{0.0, 0.0}, {402.0, 874.0}}
           ↳Other, 0x107499b80, {{0.0, 0.0}, {402.0, 874.0}}
            ↳Other, 0x107499cc0, {{0.0, 0.0}, {402.0, 874.0}}
             ↳Other, 0x107499e00, {{0.0, 0.0}, {402.0, 874.0}}
              ↳Other, 0x10749a1c0, {{0.0, 0.0}, {402.0, 874.0}}
               ↳Other, 0x10749a300, {{0.0, 0.0}, {402.0, 874.0}}
                ↳Other, 0x10749a440, {{0.0, 0.0}, {402.0, 874.0}}
                 ↳Other, 0x10749a580, {{0.0, 0.0}, {402.0, 874.0}}
                  ↳ScrollView, 0x10749a6c0, {{0.0, 0.0}, {402.0, 874.0}}
                   ↳Other, 0x1074a4140, {{0.0, 67.3}, {402.0, 826.7}}
                    ↳Button, 0x1074a6a80, {{38.0, 663.0}, {326.0, 40.3}}, identifier: 'AboutPumpSyncLink', label: 'About PumpSync', value: How syncing works
                     ↳StaticText, 0x1074a6d00, {{80.0, 663.0}, {132.3, 20.3}}, label: 'About PumpSync'
Query chain:
 →Find: Target Application 'dev.ericslutz.PumpSync'
  Output: {
    Application, 0x1070a9540, pid: 74792, label: 'PumpSync'
  }
  ↪︎Find: Descendant with identity binding to AX element pid: 74792, elementOrHash.elementID: 4404281344.148
    Output: {
      StaticText, 0x107096300, {{80.0, 663.0}, {132.3, 20.3}}, label: 'About PumpSync'
    }

    t =    69.35s Tap "Server URL" TextField
    t =    69.35s     Wait for dev.ericslutz.PumpSync to idle
    t =    69.35s     Find the "Server URL" TextField
    t =    70.40s         Find the "Server URL" TextField (retry 1)
    t =    71.48s         Find the "Server URL" TextField (retry 2)
    t =    71.54s Requesting snapshot of accessibility hierarchy for app with pid 74792
/tmp/pumpsync-ui-audit-harness/PumpSyncUITests/PumpSyncUITests.swift:35: error: -[PumpSyncUITests.PumpSyncAuditTests testAccessibilityLargeFlows] : Failed to tap "Server URL" TextField: No matches found for Descendants matching type TextField from input {(
    Application, pid: 74792, label: 'PumpSync'
)}
    t =    71.89s Tear Down
Test Case '-[PumpSyncUITests.PumpSyncAuditTests testAccessibilityLargeFlows]' failed (72.679 seconds).
Test Case '-[PumpSyncUITests.PumpSyncAuditTests testDarkFlows]' started.
    t =     0.00s Start Test at 2026-10-01 11:30:05.422
    t =     0.04s Set Up
    t =     0.04s Open dev.ericslutz.PumpSync
    t =     0.04s     Launch dev.ericslutz.PumpSync
    t =     0.04s         Terminate dev.ericslutz.PumpSync:74792
2026-10-01 11:30:06.551 xcodebuild[74778:2939132] [MT] IDELaunchParametersSnapshot: debugger version lookup failed for path '<nil>': noURL
2026-10-01 11:30:06.551 xcodebuild[74778:2939132] [MT] IDELaunchParametersSnapshot: no debugger version
    t =     1.54s         Setting up automation session
    t =     2.56s         Wait for dev.ericslutz.PumpSync to idle
    t =     4.24s Waiting 3.0s for "Cancel" Button to exist
    t =     5.24s     Checking `Expect predicate `existsNoRetry == 1` for object "Cancel" Button`
    t =     5.24s         Checking existence of `"Cancel" Button`
    t =     5.32s Tap "Cancel" Button
    t =     5.32s     Wait for com.apple.springboard to idle
    t =     5.32s     Find the "Cancel" Button
    t =     5.38s     Check for interrupting elements affecting "Cancel" Button
    t =     5.43s     Synthesize event
    t =     5.73s     Wait for com.apple.springboard to idle
    t =     5.98s Checking existence of `"Don’t Allow" Button`
    t =     6.08s Waiting 10.0s for "Settings" Button to exist
    t =     7.10s     Checking `Expect predicate `existsNoRetry == 1` for object "Settings" Button`
    t =     7.11s         Checking existence of `"Settings" Button`
    t =     7.15s Find the Target Application 'dev.ericslutz.PumpSync'
    t =     7.28s Added attachment named 'dark-01-sync.png'
    t =     7.28s Requesting snapshot of accessibility hierarchy for app with pid 75007
    t =     7.44s Requesting snapshot of accessibility hierarchy for app with pid 75007
    t =     7.47s Added attachment named 'dark-01-sync-tree.txt'
    t =     9.50s Find the Any (Descendant with identity binding to AX element pid: 75007, elementOrHash.elementID: 4462964096.63)
    t =     9.53s Requesting snapshot of accessibility hierarchy for app with pid 75007
    t =     9.56s Find: Descendant with identity binding to AX element pid: 75007, elementOrHash.elementID: 4462964096.63
    t =     9.64s Requesting snapshot of accessibility hierarchy for app with pid 75007
    t =     9.67s Find: Descendant with identity binding to AX element pid: 75007, elementOrHash.elementID: 4462964096.63
    t =     9.67s Requesting snapshot of accessibility hierarchy for app with pid 75007
AUDIT_ISSUE dark-01-sync | 1 | Contrast nearly passed | Contrast is not high enough for SwiftUI.AccessibilityNode unless font size is larger. | Attributes: StaticText, 0x107450000, {{24.0, 333.0}, {100.3, 20.3}}, label: 'Initial Import'
Element subtree:
 →StaticText, 0x107450000, {{24.0, 333.0}, {100.3, 20.3}}, label: 'Initial Import'
Path to element:
 →Application, 0x1070a8dc0, pid: 75007, label: 'PumpSync'
  ↳Window (Main), 0x1070a8f00, {{0.0, 0.0}, {402.0, 874.0}}
   ↳Other, 0x1070a9040, {{0.0, 0.0}, {402.0, 874.0}}
    ↳Other, 0x1070a9180, {{0.0, 0.0}, {402.0, 874.0}}
     ↳Other, 0x1070a92c0, {{0.0, 0.0}, {402.0, 874.0}}
      ↳Other, 0x1070a9400, {{0.0, 0.0}, {402.0, 874.0}}
       ↳Other, 0x1070a9540, {{0.0, 0.0}, {402.0, 874.0}}
        ↳Other, 0x1070a9680, {{0.0, 0.0}, {402.0, 874.0}}
         ↳Other, 0x1070a97c0, {{0.0, 0.0}, {402.0, 874.0}}
          ↳Other, 0x1070a9900, {{0.0, 0.0}, {402.0, 874.0}}
           ↳Other, 0x1070a9a40, {{0.0, 0.0}, {402.0, 874.0}}
            ↳Other, 0x1070a9b80, {{0.0, 0.0}, {402.0, 874.0}}
             ↳Other, 0x1070a9cc0, {{0.0, 0.0}, {402.0, 874.0}}
              ↳Other, 0x1070aa080, {{0.0, 0.0}, {402.0, 874.0}}
               ↳Other, 0x1070aa1c0, {{0.0, 0.0}, {402.0, 874.0}}
                ↳Other, 0x1070aa300, {{0.0, 0.0}, {402.0, 874.0}}
                 ↳Other, 0x1070aa440, {{0.0, 0.0}, {402.0, 874.0}}
                  ↳ScrollView, 0x1070aa580, {{0.0, 0.0}, {402.0, 874.0}}
                   ↳Other, 0x1070ab480, {{0.0, 168.0}, {402.0, 743.0}}
                    ↳StaticText, 0x107450000, {{24.0, 333.0}, {100.3, 20.3}}, label: 'Initial Import'
Query chain:
 →Find: Target Application 'dev.ericslutz.PumpSync'
  Output: {
    Application, 0x11c518c80, pid: 75007, label: 'PumpSync'
  }
  ↪︎Find: Descendant with identity binding to AX element pid: 75007, elementOrHash.elementID: 4462964096.63
    Output: {
      StaticText, 0x114ba12c0, {{24.0, 333.0}, {100.3, 20.3}}, label: 'Initial Import'
    }

    t =     9.71s Find the Any (Descendant with identity binding to AX element pid: 75007, elementOrHash.elementID: 4462967232.65)
    t =     9.74s Requesting snapshot of accessibility hierarchy for app with pid 75007
    t =     9.78s Find: Descendant with identity binding to AX element pid: 75007, elementOrHash.elementID: 4462967232.65
    t =     9.86s Requesting snapshot of accessibility hierarchy for app with pid 75007
    t =     9.90s Find: Descendant with identity binding to AX element pid: 75007, elementOrHash.elementID: 4462967232.65
    t =     9.90s Requesting snapshot of accessibility hierarchy for app with pid 75007
AUDIT_ISSUE dark-01-sync | 1 | Contrast nearly passed | Contrast is not high enough for SwiftUI.AccessibilityNode unless font size is larger. | Attributes: StaticText, 0x1074508c0, {{38.0, 425.7}, {323.3, 108.3}}, label: 'Choose how much pump history to import the first time. Future syncs import new data only. Keep PumpSync open while a sync is running; you can move around within PumpSync.'
Element subtree:
 →StaticText, 0x1074508c0, {{38.0, 425.7}, {323.3, 108.3}}, label: 'Choose how much pump history to import the first time. Future syncs import new data only. Keep PumpSync open while a sync is running; you can move around within PumpSync.'
Path to element:
 →Application, 0x1070a8dc0, pid: 75007, label: 'PumpSync'
  ↳Window (Main), 0x1070a8f00, {{0.0, 0.0}, {402.0, 874.0}}
   ↳Other, 0x1070a9040, {{0.0, 0.0}, {402.0, 874.0}}
    ↳Other, 0x1070a9180, {{0.0, 0.0}, {402.0, 874.0}}
     ↳Other, 0x1070a92c0, {{0.0, 0.0}, {402.0, 874.0}}
      ↳Other, 0x1070a9400, {{0.0, 0.0}, {402.0, 874.0}}
       ↳Other, 0x1070a9540, {{0.0, 0.0}, {402.0, 874.0}}
        ↳Other, 0x1070a9680, {{0.0, 0.0}, {402.0, 874.0}}
         ↳Other, 0x1070a97c0, {{0.0, 0.0}, {402.0, 874.0}}
          ↳Other, 0x1070a9900, {{0.0, 0.0}, {402.0, 874.0}}
           ↳Other, 0x1070a9a40, {{0.0, 0.0}, {402.0, 874.0}}
            ↳Other, 0x1070a9b80, {{0.0, 0.0}, {402.0, 874.0}}
             ↳Other, 0x1070a9cc0, {{0.0, 0.0}, {402.0, 874.0}}
              ↳Other, 0x1070aa080, {{0.0, 0.0}, {402.0, 874.0}}
               ↳Other, 0x1070aa1c0, {{0.0, 0.0}, {402.0, 874.0}}
                ↳Other, 0x1070aa300, {{0.0, 0.0}, {402.0, 874.0}}
                 ↳Other, 0x1070aa440, {{0.0, 0.0}, {402.0, 874.0}}
                  ↳ScrollView, 0x1070aa580, {{0.0, 0.0}, {402.0, 874.0}}
                   ↳Other, 0x1070ab480, {{0.0, 168.0}, {402.0, 743.0}}
                    ↳StaticText, 0x1074508c0, {{38.0, 425.7}, {323.3, 108.3}}, label: 'Choose how much pump history to import the first time. Future syncs import new data only. Keep PumpSync open while a sync is running; you can move around within PumpSync.'
Query chain:
 →Find: Target Application 'dev.ericslutz.PumpSync'
  Output: {
    Application, 0x11c518c80, pid: 75007, label: 'PumpSync'
  }
  ↪︎Find: Descendant with identity binding to AX element pid: 75007, elementOrHash.elementID: 4462967232.65
    Output: {
      StaticText, 0x114ba1b80, {{38.0, 425.7}, {323.3, 108.3}}, label: 'Choose how much pump history to import the first time. Future syncs import new data only. Keep PumpSync open while a sync is running; you can move around within PumpSync.'
    }

    t =     9.94s Find the Any (Descendant with identity binding to AX element pid: 75007, elementOrHash.elementID: 4462985216.67)
    t =     9.96s Requesting snapshot of accessibility hierarchy for app with pid 75007
    t =    10.00s Find: Descendant with identity binding to AX element pid: 75007, elementOrHash.elementID: 4462985216.67
    t =    10.08s Requesting snapshot of accessibility hierarchy for app with pid 75007
    t =    10.11s Find: Descendant with identity binding to AX element pid: 75007, elementOrHash.elementID: 4462985216.67
    t =    10.12s Requesting snapshot of accessibility hierarchy for app with pid 75007
AUDIT_ISSUE dark-01-sync | 1 | Contrast nearly passed | Contrast is not high enough for SwiftUI.AccessibilityNode unless font size is larger. | Attributes: StaticText, 0x107450dc0, {{38.0, 674.0}, {322.7, 64.3}}, label: 'Your PumpSync subscription could not be verified. Review your subscription to reconnect.'
Element subtree:
 →StaticText, 0x107450dc0, {{38.0, 674.0}, {322.7, 64.3}}, label: 'Your PumpSync subscription could not be verified. Review your subscription to reconnect.'
Path to element:
 →Application, 0x1070a8dc0, pid: 75007, label: 'PumpSync'
  ↳Window (Main), 0x1070a8f00, {{0.0, 0.0}, {402.0, 874.0}}
   ↳Other, 0x1070a9040, {{0.0, 0.0}, {402.0, 874.0}}
    ↳Other, 0x1070a9180, {{0.0, 0.0}, {402.0, 874.0}}
     ↳Other, 0x1070a92c0, {{0.0, 0.0}, {402.0, 874.0}}
      ↳Other, 0x1070a9400, {{0.0, 0.0}, {402.0, 874.0}}
       ↳Other, 0x1070a9540, {{0.0, 0.0}, {402.0, 874.0}}
        ↳Other, 0x1070a9680, {{0.0, 0.0}, {402.0, 874.0}}
         ↳Other, 0x1070a97c0, {{0.0, 0.0}, {402.0, 874.0}}
          ↳Other, 0x1070a9900, {{0.0, 0.0}, {402.0, 874.0}}
           ↳Other, 0x1070a9a40, {{0.0, 0.0}, {402.0, 874.0}}
            ↳Other, 0x1070a9b80, {{0.0, 0.0}, {402.0, 874.0}}
             ↳Other, 0x1070a9cc0, {{0.0, 0.0}, {402.0, 874.0}}
              ↳Other, 0x1070aa080, {{0.0, 0.0}, {402.0, 874.0}}
               ↳Other, 0x1070aa1c0, {{0.0, 0.0}, {402.0, 874.0}}
                ↳Other, 0x1070aa300, {{0.0, 0.0}, {402.0, 874.0}}
                 ↳Other, 0x1070aa440, {{0.0, 0.0}, {402.0, 874.0}}
                  ↳ScrollView, 0x1070aa580, {{0.0, 0.0}, {402.0, 874.0}}
                   ↳Other, 0x1070ab480, {{0.0, 168.0}, {402.0, 743.0}}
                    ↳StaticText, 0x107450dc0, {{38.0, 674.0}, {322.7, 64.3}}, label: 'Your PumpSync subscription could not be verified. Review your subscription to reconnect.'
Query chain:
 →Find: Target Application 'dev.ericslutz.PumpSync'
  Output: {
    Application, 0x11c518c80, pid: 75007, label: 'PumpSync'
  }
  ↪︎Find: Descendant with identity binding to AX element pid: 75007, elementOrHash.elementID: 4462985216.67
    Output: {
      StaticText, 0x114ba2080, {{38.0, 674.0}, {322.7, 64.3}}, label: 'Your PumpSync subscription could not be verified. Review your subscription to reconnect.'
    }

    t =    10.16s Find the Any (Descendant with identity binding to AX element pid: 75007, elementOrHash.elementID: 4462985664.68)
    t =    10.18s Requesting snapshot of accessibility hierarchy for app with pid 75007
    t =    10.22s Find: Descendant with identity binding to AX element pid: 75007, elementOrHash.elementID: 4462985664.68
    t =    10.29s Requesting snapshot of accessibility hierarchy for app with pid 75007
    t =    10.33s Find: Descendant with identity binding to AX element pid: 75007, elementOrHash.elementID: 4462985664.68
    t =    10.33s Requesting snapshot of accessibility hierarchy for app with pid 75007
AUDIT_ISSUE dark-01-sync | 1 | Contrast nearly passed | Contrast is not high enough for SwiftUI.AccessibilityNode unless font size is larger. | Attributes: Button, 0x107450f00, {{38.0, 738.3}, {137.0, 20.3}}, label: 'View Subscription'
Element subtree:
 →Button, 0x107450f00, {{38.0, 738.3}, {137.0, 20.3}}, label: 'View Subscription'
Path to element:
 →Application, 0x1070a8dc0, pid: 75007, label: 'PumpSync'
  ↳Window (Main), 0x1070a8f00, {{0.0, 0.0}, {402.0, 874.0}}
   ↳Other, 0x1070a9040, {{0.0, 0.0}, {402.0, 874.0}}
    ↳Other, 0x1070a9180, {{0.0, 0.0}, {402.0, 874.0}}
     ↳Other, 0x1070a92c0, {{0.0, 0.0}, {402.0, 874.0}}
      ↳Other, 0x1070a9400, {{0.0, 0.0}, {402.0, 874.0}}
       ↳Other, 0x1070a9540, {{0.0, 0.0}, {402.0, 874.0}}
        ↳Other, 0x1070a9680, {{0.0, 0.0}, {402.0, 874.0}}
         ↳Other, 0x1070a97c0, {{0.0, 0.0}, {402.0, 874.0}}
          ↳Other, 0x1070a9900, {{0.0, 0.0}, {402.0, 874.0}}
           ↳Other, 0x1070a9a40, {{0.0, 0.0}, {402.0, 874.0}}
            ↳Other, 0x1070a9b80, {{0.0, 0.0}, {402.0, 874.0}}
             ↳Other, 0x1070a9cc0, {{0.0, 0.0}, {402.0, 874.0}}
              ↳Other, 0x1070aa080, {{0.0, 0.0}, {402.0, 874.0}}
               ↳Other, 0x1070aa1c0, {{0.0, 0.0}, {402.0, 874.0}}
                ↳Other, 0x1070aa300, {{0.0, 0.0}, {402.0, 874.0}}
                 ↳Other, 0x1070aa440, {{0.0, 0.0}, {402.0, 874.0}}
                  ↳ScrollView, 0x1070aa580, {{0.0, 0.0}, {402.0, 874.0}}
                   ↳Other, 0x1070ab480, {{0.0, 168.0}, {402.0, 743.0}}
                    ↳Button, 0x107450f00, {{38.0, 738.3}, {137.0, 20.3}}, label: 'View Subscription'
Query chain:
 →Find: Target Application 'dev.ericslutz.PumpSync'
  Output: {
    Application, 0x11c518c80, pid: 75007, label: 'PumpSync'
  }
  ↪︎Find: Descendant with identity binding to AX element pid: 75007, elementOrHash.elementID: 4462985664.68
    Output: {
      Button, 0x114ba21c0, {{38.0, 738.3}, {137.0, 20.3}}, label: 'View Subscription'
    }

    t =    10.37s Find the Any (Descendant with identity binding to AX element pid: 75007, elementOrHash.elementID: 4462986112.69)
    t =    10.39s Requesting snapshot of accessibility hierarchy for app with pid 75007
    t =    10.43s Find: Descendant with identity binding to AX element pid: 75007, elementOrHash.elementID: 4462986112.69
    t =    10.51s Requesting snapshot of accessibility hierarchy for app with pid 75007
    t =    10.54s Find: Descendant with identity binding to AX element pid: 75007, elementOrHash.elementID: 4462986112.69
    t =    10.54s Requesting snapshot of accessibility hierarchy for app with pid 75007
AUDIT_ISSUE dark-01-sync | 1 | Contrast failed | Contrast failed for SwiftUI.AccessibilityNode | Attributes: Button, 0x107451040, {{38.0, 758.7}, {154.7, 20.3}}, label: 'Connection Settings'
Element subtree:
 →Button, 0x107451040, {{38.0, 758.7}, {154.7, 20.3}}, label: 'Connection Settings'
Path to element:
 →Application, 0x1070a8dc0, pid: 75007, label: 'PumpSync'
  ↳Window (Main), 0x1070a8f00, {{0.0, 0.0}, {402.0, 874.0}}
   ↳Other, 0x1070a9040, {{0.0, 0.0}, {402.0, 874.0}}
    ↳Other, 0x1070a9180, {{0.0, 0.0}, {402.0, 874.0}}
     ↳Other, 0x1070a92c0, {{0.0, 0.0}, {402.0, 874.0}}
      ↳Other, 0x1070a9400, {{0.0, 0.0}, {402.0, 874.0}}
       ↳Other, 0x1070a9540, {{0.0, 0.0}, {402.0, 874.0}}
        ↳Other, 0x1070a9680, {{0.0, 0.0}, {402.0, 874.0}}
         ↳Other, 0x1070a97c0, {{0.0, 0.0}, {402.0, 874.0}}
          ↳Other, 0x1070a9900, {{0.0, 0.0}, {402.0, 874.0}}
           ↳Other, 0x1070a9a40, {{0.0, 0.0}, {402.0, 874.0}}
            ↳Other, 0x1070a9b80, {{0.0, 0.0}, {402.0, 874.0}}
             ↳Other, 0x1070a9cc0, {{0.0, 0.0}, {402.0, 874.0}}
              ↳Other, 0x1070aa080, {{0.0, 0.0}, {402.0, 874.0}}
               ↳Other, 0x1070aa1c0, {{0.0, 0.0}, {402.0, 874.0}}
                ↳Other, 0x1070aa300, {{0.0, 0.0}, {402.0, 874.0}}
                 ↳Other, 0x1070aa440, {{0.0, 0.0}, {402.0, 874.0}}
                  ↳ScrollView, 0x1070aa580, {{0.0, 0.0}, {402.0, 874.0}}
                   ↳Other, 0x1070ab480, {{0.0, 168.0}, {402.0, 743.0}}
                    ↳Button, 0x107451040, {{38.0, 758.7}, {154.7, 20.3}}, label: 'Connection Settings'
Query chain:
 →Find: Target Application 'dev.ericslutz.PumpSync'
  Output: {
    Application, 0x11c518c80, pid: 75007, label: 'PumpSync'
  }
  ↪︎Find: Descendant with identity binding to AX element pid: 75007, elementOrHash.elementID: 4462986112.69
    Output: {
      Button, 0x114ba2300, {{38.0, 758.7}, {154.7, 20.3}}, label: 'Connection Settings'
    }

    t =    10.59s Find the Any (Descendant with identity binding to AX element pid: 75007, elementOrHash.elementID: 4462961408.75)
    t =    10.61s Requesting snapshot of accessibility hierarchy for app with pid 75007
    t =    10.64s Find: Descendant with identity binding to AX element pid: 75007, elementOrHash.elementID: 4462961408.75
    t =    10.72s Requesting snapshot of accessibility hierarchy for app with pid 75007
    t =    10.76s Find: Descendant with identity binding to AX element pid: 75007, elementOrHash.elementID: 4462961408.75
    t =    10.76s Requesting snapshot of accessibility hierarchy for app with pid 75007
AUDIT_ISSUE dark-01-sync | 1 | Contrast nearly passed | Contrast is not high enough for SwiftUI.AccessibilityNode unless font size is larger. | Attributes: StaticText, 0x1070abac0, {{80.0, 220.3}, {101.7, 18.0}}, label: 'Not connected'
Element subtree:
 →StaticText, 0x1070abac0, {{80.0, 220.3}, {101.7, 18.0}}, label: 'Not connected'
Path to element:
 →Application, 0x1070a8f00, pid: 75007, label: 'PumpSync'
  ↳Window (Main), 0x1070a9040, {{0.0, 0.0}, {402.0, 874.0}}
   ↳Other, 0x1070a9180, {{0.0, 0.0}, {402.0, 874.0}}
    ↳Other, 0x1070a92c0, {{0.0, 0.0}, {402.0, 874.0}}
     ↳Other, 0x1070a9400, {{0.0, 0.0}, {402.0, 874.0}}
      ↳Other, 0x1070a9540, {{0.0, 0.0}, {402.0, 874.0}}
       ↳Other, 0x1070a9680, {{0.0, 0.0}, {402.0, 874.0}}
        ↳Other, 0x1070a97c0, {{0.0, 0.0}, {402.0, 874.0}}
         ↳Other, 0x1070a9900, {{0.0, 0.0}, {402.0, 874.0}}
          ↳Other, 0x1070a9a40, {{0.0, 0.0}, {402.0, 874.0}}
           ↳Other, 0x1070a9b80, {{0.0, 0.0}, {402.0, 874.0}}
            ↳Other, 0x1070a9cc0, {{0.0, 0.0}, {402.0, 874.0}}
             ↳Other, 0x1070a9e00, {{0.0, 0.0}, {402.0, 874.0}}
              ↳Other, 0x1070aa1c0, {{0.0, 0.0}, {402.0, 874.0}}
               ↳Other, 0x1070aa300, {{0.0, 0.0}, {402.0, 874.0}}
                ↳Other, 0x1070aa440, {{0.0, 0.0}, {402.0, 874.0}}
                 ↳Other, 0x1070aa580, {{0.0, 0.0}, {402.0, 874.0}}
                  ↳ScrollView, 0x1070aa6c0, {{0.0, 0.0}, {402.0, 874.0}}
                   ↳Other, 0x1070ab5c0, {{0.0, 168.0}, {402.0, 743.0}}
                    ↳Other, 0x1070ab700, {{41.7, 198.0}, {140.0, 40.3}}, label: 'Connection', value: Not connected
                     ↳StaticText, 0x1070abac0, {{80.0, 220.3}, {101.7, 18.0}}, label: 'Not connected'
Query chain:
 →Find: Target Application 'dev.ericslutz.PumpSync'
  Output: {
    Application, 0x11c518c80, pid: 75007, label: 'PumpSync'
  }
  ↪︎Find: Descendant with identity binding to AX element pid: 75007, elementOrHash.elementID: 4462961408.75
    Output: {
      StaticText, 0x114ba0c80, {{80.0, 220.3}, {101.7, 18.0}}, label: 'Not connected'
    }

    t =    10.80s Find the Any (Descendant with identity binding to AX element pid: 75007, elementOrHash.elementID: 4462963200.78)
    t =    10.82s Requesting snapshot of accessibility hierarchy for app with pid 75007
    t =    10.86s Find: Descendant with identity binding to AX element pid: 75007, elementOrHash.elementID: 4462963200.78
    t =    10.94s Requesting snapshot of accessibility hierarchy for app with pid 75007
    t =    10.97s Find: Descendant with identity binding to AX element pid: 75007, elementOrHash.elementID: 4462963200.78
    t =    10.98s Requesting snapshot of accessibility hierarchy for app with pid 75007
AUDIT_ISSUE dark-01-sync | 1 | Contrast nearly passed | Contrast is not high enough for SwiftUI.AccessibilityNode unless font size is larger. | Attributes: StaticText, 0x107450000, {{80.0, 273.0}, {103.0, 18.0}}, label: 'Not configured'
Element subtree:
 →StaticText, 0x107450000, {{80.0, 273.0}, {103.0, 18.0}}, label: 'Not configured'
Path to element:
 →Application, 0x1070a8f00, pid: 75007, label: 'PumpSync'
  ↳Window (Main), 0x1070a9040, {{0.0, 0.0}, {402.0, 874.0}}
   ↳Other, 0x1070a9180, {{0.0, 0.0}, {402.0, 874.0}}
    ↳Other, 0x1070a92c0, {{0.0, 0.0}, {402.0, 874.0}}
     ↳Other, 0x1070a9400, {{0.0, 0.0}, {402.0, 874.0}}
      ↳Other, 0x1070a9540, {{0.0, 0.0}, {402.0, 874.0}}
       ↳Other, 0x1070a9680, {{0.0, 0.0}, {402.0, 874.0}}
        ↳Other, 0x1070a97c0, {{0.0, 0.0}, {402.0, 874.0}}
         ↳Other, 0x1070a9900, {{0.0, 0.0}, {402.0, 874.0}}
          ↳Other, 0x1070a9a40, {{0.0, 0.0}, {402.0, 874.0}}
           ↳Other, 0x1070a9b80, {{0.0, 0.0}, {402.0, 874.0}}
            ↳Other, 0x1070a9cc0, {{0.0, 0.0}, {402.0, 874.0}}
             ↳Other, 0x1070a9e00, {{0.0, 0.0}, {402.0, 874.0}}
              ↳Other, 0x1070aa1c0, {{0.0, 0.0}, {402.0, 874.0}}
               ↳Other, 0x1070aa300, {{0.0, 0.0}, {402.0, 874.0}}
                ↳Other, 0x1070aa440, {{0.0, 0.0}, {402.0, 874.0}}
                 ↳Other, 0x1070aa580, {{0.0, 0.0}, {402.0, 874.0}}
                  ↳ScrollView, 0x1070aa6c0, {{0.0, 0.0}, {402.0, 874.0}}
                   ↳Other, 0x1070ab5c0, {{0.0, 168.0}, {402.0, 743.0}}
                    ↳Other, 0x1070abc00, {{40.3, 250.7}, {142.7, 40.3}}, label: 'Pump data', value: Not configured
                     ↳StaticText, 0x107450000, {{80.0, 273.0}, {103.0, 18.0}}, label: 'Not configured'
Query chain:
 →Find: Target Application 'dev.ericslutz.PumpSync'
  Output: {
    Application, 0x11c518c80, pid: 75007, label: 'PumpSync'
  }
  ↪︎Find: Descendant with identity binding to AX element pid: 75007, elementOrHash.elementID: 4462963200.78
    Output: {
      StaticText, 0x114ba1180, {{80.0, 273.0}, {103.0, 18.0}}, label: 'Not configured'
    }

    t =    11.02s Find the Any (Descendant with identity binding to AX element pid: 75007, elementOrHash.elementID: 4462965440.88)
    t =    11.04s Requesting snapshot of accessibility hierarchy for app with pid 75007
    t =    11.08s Find: Descendant with identity binding to AX element pid: 75007, elementOrHash.elementID: 4462965440.88
    t =    11.16s Requesting snapshot of accessibility hierarchy for app with pid 75007
    t =    11.20s Find: Descendant with identity binding to AX element pid: 75007, elementOrHash.elementID: 4462965440.88
    t =    11.20s Requesting snapshot of accessibility hierarchy for app with pid 75007
AUDIT_ISSUE dark-01-sync | 1 | Contrast nearly passed | Contrast is not high enough for SwiftUI.AccessibilityNode unless font size is larger. | Attributes: StaticText, 0x1074508c0, {{78.0, 398.0}, {78.3, 18.0}}, label: 'Past 7 days'
Element subtree:
 →StaticText, 0x1074508c0, {{78.0, 398.0}, {78.3, 18.0}}, label: 'Past 7 days'
Path to element:
 →Application, 0x1070a9040, pid: 75007, label: 'PumpSync'
  ↳Window (Main), 0x1070a9180, {{0.0, 0.0}, {402.0, 874.0}}
   ↳Other, 0x1070a92c0, {{0.0, 0.0}, {402.0, 874.0}}
    ↳Other, 0x1070a9400, {{0.0, 0.0}, {402.0, 874.0}}
     ↳Other, 0x1070a9540, {{0.0, 0.0}, {402.0, 874.0}}
      ↳Other, 0x1070a9680, {{0.0, 0.0}, {402.0, 874.0}}
       ↳Other, 0x1070a97c0, {{0.0, 0.0}, {402.0, 874.0}}
        ↳Other, 0x1070a9900, {{0.0, 0.0}, {402.0, 874.0}}
         ↳Other, 0x1070a9a40, {{0.0, 0.0}, {402.0, 874.0}}
          ↳Other, 0x1070a9b80, {{0.0, 0.0}, {402.0, 874.0}}
           ↳Other, 0x1070a9cc0, {{0.0, 0.0}, {402.0, 874.0}}
            ↳Other, 0x1070a9e00, {{0.0, 0.0}, {402.0, 874.0}}
             ↳Other, 0x1070a9f40, {{0.0, 0.0}, {402.0, 874.0}}
              ↳Other, 0x1070aa300, {{0.0, 0.0}, {402.0, 874.0}}
               ↳Other, 0x1070aa440, {{0.0, 0.0}, {402.0, 874.0}}
                ↳Other, 0x1070aa580, {{0.0, 0.0}, {402.0, 874.0}}
                 ↳Other, 0x1070aa6c0, {{0.0, 0.0}, {402.0, 874.0}}
                  ↳ScrollView, 0x1070aa800, {{0.0, 0.0}, {402.0, 874.0}}
                   ↳Other, 0x1070ab700, {{0.0, 168.0}, {402.0, 743.0}}
                    ↳Button, 0x1074503c0, {{38.0, 373.3}, {326.0, 44.0}}, label: 'History range', value: Past 7 days
                     ↳Button, 0x107450500, {{38.0, 373.3}, {326.0, 44.0}}
                      ↳StaticText, 0x1074508c0, {{78.0, 398.0}, {78.3, 18.0}}, label: 'Past 7 days'
Query chain:
 →Find: Target Application 'dev.ericslutz.PumpSync'
  Output: {
    Application, 0x11c518c80, pid: 75007, label: 'PumpSync'
  }
  ↪︎Find: Descendant with identity binding to AX element pid: 75007, elementOrHash.elementID: 4462965440.88
    Output: {
      StaticText, 0x114ba1900, {{78.0, 398.0}, {78.3, 18.0}}, label: 'Past 7 days'
    }

    t =    11.24s Find the Any (Descendant with identity binding to AX element pid: 75007, elementOrHash.elementID: 4462965888.89)
    t =    11.26s Requesting snapshot of accessibility hierarchy for app with pid 75007
    t =    11.30s Find: Descendant with identity binding to AX element pid: 75007, elementOrHash.elementID: 4462965888.89
    t =    11.39s Requesting snapshot of accessibility hierarchy for app with pid 75007
    t =    11.42s Find: Descendant with identity binding to AX element pid: 75007, elementOrHash.elementID: 4462965888.89
    t =    11.42s Requesting snapshot of accessibility hierarchy for app with pid 75007
AUDIT_ISSUE dark-01-sync | 1 | Contrast nearly passed | Contrast is not high enough for SwiftUI.AccessibilityNode unless font size is larger. | Attributes: StaticText, 0x107450a00, {{309.0, 386.3}, {55.0, 18.0}}, label: 'Change'
Element subtree:
 →StaticText, 0x107450a00, {{309.0, 386.3}, {55.0, 18.0}}, label: 'Change'
Path to element:
 →Application, 0x1070a9040, pid: 75007, label: 'PumpSync'
  ↳Window (Main), 0x1070a9180, {{0.0, 0.0}, {402.0, 874.0}}
   ↳Other, 0x1070a92c0, {{0.0, 0.0}, {402.0, 874.0}}
    ↳Other, 0x1070a9400, {{0.0, 0.0}, {402.0, 874.0}}
     ↳Other, 0x1070a9540, {{0.0, 0.0}, {402.0, 874.0}}
      ↳Other, 0x1070a9680, {{0.0, 0.0}, {402.0, 874.0}}
       ↳Other, 0x1070a97c0, {{0.0, 0.0}, {402.0, 874.0}}
        ↳Other, 0x1070a9900, {{0.0, 0.0}, {402.0, 874.0}}
         ↳Other, 0x1070a9a40, {{0.0, 0.0}, {402.0, 874.0}}
          ↳Other, 0x1070a9b80, {{0.0, 0.0}, {402.0, 874.0}}
           ↳Other, 0x1070a9cc0, {{0.0, 0.0}, {402.0, 874.0}}
            ↳Other, 0x1070a9e00, {{0.0, 0.0}, {402.0, 874.0}}
             ↳Other, 0x1070a9f40, {{0.0, 0.0}, {402.0, 874.0}}
              ↳Other, 0x1070aa300, {{0.0, 0.0}, {402.0, 874.0}}
               ↳Other, 0x1070aa440, {{0.0, 0.0}, {402.0, 874.0}}
                ↳Other, 0x1070aa580, {{0.0, 0.0}, {402.0, 874.0}}
                 ↳Other, 0x1070aa6c0, {{0.0, 0.0}, {402.0, 874.0}}
                  ↳ScrollView, 0x1070aa800, {{0.0, 0.0}, {402.0, 874.0}}
                   ↳Other, 0x1070ab700, {{0.0, 168.0}, {402.0, 743.0}}
                    ↳Button, 0x1074503c0, {{38.0, 373.3}, {326.0, 44.0}}, label: 'History range', value: Past 7 days
                     ↳Button, 0x107450500, {{38.0, 373.3}, {326.0, 44.0}}
                      ↳StaticText, 0x107450a00, {{309.0, 386.3}, {55.0, 18.0}}, label: 'Change'
Query chain:
 →Find: Target Application 'dev.ericslutz.PumpSync'
  Output: {
    Application, 0x11c518c80, pid: 75007, label: 'PumpSync'
  }
  ↪︎Find: Descendant with identity binding to AX element pid: 75007, elementOrHash.elementID: 4462965888.89
    Output: {
      StaticText, 0x114ba1a40, {{309.0, 386.3}, {55.0, 18.0}}, label: 'Change'
    }

    t =    11.47s Tap "Settings" Button
    t =    11.47s     Wait for dev.ericslutz.PumpSync to idle
    t =    11.47s     Find the "Settings" Button
    t =    11.50s     Check for interrupting elements affecting "Settings" Button
    t =    11.53s     Synthesize event
    t =    11.82s     Wait for dev.ericslutz.PumpSync to idle
    t =    12.96s Find the Target Application 'dev.ericslutz.PumpSync'
    t =    13.10s Added attachment named 'dark-02-settings.png'
    t =    13.10s Requesting snapshot of accessibility hierarchy for app with pid 75007
    t =    13.30s Requesting snapshot of accessibility hierarchy for app with pid 75007
    t =    13.35s Added attachment named 'dark-02-settings-tree.txt'
    t =    15.46s Find the Any (Descendant with identity binding to AX element pid: 75007, elementOrHash.elementID: 4463080576.110)
    t =    15.49s Requesting snapshot of accessibility hierarchy for app with pid 75007
    t =    15.53s Find: Descendant with identity binding to AX element pid: 75007, elementOrHash.elementID: 4463080576.110
    t =    15.62s Requesting snapshot of accessibility hierarchy for app with pid 75007
    t =    15.66s Find: Descendant with identity binding to AX element pid: 75007, elementOrHash.elementID: 4463080576.110
    t =    15.66s Requesting snapshot of accessibility hierarchy for app with pid 75007
AUDIT_ISSUE dark-02-settings | 1 | Contrast nearly passed | Contrast is not high enough for SwiftUI.AccessibilityNode unless font size is larger. | Attributes: StaticText, 0x107450f00, {{24.0, 180.0}, {91.3, 20.3}}, label: 'Connection'
Element subtree:
 →StaticText, 0x107450f00, {{24.0, 180.0}, {91.3, 20.3}}, label: 'Connection'
Path to element:
 →Application, 0x1070abd40, pid: 75007, label: 'PumpSync'
  ↳Window (Main), 0x1070abe80, {{0.0, 0.0}, {402.0, 874.0}}
   ↳Other, 0x1070abc00, {{0.0, 0.0}, {402.0, 874.0}}
    ↳Other, 0x1070ab840, {{0.0, 0.0}, {402.0, 874.0}}
     ↳Other, 0x1070abac0, {{0.0, 0.0}, {402.0, 874.0}}
      ↳Other, 0x1070ab980, {{0.0, 0.0}, {402.0, 874.0}}
       ↳Other, 0x1070ab700, {{0.0, 0.0}, {402.0, 874.0}}
        ↳Other, 0x1070aabc0, {{0.0, 0.0}, {402.0, 874.0}}
         ↳Other, 0x1070aad00, {{0.0, 0.0}, {402.0, 874.0}}
          ↳Other, 0x1070ab200, {{0.0, 0.0}, {402.0, 874.0}}
           ↳Other, 0x1070ab480, {{0.0, 0.0}, {402.0, 874.0}}
            ↳Other, 0x1070ab340, {{0.0, 0.0}, {402.0, 874.0}}
             ↳Other, 0x1070aaf80, {{0.0, 0.0}, {402.0, 874.0}}
              ↳Other, 0x1070aa800, {{0.0, 0.0}, {402.0, 874.0}}
               ↳Other, 0x1070aaa80, {{0.0, 0.0}, {402.0, 874.0}}
                ↳Other, 0x1070aa940, {{0.0, 0.0}, {402.0, 874.0}}
                 ↳Other, 0x1070a9f40, {{0.0, 0.0}, {402.0, 874.0}}
                  ↳ScrollView, 0x1070aa080, {{0.0, 0.0}, {402.0, 874.0}}
                   ↳Other, 0x107450dc0, {{0.0, 168.0}, {402.0, 826.7}}
                    ↳StaticText, 0x107450f00, {{24.0, 180.0}, {91.3, 20.3}}, label: 'Connection'
Query chain:
 →Find: Target Application 'dev.ericslutz.PumpSync'
  Output: {
    Application, 0x11c5217c0, pid: 75007, label: 'PumpSync'
  }
  ↪︎Find: Descendant with identity binding to AX element pid: 75007, elementOrHash.elementID: 4463080576.110
    Output: {
      StaticText, 0x1070aa300, {{24.0, 180.0}, {91.3, 20.3}}, label: 'Connection'
    }

    t =    15.71s Find the Any (Descendant with identity binding to AX element pid: 75007, elementOrHash.elementID: 4463081920.112)
    t =    15.74s Requesting snapshot of accessibility hierarchy for app with pid 75007
    t =    15.79s Find: Descendant with identity binding to AX element pid: 75007, elementOrHash.elementID: 4463081920.112
    t =    15.87s Requesting snapshot of accessibility hierarchy for app with pid 75007
    t =    15.91s Find: Descendant with identity binding to AX element pid: 75007, elementOrHash.elementID: 4463081920.112
    t =    15.91s Requesting snapshot of accessibility hierarchy for app with pid 75007
AUDIT_ISSUE dark-02-settings | 1 | Contrast nearly passed | Contrast is not high enough for SwiftUI.AccessibilityNode unless font size is larger. | Attributes: StaticText, 0x107451400, {{38.0, 270.3}, {315.0, 108.3}}, label: 'Subscribe to PumpSync to securely sync pump data to Apple Health without managing your own server. Data is transmitted only during active sync operations.'
Element subtree:
 →StaticText, 0x107451400, {{38.0, 270.3}, {315.0, 108.3}}, label: 'Subscribe to PumpSync to securely sync pump data to Apple Health without managing your own server. Data is transmitted only during active sync operations.'
Path to element:
 →Application, 0x1070abd40, pid: 75007, label: 'PumpSync'
  ↳Window (Main), 0x1070abe80, {{0.0, 0.0}, {402.0, 874.0}}
   ↳Other, 0x1070abc00, {{0.0, 0.0}, {402.0, 874.0}}
    ↳Other, 0x1070ab840, {{0.0, 0.0}, {402.0, 874.0}}
     ↳Other, 0x1070abac0, {{0.0, 0.0}, {402.0, 874.0}}
      ↳Other, 0x1070ab980, {{0.0, 0.0}, {402.0, 874.0}}
       ↳Other, 0x1070ab700, {{0.0, 0.0}, {402.0, 874.0}}
        ↳Other, 0x1070aabc0, {{0.0, 0.0}, {402.0, 874.0}}
         ↳Other, 0x1070aad00, {{0.0, 0.0}, {402.0, 874.0}}
          ↳Other, 0x1070ab200, {{0.0, 0.0}, {402.0, 874.0}}
           ↳Other, 0x1070ab480, {{0.0, 0.0}, {402.0, 874.0}}
            ↳Other, 0x1070ab340, {{0.0, 0.0}, {402.0, 874.0}}
             ↳Other, 0x1070aaf80, {{0.0, 0.0}, {402.0, 874.0}}
              ↳Other, 0x1070aa940, {{0.0, 0.0}, {402.0, 874.0}}
               ↳Other, 0x1070a9f40, {{0.0, 0.0}, {402.0, 874.0}}
                ↳Other, 0x1070aa080, {{0.0, 0.0}, {402.0, 874.0}}
                 ↳Other, 0x1070ab0c0, {{0.0, 0.0}, {402.0, 874.0}}
                  ↳ScrollView, 0x1070aae40, {{0.0, 0.0}, {402.0, 874.0}}
                   ↳Other, 0x107450dc0, {{0.0, 168.0}, {402.0, 826.7}}
                    ↳StaticText, 0x107451400, {{38.0, 270.3}, {315.0, 108.3}}, label: 'Subscribe to PumpSync to securely sync pump data to Apple Health without managing your own server. Data is transmitted only during active sync operations.'
Query chain:
 →Find: Target Application 'dev.ericslutz.PumpSync'
  Output: {
    Application, 0x11c5217c0, pid: 75007, label: 'PumpSync'
  }
  ↪︎Find: Descendant with identity binding to AX element pid: 75007, elementOrHash.elementID: 4463081920.112
    Output: {
      StaticText, 0x11c518000, {{38.0, 270.3}, {315.0, 108.3}}, label: 'Subscribe to PumpSync to securely sync pump data to Apple Health without managing your own server. Data is transmitted only during active sync operations.'
    }

    t =    15.97s Find the Any (Descendant with identity binding to AX element pid: 75007, elementOrHash.elementID: 4462992832.115)
    t =    16.00s Requesting snapshot of accessibility hierarchy for app with pid 75007
    t =    16.05s Find: Descendant with identity binding to AX element pid: 75007, elementOrHash.elementID: 4462992832.115
    t =    16.13s Requesting snapshot of accessibility hierarchy for app with pid 75007
    t =    16.17s Find: Descendant with identity binding to AX element pid: 75007, elementOrHash.elementID: 4462992832.115
    t =    16.18s Requesting snapshot of accessibility hierarchy for app with pid 75007
AUDIT_ISSUE dark-02-settings | 1 | Contrast nearly passed | Contrast is not high enough for SwiftUI.AccessibilityNode unless font size is larger. | Attributes: StaticText, 0x107451cc0, {{24.0, 486.7}, {85.7, 20.3}}, label: 'PumpSync'
Element subtree:
 →StaticText, 0x107451cc0, {{24.0, 486.7}, {85.7, 20.3}}, label: 'PumpSync'
Path to element:
 →Application, 0x1070abd40, pid: 75007, label: 'PumpSync'
  ↳Window (Main), 0x1070abe80, {{0.0, 0.0}, {402.0, 874.0}}
   ↳Other, 0x1070abc00, {{0.0, 0.0}, {402.0, 874.0}}
    ↳Other, 0x1070ab840, {{0.0, 0.0}, {402.0, 874.0}}
     ↳Other, 0x1070abac0, {{0.0, 0.0}, {402.0, 874.0}}
      ↳Other, 0x1070ab980, {{0.0, 0.0}, {402.0, 874.0}}
       ↳Other, 0x1070ab700, {{0.0, 0.0}, {402.0, 874.0}}
        ↳Other, 0x1070aabc0, {{0.0, 0.0}, {402.0, 874.0}}
         ↳Other, 0x1070aad00, {{0.0, 0.0}, {402.0, 874.0}}
          ↳Other, 0x1070ab200, {{0.0, 0.0}, {402.0, 874.0}}
           ↳Other, 0x1070ab480, {{0.0, 0.0}, {402.0, 874.0}}
            ↳Other, 0x1070ab340, {{0.0, 0.0}, {402.0, 874.0}}
             ↳Other, 0x1070aaf80, {{0.0, 0.0}, {402.0, 874.0}}
              ↳Other, 0x1070aa080, {{0.0, 0.0}, {402.0, 874.0}}
               ↳Other, 0x1070ab0c0, {{0.0, 0.0}, {402.0, 874.0}}
                ↳Other, 0x1070aae40, {{0.0, 0.0}, {402.0, 874.0}}
                 ↳Other, 0x1070aa800, {{0.0, 0.0}, {402.0, 874.0}}
                  ↳ScrollView, 0x1070aaa80, {{0.0, 0.0}, {402.0, 874.0}}
                   ↳Other, 0x107450dc0, {{0.0, 168.0}, {402.0, 826.7}}
                    ↳StaticText, 0x107451cc0, {{24.0, 486.7}, {85.7, 20.3}}, label: 'PumpSync'
Query chain:
 →Find: Target Application 'dev.ericslutz.PumpSync'
  Output: {
    Application, 0x11c5217c0, pid: 75007, label: 'PumpSync'
  }
  ↪︎Find: Descendant with identity binding to AX element pid: 75007, elementOrHash.elementID: 4462992832.115
    Output: {
      StaticText, 0x11c5188c0, {{24.0, 486.7}, {85.7, 20.3}}, label: 'PumpSync'
    }

    t =    16.23s Find the Any (Descendant with identity binding to AX element pid: 75007, elementOrHash.elementID: 4462995520.133)
    t =    16.26s Requesting snapshot of accessibility hierarchy for app with pid 75007
    t =    16.30s Find: Descendant with identity binding to AX element pid: 75007, elementOrHash.elementID: 4462995520.133
    t =    16.39s Requesting snapshot of accessibility hierarchy for app with pid 75007
    t =    16.44s Find: Descendant with identity binding to AX element pid: 75007, elementOrHash.elementID: 4462995520.133
    t =    16.44s Requesting snapshot of accessibility hierarchy for app with pid 75007
AUDIT_ISSUE dark-02-settings | 1 | Contrast nearly passed | Contrast is not high enough for SwiftUI.AccessibilityNode unless font size is larger. | Attributes: StaticText, 0x107452300, {{80.0, 555.3}, {103.0, 18.0}}, label: 'Not configured'
Element subtree:
 →StaticText, 0x107452300, {{80.0, 555.3}, {103.0, 18.0}}, label: 'Not configured'
Path to element:
 →Application, 0x1070abe80, pid: 75007, label: 'PumpSync'
  ↳Window (Main), 0x1070abc00, {{0.0, 0.0}, {402.0, 874.0}}
   ↳Other, 0x1070ab840, {{0.0, 0.0}, {402.0, 874.0}}
    ↳Other, 0x1070abac0, {{0.0, 0.0}, {402.0, 874.0}}
     ↳Other, 0x1070ab980, {{0.0, 0.0}, {402.0, 874.0}}
      ↳Other, 0x1070ab700, {{0.0, 0.0}, {402.0, 874.0}}
       ↳Other, 0x1070aabc0, {{0.0, 0.0}, {402.0, 874.0}}
        ↳Other, 0x1070aad00, {{0.0, 0.0}, {402.0, 874.0}}
         ↳Other, 0x1070ab200, {{0.0, 0.0}, {402.0, 874.0}}
          ↳Other, 0x1070ab480, {{0.0, 0.0}, {402.0, 874.0}}
           ↳Other, 0x1070ab340, {{0.0, 0.0}, {402.0, 874.0}}
            ↳Other, 0x1070aaf80, {{0.0, 0.0}, {402.0, 874.0}}
             ↳Other, 0x1070aa080, {{0.0, 0.0}, {402.0, 874.0}}
              ↳Other, 0x1070aa800, {{0.0, 0.0}, {402.0, 874.0}}
               ↳Other, 0x1070aaa80, {{0.0, 0.0}, {402.0, 874.0}}
                ↳Other, 0x1070aa940, {{0.0, 0.0}, {402.0, 874.0}}
                 ↳Other, 0x1070a9f40, {{0.0, 0.0}, {402.0, 874.0}}
                  ↳ScrollView, 0x107450000, {{0.0, 0.0}, {402.0, 874.0}}
                   ↳Other, 0x107450f00, {{0.0, 168.0}, {402.0, 826.7}}
                    ↳Button, 0x107451f40, {{38.0, 533.0}, {326.0, 40.3}}, identifier: 'TandemAccountLink', label: 'Tandem Account', value: Not configured
                     ↳StaticText, 0x107452300, {{80.0, 555.3}, {103.0, 18.0}}, label: 'Not configured'
Query chain:
 →Find: Target Application 'dev.ericslutz.PumpSync'
  Output: {
    Application, 0x11c5217c0, pid: 75007, label: 'PumpSync'
  }
  ↪︎Find: Descendant with identity binding to AX element pid: 75007, elementOrHash.elementID: 4462995520.133
    Output: {
      StaticText, 0x11c518dc0, {{80.0, 555.3}, {103.0, 18.0}}, label: 'Not configured'
    }

    t =    16.49s Find the Any (Descendant with identity binding to AX element pid: 75007, elementOrHash.elementID: 4462997760.137)
    t =    16.52s Requesting snapshot of accessibility hierarchy for app with pid 75007
    t =    16.57s Find: Descendant with identity binding to AX element pid: 75007, elementOrHash.elementID: 4462997760.137
    t =    16.65s Requesting snapshot of accessibility hierarchy for app with pid 75007
    t =    16.70s Find: Descendant with identity binding to AX element pid: 75007, elementOrHash.elementID: 4462997760.137
    t =    16.70s Requesting snapshot of accessibility hierarchy for app with pid 75007
AUDIT_ISSUE dark-02-settings | 1 | Contrast nearly passed | Contrast is not high enough for SwiftUI.AccessibilityNode unless font size is larger. | Attributes: StaticText, 0x107452940, {{80.0, 608.0}, {176.3, 18.0}}, label: 'Insulin and carbohydrates'
Element subtree:
 →StaticText, 0x107452940, {{80.0, 608.0}, {176.3, 18.0}}, label: 'Insulin and carbohydrates'
Path to element:
 →Application, 0x1070abe80, pid: 75007, label: 'PumpSync'
  ↳Window (Main), 0x1070abc00, {{0.0, 0.0}, {402.0, 874.0}}
   ↳Other, 0x1070ab840, {{0.0, 0.0}, {402.0, 874.0}}
    ↳Other, 0x1070abac0, {{0.0, 0.0}, {402.0, 874.0}}
     ↳Other, 0x1070ab980, {{0.0, 0.0}, {402.0, 874.0}}
      ↳Other, 0x1070ab700, {{0.0, 0.0}, {402.0, 874.0}}
       ↳Other, 0x1070aabc0, {{0.0, 0.0}, {402.0, 874.0}}
        ↳Other, 0x1070aad00, {{0.0, 0.0}, {402.0, 874.0}}
         ↳Other, 0x1070ab200, {{0.0, 0.0}, {402.0, 874.0}}
          ↳Other, 0x1070ab480, {{0.0, 0.0}, {402.0, 874.0}}
           ↳Other, 0x1070ab340, {{0.0, 0.0}, {402.0, 874.0}}
            ↳Other, 0x1070aaf80, {{0.0, 0.0}, {402.0, 874.0}}
             ↳Other, 0x1070aa080, {{0.0, 0.0}, {402.0, 874.0}}
              ↳Other, 0x1070aa940, {{0.0, 0.0}, {402.0, 874.0}}
               ↳Other, 0x1070a9f40, {{0.0, 0.0}, {402.0, 874.0}}
                ↳Other, 0x1070ab0c0, {{0.0, 0.0}, {402.0, 874.0}}
                 ↳Other, 0x1070aae40, {{0.0, 0.0}, {402.0, 874.0}}
                  ↳ScrollView, 0x107450000, {{0.0, 0.0}, {402.0, 874.0}}
                   ↳Other, 0x107450f00, {{0.0, 168.0}, {402.0, 826.7}}
                    ↳Button, 0x107452580, {{38.0, 585.7}, {326.0, 40.3}}, identifier: 'AppleHealthLink', label: 'Apple Health', value: Insulin and carboh...
                     ↳StaticText, 0x107452940, {{80.0, 608.0}, {176.3, 18.0}}, label: 'Insulin and carbohydrates'
Query chain:
 →Find: Target Application 'dev.ericslutz.PumpSync'
  Output: {
    Application, 0x11c5217c0, pid: 75007, label: 'PumpSync'
  }
  ↪︎Find: Descendant with identity binding to AX element pid: 75007, elementOrHash.elementID: 4462997760.137
    Output: {
      StaticText, 0x11c519400, {{80.0, 608.0}, {176.3, 18.0}}, label: 'Insulin and carbohydrates'
    }

    t =    16.75s Find the Any (Descendant with identity binding to AX element pid: 75007, elementOrHash.elementID: 4463099904.141)
    t =    16.78s Requesting snapshot of accessibility hierarchy for app with pid 75007
    t =    16.83s Find: Descendant with identity binding to AX element pid: 75007, elementOrHash.elementID: 4463099904.141
    t =    16.91s Requesting snapshot of accessibility hierarchy for app with pid 75007
    t =    16.95s Find: Descendant with identity binding to AX element pid: 75007, elementOrHash.elementID: 4463099904.141
    t =    16.96s Requesting snapshot of accessibility hierarchy for app with pid 75007
AUDIT_ISSUE dark-02-settings | 1 | Contrast nearly passed | Contrast is not high enough for SwiftUI.AccessibilityNode unless font size is larger. | Attributes: StaticText, 0x107452f80, {{80.0, 660.7}, {43.0, 18.0}}, label: 'U-100'
Element subtree:
 →StaticText, 0x107452f80, {{80.0, 660.7}, {43.0, 18.0}}, label: 'U-100'
Path to element:
 →Application, 0x1070abe80, pid: 75007, label: 'PumpSync'
  ↳Window (Main), 0x1070abc00, {{0.0, 0.0}, {402.0, 874.0}}
   ↳Other, 0x1070ab840, {{0.0, 0.0}, {402.0, 874.0}}
    ↳Other, 0x1070abac0, {{0.0, 0.0}, {402.0, 874.0}}
     ↳Other, 0x1070ab980, {{0.0, 0.0}, {402.0, 874.0}}
      ↳Other, 0x1070ab700, {{0.0, 0.0}, {402.0, 874.0}}
       ↳Other, 0x1070aabc0, {{0.0, 0.0}, {402.0, 874.0}}
        ↳Other, 0x1070aad00, {{0.0, 0.0}, {402.0, 874.0}}
         ↳Other, 0x1070ab200, {{0.0, 0.0}, {402.0, 874.0}}
          ↳Other, 0x1070ab480, {{0.0, 0.0}, {402.0, 874.0}}
           ↳Other, 0x1070ab340, {{0.0, 0.0}, {402.0, 874.0}}
            ↳Other, 0x1070aaf80, {{0.0, 0.0}, {402.0, 874.0}}
             ↳Other, 0x1070aa080, {{0.0, 0.0}, {402.0, 874.0}}
              ↳Other, 0x1070ab0c0, {{0.0, 0.0}, {402.0, 874.0}}
               ↳Other, 0x1070aae40, {{0.0, 0.0}, {402.0, 874.0}}
                ↳Other, 0x1070aa800, {{0.0, 0.0}, {402.0, 874.0}}
                 ↳Other, 0x1070aaa80, {{0.0, 0.0}, {402.0, 874.0}}
                  ↳ScrollView, 0x107450000, {{0.0, 0.0}, {402.0, 874.0}}
                   ↳Other, 0x107450f00, {{0.0, 168.0}, {402.0, 826.7}}
                    ↳Button, 0x107452bc0, {{38.0, 638.3}, {326.0, 40.3}}, identifier: 'InsulinConcentrationLink', label: 'Insulin Concentration', value: U-100
                     ↳StaticText, 0x107452f80, {{80.0, 660.7}, {43.0, 18.0}}, label: 'U-100'
Query chain:
 →Find: Target Application 'dev.ericslutz.PumpSync'
  Output: {
    Application, 0x11c5217c0, pid: 75007, label: 'PumpSync'
  }
  ↪︎Find: Descendant with identity binding to AX element pid: 75007, elementOrHash.elementID: 4463099904.141
    Output: {
      StaticText, 0x11c519a40, {{80.0, 660.7}, {43.0, 18.0}}, label: 'U-100'
    }

    t =    17.01s Find the Any (Descendant with identity binding to AX element pid: 75007, elementOrHash.elementID: 4463102592.145)
    t =    17.04s Requesting snapshot of accessibility hierarchy for app with pid 75007
    t =    17.08s Find: Descendant with identity binding to AX element pid: 75007, elementOrHash.elementID: 4463102592.145
    t =    17.17s Requesting snapshot of accessibility hierarchy for app with pid 75007
    t =    17.21s Find: Descendant with identity binding to AX element pid: 75007, elementOrHash.elementID: 4463102592.145
    t =    17.21s Requesting snapshot of accessibility hierarchy for app with pid 75007
AUDIT_ISSUE dark-02-settings | 1 | Contrast nearly passed | Contrast is not high enough for SwiftUI.AccessibilityNode unless font size is larger. | Attributes: StaticText, 0x1074535c0, {{80.0, 713.3}, {205.0, 38.0}}, label: 'Privacy, retention, and Health data flow'
Element subtree:
 →StaticText, 0x1074535c0, {{80.0, 713.3}, {205.0, 38.0}}, label: 'Privacy, retention, and Health data flow'
Path to element:
 →Application, 0x1070abe80, pid: 75007, label: 'PumpSync'
  ↳Window (Main), 0x1070abc00, {{0.0, 0.0}, {402.0, 874.0}}
   ↳Other, 0x1070ab840, {{0.0, 0.0}, {402.0, 874.0}}
    ↳Other, 0x1070abac0, {{0.0, 0.0}, {402.0, 874.0}}
     ↳Other, 0x1070ab980, {{0.0, 0.0}, {402.0, 874.0}}
      ↳Other, 0x1070ab700, {{0.0, 0.0}, {402.0, 874.0}}
       ↳Other, 0x1070aabc0, {{0.0, 0.0}, {402.0, 874.0}}
        ↳Other, 0x1070aad00, {{0.0, 0.0}, {402.0, 874.0}}
         ↳Other, 0x1070ab200, {{0.0, 0.0}, {402.0, 874.0}}
          ↳Other, 0x1070ab480, {{0.0, 0.0}, {402.0, 874.0}}
           ↳Other, 0x1070ab340, {{0.0, 0.0}, {402.0, 874.0}}
            ↳Other, 0x1070aaf80, {{0.0, 0.0}, {402.0, 874.0}}
             ↳Other, 0x1070aa080, {{0.0, 0.0}, {402.0, 874.0}}
              ↳Other, 0x1070aa800, {{0.0, 0.0}, {402.0, 874.0}}
               ↳Other, 0x1070aaa80, {{0.0, 0.0}, {402.0, 874.0}}
                ↳Other, 0x1070aa940, {{0.0, 0.0}, {402.0, 874.0}}
                 ↳Other, 0x1070a9f40, {{0.0, 0.0}, {402.0, 874.0}}
                  ↳ScrollView, 0x107450000, {{0.0, 0.0}, {402.0, 874.0}}
                   ↳Other, 0x107450f00, {{0.0, 168.0}, {402.0, 826.7}}
                    ↳Button, 0x107453200, {{38.0, 691.0}, {326.0, 60.3}}, identifier: 'DataHandlingLink', label: 'Data Handling', value: Privacy, retention...
                     ↳StaticText, 0x1074535c0, {{80.0, 713.3}, {205.0, 38.0}}, label: 'Privacy, retention, and Health data flow'
Query chain:
 →Find: Target Application 'dev.ericslutz.PumpSync'
  Output: {
    Application, 0x11c5217c0, pid: 75007, label: 'PumpSync'
  }
  ↪︎Find: Descendant with identity binding to AX element pid: 75007, elementOrHash.elementID: 4463102592.145
    Output: {
      StaticText, 0x11c51a080, {{80.0, 713.3}, {205.0, 38.0}}, label: 'Privacy, retention, and Health data flow'
    }

    t =    17.27s Find the Any (Descendant with identity binding to AX element pid: 75007, elementOrHash.elementID: 4463104832.148)
    t =    17.30s Requesting snapshot of accessibility hierarchy for app with pid 75007
    t =    17.34s Find: Descendant with identity binding to AX element pid: 75007, elementOrHash.elementID: 4463104832.148
    t =    17.43s Requesting snapshot of accessibility hierarchy for app with pid 75007
    t =    17.47s Find: Descendant with identity binding to AX element pid: 75007, elementOrHash.elementID: 4463104832.148
    t =    17.47s Requesting snapshot of accessibility hierarchy for app with pid 75007
AUDIT_ISSUE dark-02-settings | 1 | Contrast failed | Contrast failed for SwiftUI.AccessibilityNode | Attributes: StaticText, 0x107453ac0, {{80.0, 763.7}, {132.3, 20.3}}, label: 'About PumpSync'
Element subtree:
 →StaticText, 0x107453ac0, {{80.0, 763.7}, {132.3, 20.3}}, label: 'About PumpSync'
Path to element:
 →Application, 0x1070abe80, pid: 75007, label: 'PumpSync'
  ↳Window (Main), 0x1070abc00, {{0.0, 0.0}, {402.0, 874.0}}
   ↳Other, 0x1070ab840, {{0.0, 0.0}, {402.0, 874.0}}
    ↳Other, 0x1070abac0, {{0.0, 0.0}, {402.0, 874.0}}
     ↳Other, 0x1070ab980, {{0.0, 0.0}, {402.0, 874.0}}
      ↳Other, 0x1070ab700, {{0.0, 0.0}, {402.0, 874.0}}
       ↳Other, 0x1070aabc0, {{0.0, 0.0}, {402.0, 874.0}}
        ↳Other, 0x1070aad00, {{0.0, 0.0}, {402.0, 874.0}}
         ↳Other, 0x1070ab200, {{0.0, 0.0}, {402.0, 874.0}}
          ↳Other, 0x1070ab480, {{0.0, 0.0}, {402.0, 874.0}}
           ↳Other, 0x1070ab340, {{0.0, 0.0}, {402.0, 874.0}}
            ↳Other, 0x1070aaf80, {{0.0, 0.0}, {402.0, 874.0}}
             ↳Other, 0x1070aa080, {{0.0, 0.0}, {402.0, 874.0}}
              ↳Other, 0x1070aa940, {{0.0, 0.0}, {402.0, 874.0}}
               ↳Other, 0x1070a9f40, {{0.0, 0.0}, {402.0, 874.0}}
                ↳Other, 0x1070ab0c0, {{0.0, 0.0}, {402.0, 874.0}}
                 ↳Other, 0x1070aae40, {{0.0, 0.0}, {402.0, 874.0}}
                  ↳ScrollView, 0x107450000, {{0.0, 0.0}, {402.0, 874.0}}
                   ↳Other, 0x107450f00, {{0.0, 168.0}, {402.0, 826.7}}
                    ↳Button, 0x107453840, {{38.0, 763.7}, {326.0, 40.3}}, identifier: 'AboutPumpSyncLink', label: 'About PumpSync', value: How syncing works
                     ↳StaticText, 0x107453ac0, {{80.0, 763.7}, {132.3, 20.3}}, label: 'About PumpSync'
Query chain:
 →Find: Target Application 'dev.ericslutz.PumpSync'
  Output: {
    Application, 0x11c5217c0, pid: 75007, label: 'PumpSync'
  }
  ↪︎Find: Descendant with identity binding to AX element pid: 75007, elementOrHash.elementID: 4463104832.148
    Output: {
      StaticText, 0x11c51a580, {{80.0, 763.7}, {132.3, 20.3}}, label: 'About PumpSync'
    }

    t =    17.53s Find the Any (Descendant with identity binding to AX element pid: 75007, elementOrHash.elementID: 4463105280.149)
    t =    17.56s Requesting snapshot of accessibility hierarchy for app with pid 75007
    t =    17.60s Find: Descendant with identity binding to AX element pid: 75007, elementOrHash.elementID: 4463105280.149
    t =    17.70s Requesting snapshot of accessibility hierarchy for app with pid 75007
    t =    17.74s Find: Descendant with identity binding to AX element pid: 75007, elementOrHash.elementID: 4463105280.149
    t =    17.74s Requesting snapshot of accessibility hierarchy for app with pid 75007
AUDIT_ISSUE dark-02-settings | 1 | Contrast failed | Contrast failed for SwiftUI.AccessibilityNode | Attributes: StaticText, 0x107453c00, {{80.0, 786.0}, {132.0, 18.0}}, label: 'How syncing works'
Element subtree:
 →StaticText, 0x107453c00, {{80.0, 786.0}, {132.0, 18.0}}, label: 'How syncing works'
Path to element:
 →Application, 0x1070abe80, pid: 75007, label: 'PumpSync'
  ↳Window (Main), 0x1070abc00, {{0.0, 0.0}, {402.0, 874.0}}
   ↳Other, 0x1070ab840, {{0.0, 0.0}, {402.0, 874.0}}
    ↳Other, 0x1070abac0, {{0.0, 0.0}, {402.0, 874.0}}
     ↳Other, 0x1070ab980, {{0.0, 0.0}, {402.0, 874.0}}
      ↳Other, 0x1070ab700, {{0.0, 0.0}, {402.0, 874.0}}
       ↳Other, 0x1070aabc0, {{0.0, 0.0}, {402.0, 874.0}}
        ↳Other, 0x1070aad00, {{0.0, 0.0}, {402.0, 874.0}}
         ↳Other, 0x1070ab200, {{0.0, 0.0}, {402.0, 874.0}}
          ↳Other, 0x1070ab480, {{0.0, 0.0}, {402.0, 874.0}}
           ↳Other, 0x1070ab340, {{0.0, 0.0}, {402.0, 874.0}}
            ↳Other, 0x1070aaf80, {{0.0, 0.0}, {402.0, 874.0}}
             ↳Other, 0x1070aa080, {{0.0, 0.0}, {402.0, 874.0}}
              ↳Other, 0x1070ab0c0, {{0.0, 0.0}, {402.0, 874.0}}
               ↳Other, 0x1070aae40, {{0.0, 0.0}, {402.0, 874.0}}
                ↳Other, 0x1070aa800, {{0.0, 0.0}, {402.0, 874.0}}
                 ↳Other, 0x1070aaa80, {{0.0, 0.0}, {402.0, 874.0}}
                  ↳ScrollView, 0x107450000, {{0.0, 0.0}, {402.0, 874.0}}
                   ↳Other, 0x107450f00, {{0.0, 168.0}, {402.0, 826.7}}
                    ↳Button, 0x107453840, {{38.0, 763.7}, {326.0, 40.3}}, identifier: 'AboutPumpSyncLink', label: 'About PumpSync', value: How syncing works
                     ↳StaticText, 0x107453c00, {{80.0, 786.0}, {132.0, 18.0}}, label: 'How syncing works'
Query chain:
 →Find: Target Application 'dev.ericslutz.PumpSync'
  Output: {
    Application, 0x11c5217c0, pid: 75007, label: 'PumpSync'
  }
  ↪︎Find: Descendant with identity binding to AX element pid: 75007, elementOrHash.elementID: 4463105280.149
    Output: {
      StaticText, 0x11c51a6c0, {{80.0, 786.0}, {132.0, 18.0}}, label: 'How syncing works'
    }

    t =    17.80s Find the Any (Descendant with identity binding to AX element pid: 75007, elementOrHash.elementID: 4463107072.152)
    t =    17.83s Requesting snapshot of accessibility hierarchy for app with pid 75007
    t =    17.87s Find: Descendant with identity binding to AX element pid: 75007, elementOrHash.elementID: 4463107072.152
    t =    17.96s Requesting snapshot of accessibility hierarchy for app with pid 75007
    t =    18.01s Find: Descendant with identity binding to AX element pid: 75007, elementOrHash.elementID: 4463107072.152
    t =    18.01s Requesting snapshot of accessibility hierarchy for app with pid 75007
AUDIT_ISSUE dark-02-settings | 1 | Contrast failed | Contrast failed for SwiftUI.AccessibilityNode | Attributes: StaticText, 0x114ba0140, {{80.0, 816.3}, {77.7, 20.3}}, label: 'Developer'
Element subtree:
 →StaticText, 0x114ba0140, {{80.0, 816.3}, {77.7, 20.3}}, label: 'Developer'
Path to element:
 →Application, 0x1070abe80, pid: 75007, label: 'PumpSync'
  ↳Window (Main), 0x1070abc00, {{0.0, 0.0}, {402.0, 874.0}}
   ↳Other, 0x1070ab840, {{0.0, 0.0}, {402.0, 874.0}}
    ↳Other, 0x1070abac0, {{0.0, 0.0}, {402.0, 874.0}}
     ↳Other, 0x1070ab980, {{0.0, 0.0}, {402.0, 874.0}}
      ↳Other, 0x1070ab700, {{0.0, 0.0}, {402.0, 874.0}}
       ↳Other, 0x1070aabc0, {{0.0, 0.0}, {402.0, 874.0}}
        ↳Other, 0x1070aad00, {{0.0, 0.0}, {402.0, 874.0}}
         ↳Other, 0x1070ab200, {{0.0, 0.0}, {402.0, 874.0}}
          ↳Other, 0x1070ab480, {{0.0, 0.0}, {402.0, 874.0}}
           ↳Other, 0x1070ab340, {{0.0, 0.0}, {402.0, 874.0}}
            ↳Other, 0x1070aaf80, {{0.0, 0.0}, {402.0, 874.0}}
             ↳Other, 0x1070aa080, {{0.0, 0.0}, {402.0, 874.0}}
              ↳Other, 0x1070aa800, {{0.0, 0.0}, {402.0, 874.0}}
               ↳Other, 0x1070aaa80, {{0.0, 0.0}, {402.0, 874.0}}
                ↳Other, 0x1070aa940, {{0.0, 0.0}, {402.0, 874.0}}
                 ↳Other, 0x1070a9f40, {{0.0, 0.0}, {402.0, 874.0}}
                  ↳ScrollView, 0x107450000, {{0.0, 0.0}, {402.0, 874.0}}
                   ↳Other, 0x107450f00, {{0.0, 168.0}, {402.0, 826.7}}
                    ↳Button, 0x107453e80, {{38.0, 816.3}, {326.0, 40.3}}, identifier: 'DeveloperLink', label: 'Developer', value: Diagnostics, build...
                     ↳StaticText, 0x114ba0140, {{80.0, 816.3}, {77.7, 20.3}}, label: 'Developer'
Query chain:
 →Find: Target Application 'dev.ericslutz.PumpSync'
  Output: {
    Application, 0x11c5217c0, pid: 75007, label: 'PumpSync'
  }
  ↪︎Find: Descendant with identity binding to AX element pid: 75007, elementOrHash.elementID: 4463107072.152
    Output: {
      StaticText, 0x11c51abc0, {{80.0, 816.3}, {77.7, 20.3}}, label: 'Developer'
    }

    t =    18.06s Find the Any (Descendant with identity binding to AX element pid: 75007, elementOrHash.elementID: 4463107520.153)
    t =    18.09s Requesting snapshot of accessibility hierarchy for app with pid 75007
    t =    18.14s Find: Descendant with identity binding to AX element pid: 75007, elementOrHash.elementID: 4463107520.153
    t =    18.23s Requesting snapshot of accessibility hierarchy for app with pid 75007
    t =    18.28s Find: Descendant with identity binding to AX element pid: 75007, elementOrHash.elementID: 4463107520.153
    t =    18.28s Requesting snapshot of accessibility hierarchy for app with pid 75007
AUDIT_ISSUE dark-02-settings | 1 | Contrast failed | Contrast failed for SwiftUI.AccessibilityNode | Attributes: StaticText, 0x114ba0280, {{80.0, 838.7}, {241.0, 18.0}}, label: 'Diagnostics, build, and sync details'
Element subtree:
 →StaticText, 0x114ba0280, {{80.0, 838.7}, {241.0, 18.0}}, label: 'Diagnostics, build, and sync details'
Path to element:
 →Application, 0x1070abe80, pid: 75007, label: 'PumpSync'
  ↳Window (Main), 0x1070abc00, {{0.0, 0.0}, {402.0, 874.0}}
   ↳Other, 0x1070ab840, {{0.0, 0.0}, {402.0, 874.0}}
    ↳Other, 0x1070abac0, {{0.0, 0.0}, {402.0, 874.0}}
     ↳Other, 0x1070ab980, {{0.0, 0.0}, {402.0, 874.0}}
      ↳Other, 0x1070ab700, {{0.0, 0.0}, {402.0, 874.0}}
       ↳Other, 0x1070aabc0, {{0.0, 0.0}, {402.0, 874.0}}
        ↳Other, 0x1070aad00, {{0.0, 0.0}, {402.0, 874.0}}
         ↳Other, 0x1070ab200, {{0.0, 0.0}, {402.0, 874.0}}
          ↳Other, 0x1070ab480, {{0.0, 0.0}, {402.0, 874.0}}
           ↳Other, 0x1070ab340, {{0.0, 0.0}, {402.0, 874.0}}
            ↳Other, 0x1070aaf80, {{0.0, 0.0}, {402.0, 874.0}}
             ↳Other, 0x1070aa080, {{0.0, 0.0}, {402.0, 874.0}}
              ↳Other, 0x1070aa940, {{0.0, 0.0}, {402.0, 874.0}}
               ↳Other, 0x1070a9f40, {{0.0, 0.0}, {402.0, 874.0}}
                ↳Other, 0x1070ab0c0, {{0.0, 0.0}, {402.0, 874.0}}
                 ↳Other, 0x1070aae40, {{0.0, 0.0}, {402.0, 874.0}}
                  ↳ScrollView, 0x107450000, {{0.0, 0.0}, {402.0, 874.0}}
                   ↳Other, 0x107450f00, {{0.0, 168.0}, {402.0, 826.7}}
                    ↳Button, 0x107453e80, {{38.0, 816.3}, {326.0, 40.3}}, identifier: 'DeveloperLink', label: 'Developer', value: Diagnostics, build...
                     ↳StaticText, 0x114ba0280, {{80.0, 838.7}, {241.0, 18.0}}, label: 'Diagnostics, build, and sync details'
Query chain:
 →Find: Target Application 'dev.ericslutz.PumpSync'
  Output: {
    Application, 0x11c5217c0, pid: 75007, label: 'PumpSync'
  }
  ↪︎Find: Descendant with identity binding to AX element pid: 75007, elementOrHash.elementID: 4463107520.153
    Output: {
      StaticText, 0x11c51ad00, {{80.0, 838.7}, {241.0, 18.0}}, label: 'Diagnostics, build, and sync details'
    }

    t =    18.33s Find the "TandemAccountLink" Button
    t =    18.38s Find the "TandemAccountLink" Button
    t =    18.44s Tap "TandemAccountLink" Button
    t =    18.44s     Wait for dev.ericslutz.PumpSync to idle
    t =    18.44s     Find the "TandemAccountLink" Button
    t =    18.48s     Check for interrupting elements affecting "TandemAccountLink" Button
    t =    18.51s     Synthesize event
    t =    18.81s     Wait for dev.ericslutz.PumpSync to idle
    t =    19.80s Find the Target Application 'dev.ericslutz.PumpSync'
    t =    20.02s Added attachment named 'dark-tandem.png'
    t =    20.02s Requesting snapshot of accessibility hierarchy for app with pid 75007
    t =    20.17s Requesting snapshot of accessibility hierarchy for app with pid 75007
    t =    20.21s Added attachment named 'dark-tandem-tree.txt'
    t =    22.19s Find the Any (Descendant with identity binding to AX element pid: 75007, elementOrHash.elementID: 4463242176.171)
    t =    22.23s Requesting snapshot of accessibility hierarchy for app with pid 75007
    t =    22.29s Find: Descendant with identity binding to AX element pid: 75007, elementOrHash.elementID: 4463242176.171
    t =    22.89s Requesting snapshot of accessibility hierarchy for app with pid 75007
    t =    22.95s Find: Descendant with identity binding to AX element pid: 75007, elementOrHash.elementID: 4463242176.171
    t =    22.95s Requesting snapshot of accessibility hierarchy for app with pid 75007
AUDIT_ISSUE dark-tandem | 1 | Contrast nearly passed | Contrast is not high enough for SwiftUI.AccessibilityNode unless font size is larger. | Attributes: StaticText, 0x107097c00, {{24.0, 180.0}, {123.7, 20.3}}, label: 'Tandem Source'
Element subtree:
 →StaticText, 0x107097c00, {{24.0, 180.0}, {123.7, 20.3}}, label: 'Tandem Source'
Path to element:
 →Application, 0x107094dc0, pid: 75007, label: 'PumpSync'
  ↳Window (Main), 0x107095540, {{0.0, 0.0}, {402.0, 874.0}}
   ↳Other, 0x107095680, {{0.0, 0.0}, {402.0, 874.0}}
    ↳Other, 0x107095900, {{0.0, 0.0}, {402.0, 874.0}}
     ↳Other, 0x107094c80, {{0.0, 0.0}, {402.0, 874.0}}
      ↳Other, 0x107097200, {{0.0, 0.0}, {402.0, 874.0}}
       ↳Other, 0x107097340, {{0.0, 0.0}, {402.0, 874.0}}
        ↳Other, 0x107097480, {{0.0, 0.0}, {402.0, 874.0}}
         ↳Other, 0x107095040, {{0.0, 0.0}, {402.0, 874.0}}
          ↳Other, 0x107096800, {{0.0, 0.0}, {402.0, 874.0}}
           ↳Other, 0x107096940, {{0.0, 0.0}, {402.0, 874.0}}
            ↳Other, 0x1070943c0, {{0.0, 0.0}, {402.0, 874.0}}
             ↳Other, 0x107094500, {{0.0, 0.0}, {402.0, 874.0}}
              ↳Other, 0x107095180, {{0.0, 0.0}, {402.0, 874.0}}
               ↳Other, 0x107095cc0, {{0.0, 0.0}, {402.0, 874.0}}
                ↳Other, 0x107094f00, {{0.0, 0.0}, {402.0, 874.0}}
                 ↳Other, 0x107094000, {{0.0, 0.0}, {402.0, 874.0}}
                  ↳ScrollView, 0x107094780, {{0.0, 0.0}, {402.0, 874.0}}
                   ↳Other, 0x107097980, {{0.0, 168.0}, {402.0, 434.3}}
                    ↳StaticText, 0x107097c00, {{24.0, 180.0}, {123.7, 20.3}}, label: 'Tandem Source'
Query chain:
 →Find: Target Application 'dev.ericslutz.PumpSync'
  Output: {
    Application, 0x114ba2580, pid: 75007, label: 'PumpSync'
  }
  ↪︎Find: Descendant with identity binding to AX element pid: 75007, elementOrHash.elementID: 4463242176.171
    Output: {
      StaticText, 0x107095f40, {{24.0, 180.0}, {123.7, 20.3}}, label: 'Tandem Source'
    }

    t =    23.02s Find the Any (Descendant with identity binding to AX element pid: 75007, elementOrHash.elementID: 4463131968.180)
    t =    23.08s Requesting snapshot of accessibility hierarchy for app with pid 75007
    t =    23.13s Find: Descendant with identity binding to AX element pid: 75007, elementOrHash.elementID: 4463131968.180
    t =    23.41s Requesting snapshot of accessibility hierarchy for app with pid 75007
    t =    23.48s Find: Descendant with identity binding to AX element pid: 75007, elementOrHash.elementID: 4463131968.180
    t =    23.49s Requesting snapshot of accessibility hierarchy for app with pid 75007
AUDIT_ISSUE dark-tandem | 1 | Contrast failed | Contrast failed for SwiftUI.AccessibilityNode | Attributes: StaticText, 0x107450000, {{80.0, 442.2}, {127.7, 20.3}}, label: 'Save Credentials', Disabled
Element subtree:
 →StaticText, 0x107450000, {{80.0, 442.2}, {127.7, 20.3}}, label: 'Save Credentials', Disabled
Path to element:
 →Application, 0x107094dc0, pid: 75007, label: 'PumpSync'
  ↳Window (Main), 0x107095540, {{0.0, 0.0}, {402.0, 874.0}}
   ↳Other, 0x107095680, {{0.0, 0.0}, {402.0, 874.0}}
    ↳Other, 0x107095900, {{0.0, 0.0}, {402.0, 874.0}}
     ↳Other, 0x107094c80, {{0.0, 0.0}, {402.0, 874.0}}
      ↳Other, 0x107097200, {{0.0, 0.0}, {402.0, 874.0}}
       ↳Other, 0x107097340, {{0.0, 0.0}, {402.0, 874.0}}
        ↳Other, 0x107097480, {{0.0, 0.0}, {402.0, 874.0}}
         ↳Other, 0x107095040, {{0.0, 0.0}, {402.0, 874.0}}
          ↳Other, 0x107096800, {{0.0, 0.0}, {402.0, 874.0}}
           ↳Other, 0x107096940, {{0.0, 0.0}, {402.0, 874.0}}
            ↳Other, 0x1070943c0, {{0.0, 0.0}, {402.0, 874.0}}
             ↳Other, 0x107094500, {{0.0, 0.0}, {402.0, 874.0}}
              ↳Other, 0x107094000, {{0.0, 0.0}, {402.0, 874.0}}
               ↳Other, 0x107094780, {{0.0, 0.0}, {402.0, 874.0}}
                ↳Other, 0x107097980, {{0.0, 0.0}, {402.0, 874.0}}
                 ↳Other, 0x107096a80, {{0.0, 0.0}, {402.0, 874.0}}
                  ↳ScrollView, 0x107096f80, {{0.0, 0.0}, {402.0, 874.0}}
                   ↳Other, 0x107095e00, {{0.0, 168.0}, {402.0, 434.3}}
                    ↳Button, 0x107096e40, {{20.0, 422.3}, {362.0, 60.0}}, label: 'Save Credentials', Disabled
                     ↳StaticText, 0x107450000, {{80.0, 442.2}, {127.7, 20.3}}, label: 'Save Credentials', Disabled
Query chain:
 →Find: Target Application 'dev.ericslutz.PumpSync'
  Output: {
    Application, 0x114ba2580, pid: 75007, label: 'PumpSync'
  }
  ↪︎Find: Descendant with identity binding to AX element pid: 75007, elementOrHash.elementID: 4463131968.180
    Output: {
      StaticText, 0x107094b40, {{80.0, 442.2}, {127.7, 20.3}}, label: 'Save Credentials', Disabled
    }

    t =    23.57s Tap Button (First Match)
    t =    23.57s     Wait for dev.ericslutz.PumpSync to idle
    t =    23.58s     Find the Button (First Match)
    t =    23.64s     Check for interrupting elements affecting "BackButton" Button
    t =    23.69s     Synthesize event
    t =    24.04s     Wait for dev.ericslutz.PumpSync to idle
    t =    24.68s Find the "AppleHealthLink" Button
    t =    24.74s Find the "AppleHealthLink" Button
    t =    24.80s Tap "AppleHealthLink" Button
    t =    24.80s     Wait for dev.ericslutz.PumpSync to idle
    t =    24.81s     Find the "AppleHealthLink" Button
    t =    24.85s     Check for interrupting elements affecting "AppleHealthLink" Button
    t =    24.88s     Synthesize event
    t =    25.18s     Wait for dev.ericslutz.PumpSync to idle
    t =    26.03s Find the Target Application 'dev.ericslutz.PumpSync'
    t =    26.18s Added attachment named 'dark-health.png'
    t =    26.19s Requesting snapshot of accessibility hierarchy for app with pid 75007
    t =    26.38s Requesting snapshot of accessibility hierarchy for app with pid 75007
    t =    26.44s Added attachment named 'dark-health-tree.txt'
    t =    28.60s Find the Any (Descendant with identity binding to AX element pid: 75007, elementOrHash.elementID: 4463194368.200)
    t =    28.63s Requesting snapshot of accessibility hierarchy for app with pid 75007
    t =    28.67s Find: Descendant with identity binding to AX element pid: 75007, elementOrHash.elementID: 4463194368.200
    t =    28.75s Requesting snapshot of accessibility hierarchy for app with pid 75007
    t =    28.79s Find: Descendant with identity binding to AX element pid: 75007, elementOrHash.elementID: 4463194368.200
    t =    28.79s Requesting snapshot of accessibility hierarchy for app with pid 75007
AUDIT_ISSUE dark-health | 1 | Contrast nearly passed | Contrast is not high enough for SwiftUI.AccessibilityNode unless font size is larger. | Attributes: StaticText, 0x107450f00, {{24.0, 180.0}, {354.0, 64.3}}, label: 'PumpSync writes insulin delivery and carbohydrate samples to Apple Health. It does not read other Health data.'
Element subtree:
 →StaticText, 0x107450f00, {{24.0, 180.0}, {354.0, 64.3}}, label: 'PumpSync writes insulin delivery and carbohydrate samples to Apple Health. It does not read other Health data.'
Path to element:
 →Application, 0x1070abe80, pid: 75007, label: 'PumpSync'
  ↳Window (Main), 0x1070ab980, {{0.0, 0.0}, {402.0, 874.0}}
   ↳Other, 0x1070abd40, {{0.0, 0.0}, {402.0, 874.0}}
    ↳Other, 0x1070abc00, {{0.0, 0.0}, {402.0, 874.0}}
     ↳Other, 0x1070abac0, {{0.0, 0.0}, {402.0, 874.0}}
      ↳Other, 0x1070ab840, {{0.0, 0.0}, {402.0, 874.0}}
       ↳Other, 0x1070ab700, {{0.0, 0.0}, {402.0, 874.0}}
        ↳Other, 0x1070aabc0, {{0.0, 0.0}, {402.0, 874.0}}
         ↳Other, 0x1070aad00, {{0.0, 0.0}, {402.0, 874.0}}
          ↳Other, 0x1070ab200, {{0.0, 0.0}, {402.0, 874.0}}
           ↳Other, 0x1070ab480, {{0.0, 0.0}, {402.0, 874.0}}
            ↳Other, 0x1070ab340, {{0.0, 0.0}, {402.0, 874.0}}
             ↳Other, 0x1070aaf80, {{0.0, 0.0}, {402.0, 874.0}}
              ↳Other, 0x1070aaa80, {{0.0, 0.0}, {402.0, 874.0}}
               ↳Other, 0x1070aa940, {{0.0, 0.0}, {402.0, 874.0}}
                ↳Other, 0x1070a9e00, {{0.0, 0.0}, {402.0, 874.0}}
                 ↳Other, 0x1070aa080, {{0.0, 0.0}, {402.0, 874.0}}
                  ↳ScrollView, 0x1070a9f40, {{0.0, 0.0}, {402.0, 874.0}}
                   ↳Other, 0x107450dc0, {{0.0, 168.0}, {402.0, 667.7}}
                    ↳StaticText, 0x107450f00, {{24.0, 180.0}, {354.0, 64.3}}, label: 'PumpSync writes insulin delivery and carbohydrate samples to Apple Health. It does not read other Health data.'
Query chain:
 →Find: Target Application 'dev.ericslutz.PumpSync'
  Output: {
    Application, 0x11c51a1c0, pid: 75007, label: 'PumpSync'
  }
  ↪︎Find: Descendant with identity binding to AX element pid: 75007, elementOrHash.elementID: 4463194368.200
    Output: {
      StaticText, 0x114ba3980, {{24.0, 180.0}, {354.0, 64.3}}, label: 'PumpSync writes insulin delivery and carbohydrate samples to Apple Health. It does not read other Health data.'
    }

    t =    28.84s Find the Any (Descendant with identity binding to AX element pid: 75007, elementOrHash.elementID: 4463193472.201)
    t =    28.87s Requesting snapshot of accessibility hierarchy for app with pid 75007
    t =    28.91s Find: Descendant with identity binding to AX element pid: 75007, elementOrHash.elementID: 4463193472.201
    t =    28.98s Requesting snapshot of accessibility hierarchy for app with pid 75007
    t =    29.03s Find: Descendant with identity binding to AX element pid: 75007, elementOrHash.elementID: 4463193472.201
    t =    29.03s Requesting snapshot of accessibility hierarchy for app with pid 75007
AUDIT_ISSUE dark-health | 1 | Contrast nearly passed | Contrast is not high enough for SwiftUI.AccessibilityNode unless font size is larger. | Attributes: StaticText, 0x107451040, {{24.0, 268.3}, {143.7, 20.3}}, label: 'Write Permissions'
Element subtree:
 →StaticText, 0x107451040, {{24.0, 268.3}, {143.7, 20.3}}, label: 'Write Permissions'
Path to element:
 →Application, 0x1070abe80, pid: 75007, label: 'PumpSync'
  ↳Window (Main), 0x1070ab980, {{0.0, 0.0}, {402.0, 874.0}}
   ↳Other, 0x1070abd40, {{0.0, 0.0}, {402.0, 874.0}}
    ↳Other, 0x1070abc00, {{0.0, 0.0}, {402.0, 874.0}}
     ↳Other, 0x1070abac0, {{0.0, 0.0}, {402.0, 874.0}}
      ↳Other, 0x1070ab840, {{0.0, 0.0}, {402.0, 874.0}}
       ↳Other, 0x1070ab700, {{0.0, 0.0}, {402.0, 874.0}}
        ↳Other, 0x1070aabc0, {{0.0, 0.0}, {402.0, 874.0}}
         ↳Other, 0x1070aad00, {{0.0, 0.0}, {402.0, 874.0}}
          ↳Other, 0x1070ab200, {{0.0, 0.0}, {402.0, 874.0}}
           ↳Other, 0x1070ab480, {{0.0, 0.0}, {402.0, 874.0}}
            ↳Other, 0x1070ab340, {{0.0, 0.0}, {402.0, 874.0}}
             ↳Other, 0x1070aaf80, {{0.0, 0.0}, {402.0, 874.0}}
              ↳Other, 0x1070aa080, {{0.0, 0.0}, {402.0, 874.0}}
               ↳Other, 0x1070a9f40, {{0.0, 0.0}, {402.0, 874.0}}
                ↳Other, 0x1070ab0c0, {{0.0, 0.0}, {402.0, 874.0}}
                 ↳Other, 0x1070aa800, {{0.0, 0.0}, {402.0, 874.0}}
                  ↳ScrollView, 0x1070aae40, {{0.0, 0.0}, {402.0, 874.0}}
                   ↳Other, 0x107450dc0, {{0.0, 168.0}, {402.0, 667.7}}
                    ↳StaticText, 0x107451040, {{24.0, 268.3}, {143.7, 20.3}}, label: 'Write Permissions'
Query chain:
 →Find: Target Application 'dev.ericslutz.PumpSync'
  Output: {
    Application, 0x11c51a1c0, pid: 75007, label: 'PumpSync'
  }
  ↪︎Find: Descendant with identity binding to AX element pid: 75007, elementOrHash.elementID: 4463193472.201
    Output: {
      StaticText, 0x114ba3ac0, {{24.0, 268.3}, {143.7, 20.3}}, label: 'Write Permissions'
    }

    t =    29.08s Find the Any (Descendant with identity binding to AX element pid: 75007, elementOrHash.elementID: 4463131520.204)
    t =    29.11s Requesting snapshot of accessibility hierarchy for app with pid 75007
    t =    29.15s Find: Descendant with identity binding to AX element pid: 75007, elementOrHash.elementID: 4463131520.204
    t =    29.23s Requesting snapshot of accessibility hierarchy for app with pid 75007
    t =    29.27s Find: Descendant with identity binding to AX element pid: 75007, elementOrHash.elementID: 4463131520.204
    t =    29.27s Requesting snapshot of accessibility hierarchy for app with pid 75007
AUDIT_ISSUE dark-health | 1 | Contrast nearly passed | Contrast is not high enough for SwiftUI.AccessibilityNode unless font size is larger. | Attributes: Button, 0x107451b80, {{20.0, 449.7}, {362.0, 50.3}}, label: 'Allow Access to Health'
Element subtree:
 →Button, 0x107451b80, {{20.0, 449.7}, {362.0, 50.3}}, label: 'Allow Access to Health'
Path to element:
 →Application, 0x1070abe80, pid: 75007, label: 'PumpSync'
  ↳Window (Main), 0x1070ab980, {{0.0, 0.0}, {402.0, 874.0}}
   ↳Other, 0x1070abd40, {{0.0, 0.0}, {402.0, 874.0}}
    ↳Other, 0x1070abc00, {{0.0, 0.0}, {402.0, 874.0}}
     ↳Other, 0x1070abac0, {{0.0, 0.0}, {402.0, 874.0}}
      ↳Other, 0x1070ab840, {{0.0, 0.0}, {402.0, 874.0}}
       ↳Other, 0x1070ab700, {{0.0, 0.0}, {402.0, 874.0}}
        ↳Other, 0x1070aabc0, {{0.0, 0.0}, {402.0, 874.0}}
         ↳Other, 0x1070aad00, {{0.0, 0.0}, {402.0, 874.0}}
          ↳Other, 0x1070ab200, {{0.0, 0.0}, {402.0, 874.0}}
           ↳Other, 0x1070ab480, {{0.0, 0.0}, {402.0, 874.0}}
            ↳Other, 0x1070ab340, {{0.0, 0.0}, {402.0, 874.0}}
             ↳Other, 0x1070aaf80, {{0.0, 0.0}, {402.0, 874.0}}
              ↳Other, 0x1070aa800, {{0.0, 0.0}, {402.0, 874.0}}
               ↳Other, 0x1070aae40, {{0.0, 0.0}, {402.0, 874.0}}
                ↳Other, 0x1070aaa80, {{0.0, 0.0}, {402.0, 874.0}}
                 ↳Other, 0x1070a9e00, {{0.0, 0.0}, {402.0, 874.0}}
                  ↳ScrollView, 0x1070aa940, {{0.0, 0.0}, {402.0, 874.0}}
                   ↳Other, 0x107450dc0, {{0.0, 168.0}, {402.0, 667.7}}
                    ↳Button, 0x107451b80, {{20.0, 449.7}, {362.0, 50.3}}, label: 'Allow Access to Health'
Query chain:
 →Find: Target Application 'dev.ericslutz.PumpSync'
  Output: {
    Application, 0x11c51a1c0, pid: 75007, label: 'PumpSync'
  }
  ↪︎Find: Descendant with identity binding to AX element pid: 75007, elementOrHash.elementID: 4463131520.204
    Output: {
      Button, 0x1070a92c0, {{20.0, 449.7}, {362.0, 50.3}}, label: 'Allow Access to Health'
    }

    t =    29.32s Find the Any (Descendant with identity binding to AX element pid: 75007, elementOrHash.elementID: 4463161600.205)
    t =    29.35s Requesting snapshot of accessibility hierarchy for app with pid 75007
    t =    29.39s Find: Descendant with identity binding to AX element pid: 75007, elementOrHash.elementID: 4463161600.205
    t =    29.46s Requesting snapshot of accessibility hierarchy for app with pid 75007
    t =    29.50s Find: Descendant with identity binding to AX element pid: 75007, elementOrHash.elementID: 4463161600.205
    t =    29.50s Requesting snapshot of accessibility hierarchy for app with pid 75007
AUDIT_ISSUE dark-health | 1 | Contrast nearly passed | Contrast is not high enough for SwiftUI.AccessibilityNode unless font size is larger. | Attributes: StaticText, 0x107451cc0, {{24.0, 524.0}, {122.7, 20.3}}, label: 'Change Access'
Element subtree:
 →StaticText, 0x107451cc0, {{24.0, 524.0}, {122.7, 20.3}}, label: 'Change Access'
Path to element:
 →Application, 0x1070abe80, pid: 75007, label: 'PumpSync'
  ↳Window (Main), 0x1070ab980, {{0.0, 0.0}, {402.0, 874.0}}
   ↳Other, 0x1070abd40, {{0.0, 0.0}, {402.0, 874.0}}
    ↳Other, 0x1070abc00, {{0.0, 0.0}, {402.0, 874.0}}
     ↳Other, 0x1070abac0, {{0.0, 0.0}, {402.0, 874.0}}
      ↳Other, 0x1070ab840, {{0.0, 0.0}, {402.0, 874.0}}
       ↳Other, 0x1070ab700, {{0.0, 0.0}, {402.0, 874.0}}
        ↳Other, 0x1070aabc0, {{0.0, 0.0}, {402.0, 874.0}}
         ↳Other, 0x1070aad00, {{0.0, 0.0}, {402.0, 874.0}}
          ↳Other, 0x1070ab200, {{0.0, 0.0}, {402.0, 874.0}}
           ↳Other, 0x1070ab480, {{0.0, 0.0}, {402.0, 874.0}}
            ↳Other, 0x1070ab340, {{0.0, 0.0}, {402.0, 874.0}}
             ↳Other, 0x1070aaf80, {{0.0, 0.0}, {402.0, 874.0}}
              ↳Other, 0x1070a9e00, {{0.0, 0.0}, {402.0, 874.0}}
               ↳Other, 0x1070aa940, {{0.0, 0.0}, {402.0, 874.0}}
                ↳Other, 0x1070aa080, {{0.0, 0.0}, {402.0, 874.0}}
                 ↳Other, 0x1070ab0c0, {{0.0, 0.0}, {402.0, 874.0}}
                  ↳ScrollView, 0x1070a9f40, {{0.0, 0.0}, {402.0, 874.0}}
                   ↳Other, 0x107450dc0, {{0.0, 168.0}, {402.0, 667.7}}
                    ↳StaticText, 0x107451cc0, {{24.0, 524.0}, {122.7, 20.3}}, label: 'Change Access'
Query chain:
 →Find: Target Application 'dev.ericslutz.PumpSync'
  Output: {
    Application, 0x11c51a1c0, pid: 75007, label: 'PumpSync'
  }
  ↪︎Find: Descendant with identity binding to AX element pid: 75007, elementOrHash.elementID: 4463161600.205
    Output: {
      StaticText, 0x1070aa1c0, {{24.0, 524.0}, {122.7, 20.3}}, label: 'Change Access'
    }

    t =    29.55s Find the Any (Descendant with identity binding to AX element pid: 75007, elementOrHash.elementID: 4463158464.206)
    t =    29.58s Requesting snapshot of accessibility hierarchy for app with pid 75007
    t =    29.62s Find: Descendant with identity binding to AX element pid: 75007, elementOrHash.elementID: 4463158464.206
    t =    29.70s Requesting snapshot of accessibility hierarchy for app with pid 75007
    t =    29.74s Find: Descendant with identity binding to AX element pid: 75007, elementOrHash.elementID: 4463158464.206
    t =    29.75s Requesting snapshot of accessibility hierarchy for app with pid 75007
AUDIT_ISSUE dark-health | 1 | Contrast nearly passed | Contrast is not high enough for SwiftUI.AccessibilityNode unless font size is larger. | Attributes: StaticText, 0x107451e00, {{44.3, 566.3}, {7.3, 18.0}}, label: '1'
Element subtree:
 →StaticText, 0x107451e00, {{44.3, 566.3}, {7.3, 18.0}}, label: '1'
Path to element:
 →Application, 0x1070abe80, pid: 75007, label: 'PumpSync'
  ↳Window (Main), 0x1070ab980, {{0.0, 0.0}, {402.0, 874.0}}
   ↳Other, 0x1070abd40, {{0.0, 0.0}, {402.0, 874.0}}
    ↳Other, 0x1070abc00, {{0.0, 0.0}, {402.0, 874.0}}
     ↳Other, 0x1070abac0, {{0.0, 0.0}, {402.0, 874.0}}
      ↳Other, 0x1070ab840, {{0.0, 0.0}, {402.0, 874.0}}
       ↳Other, 0x1070ab700, {{0.0, 0.0}, {402.0, 874.0}}
        ↳Other, 0x1070aabc0, {{0.0, 0.0}, {402.0, 874.0}}
         ↳Other, 0x1070aad00, {{0.0, 0.0}, {402.0, 874.0}}
          ↳Other, 0x1070ab200, {{0.0, 0.0}, {402.0, 874.0}}
           ↳Other, 0x1070ab480, {{0.0, 0.0}, {402.0, 874.0}}
            ↳Other, 0x1070ab340, {{0.0, 0.0}, {402.0, 874.0}}
             ↳Other, 0x1070aaf80, {{0.0, 0.0}, {402.0, 874.0}}
              ↳Other, 0x1070ab0c0, {{0.0, 0.0}, {402.0, 874.0}}
               ↳Other, 0x1070a9f40, {{0.0, 0.0}, {402.0, 874.0}}
                ↳Other, 0x1070aa800, {{0.0, 0.0}, {402.0, 874.0}}
                 ↳Other, 0x1070aaa80, {{0.0, 0.0}, {402.0, 874.0}}
                  ↳ScrollView, 0x1070aae40, {{0.0, 0.0}, {402.0, 874.0}}
                   ↳Other, 0x107450dc0, {{0.0, 168.0}, {402.0, 667.7}}
                    ↳StaticText, 0x107451e00, {{44.3, 566.3}, {7.3, 18.0}}, label: '1'
Query chain:
 →Find: Target Application 'dev.ericslutz.PumpSync'
  Output: {
    Application, 0x11c51a1c0, pid: 75007, label: 'PumpSync'
  }
  ↪︎Find: Descendant with identity binding to AX element pid: 75007, elementOrHash.elementID: 4463158464.206
    Output: {
      StaticText, 0x1070a9400, {{44.3, 566.3}, {7.3, 18.0}}, label: '1'
    }

    t =    29.80s Find the Any (Descendant with identity binding to AX element pid: 75007, elementOrHash.elementID: 4463160704.207)
    t =    29.83s Requesting snapshot of accessibility hierarchy for app with pid 75007
    t =    29.87s Find: Descendant with identity binding to AX element pid: 75007, elementOrHash.elementID: 4463160704.207
    t =    29.95s Requesting snapshot of accessibility hierarchy for app with pid 75007
    t =    29.99s Find: Descendant with identity binding to AX element pid: 75007, elementOrHash.elementID: 4463160704.207
    t =    30.00s Requesting snapshot of accessibility hierarchy for app with pid 75007
AUDIT_ISSUE dark-health | 1 | Contrast nearly passed | Contrast is not high enough for SwiftUI.AccessibilityNode unless font size is larger. | Attributes: StaticText, 0x107451f40, {{70.0, 564.3}, {113.3, 20.3}}, label: 'Open Settings.'
Element subtree:
 →StaticText, 0x107451f40, {{70.0, 564.3}, {113.3, 20.3}}, label: 'Open Settings.'
Path to element:
 →Application, 0x1070abe80, pid: 75007, label: 'PumpSync'
  ↳Window (Main), 0x1070ab980, {{0.0, 0.0}, {402.0, 874.0}}
   ↳Other, 0x1070abd40, {{0.0, 0.0}, {402.0, 874.0}}
    ↳Other, 0x1070abc00, {{0.0, 0.0}, {402.0, 874.0}}
     ↳Other, 0x1070abac0, {{0.0, 0.0}, {402.0, 874.0}}
      ↳Other, 0x1070ab840, {{0.0, 0.0}, {402.0, 874.0}}
       ↳Other, 0x1070ab700, {{0.0, 0.0}, {402.0, 874.0}}
        ↳Other, 0x1070aabc0, {{0.0, 0.0}, {402.0, 874.0}}
         ↳Other, 0x1070aad00, {{0.0, 0.0}, {402.0, 874.0}}
          ↳Other, 0x1070ab200, {{0.0, 0.0}, {402.0, 874.0}}
           ↳Other, 0x1070ab480, {{0.0, 0.0}, {402.0, 874.0}}
            ↳Other, 0x1070ab340, {{0.0, 0.0}, {402.0, 874.0}}
             ↳Other, 0x1070aaf80, {{0.0, 0.0}, {402.0, 874.0}}
              ↳Other, 0x1070aaa80, {{0.0, 0.0}, {402.0, 874.0}}
               ↳Other, 0x1070aae40, {{0.0, 0.0}, {402.0, 874.0}}
                ↳Other, 0x1070a9e00, {{0.0, 0.0}, {402.0, 874.0}}
                 ↳Other, 0x1070aa080, {{0.0, 0.0}, {402.0, 874.0}}
                  ↳ScrollView, 0x1070aa940, {{0.0, 0.0}, {402.0, 874.0}}
                   ↳Other, 0x107450dc0, {{0.0, 168.0}, {402.0, 667.7}}
                    ↳StaticText, 0x107451f40, {{70.0, 564.3}, {113.3, 20.3}}, label: 'Open Settings.'
Query chain:
 →Find: Target Application 'dev.ericslutz.PumpSync'
  Output: {
    Application, 0x11c51a1c0, pid: 75007, label: 'PumpSync'
  }
  ↪︎Find: Descendant with identity binding to AX element pid: 75007, elementOrHash.elementID: 4463160704.207
    Output: {
      StaticText, 0x1070a9b80, {{70.0, 564.3}, {113.3, 20.3}}, label: 'Open Settings.'
    }

    t =    30.04s Find the Any (Descendant with identity binding to AX element pid: 75007, elementOrHash.elementID: 4463161152.208)
    t =    30.07s Requesting snapshot of accessibility hierarchy for app with pid 75007
    t =    30.11s Find: Descendant with identity binding to AX element pid: 75007, elementOrHash.elementID: 4463161152.208
    t =    30.19s Requesting snapshot of accessibility hierarchy for app with pid 75007
    t =    30.23s Find: Descendant with identity binding to AX element pid: 75007, elementOrHash.elementID: 4463161152.208
    t =    30.23s Requesting snapshot of accessibility hierarchy for app with pid 75007
AUDIT_ISSUE dark-health | 1 | Contrast nearly passed | Contrast is not high enough for SwiftUI.AccessibilityNode unless font size is larger. | Attributes: StaticText, 0x107452080, {{43.3, 598.7}, {9.3, 18.0}}, label: '2'
Element subtree:
 →StaticText, 0x107452080, {{43.3, 598.7}, {9.3, 18.0}}, label: '2'
Path to element:
 →Application, 0x1070abe80, pid: 75007, label: 'PumpSync'
  ↳Window (Main), 0x1070ab980, {{0.0, 0.0}, {402.0, 874.0}}
   ↳Other, 0x1070abd40, {{0.0, 0.0}, {402.0, 874.0}}
    ↳Other, 0x1070abc00, {{0.0, 0.0}, {402.0, 874.0}}
     ↳Other, 0x1070abac0, {{0.0, 0.0}, {402.0, 874.0}}
      ↳Other, 0x1070ab840, {{0.0, 0.0}, {402.0, 874.0}}
       ↳Other, 0x1070ab700, {{0.0, 0.0}, {402.0, 874.0}}
        ↳Other, 0x1070aabc0, {{0.0, 0.0}, {402.0, 874.0}}
         ↳Other, 0x1070aad00, {{0.0, 0.0}, {402.0, 874.0}}
          ↳Other, 0x1070ab200, {{0.0, 0.0}, {402.0, 874.0}}
           ↳Other, 0x1070ab480, {{0.0, 0.0}, {402.0, 874.0}}
            ↳Other, 0x1070ab340, {{0.0, 0.0}, {402.0, 874.0}}
             ↳Other, 0x1070aaf80, {{0.0, 0.0}, {402.0, 874.0}}
              ↳Other, 0x1070aa080, {{0.0, 0.0}, {402.0, 874.0}}
               ↳Other, 0x1070aa940, {{0.0, 0.0}, {402.0, 874.0}}
                ↳Other, 0x1070ab0c0, {{0.0, 0.0}, {402.0, 874.0}}
                 ↳Other, 0x1070aa800, {{0.0, 0.0}, {402.0, 874.0}}
                  ↳ScrollView, 0x1070a9f40, {{0.0, 0.0}, {402.0, 874.0}}
                   ↳Other, 0x107450dc0, {{0.0, 168.0}, {402.0, 667.7}}
                    ↳StaticText, 0x107452080, {{43.3, 598.7}, {9.3, 18.0}}, label: '2'
Query chain:
 →Find: Target Application 'dev.ericslutz.PumpSync'
  Output: {
    Application, 0x11c51a1c0, pid: 75007, label: 'PumpSync'
  }
  ↪︎Find: Descendant with identity binding to AX element pid: 75007, elementOrHash.elementID: 4463161152.208
    Output: {
      StaticText, 0x1070a9680, {{43.3, 598.7}, {9.3, 18.0}}, label: '2'
    }

    t =    30.28s Find the Any (Descendant with identity binding to AX element pid: 75007, elementOrHash.elementID: 4463158912.209)
    t =    30.31s Requesting snapshot of accessibility hierarchy for app with pid 75007
    t =    30.36s Find: Descendant with identity binding to AX element pid: 75007, elementOrHash.elementID: 4463158912.209
    t =    30.43s Requesting snapshot of accessibility hierarchy for app with pid 75007
    t =    30.47s Find: Descendant with identity binding to AX element pid: 75007, elementOrHash.elementID: 4463158912.209
    t =    30.48s Requesting snapshot of accessibility hierarchy for app with pid 75007
AUDIT_ISSUE dark-health | 1 | Contrast nearly passed | Contrast is not high enough for SwiftUI.AccessibilityNode unless font size is larger. | Attributes: StaticText, 0x1074521c0, {{70.0, 596.7}, {270.7, 20.3}}, label: 'Tap Privacy & Security, then Health.'
Element subtree:
 →StaticText, 0x1074521c0, {{70.0, 596.7}, {270.7, 20.3}}, label: 'Tap Privacy & Security, then Health.'
Path to element:
 →Application, 0x1070abe80, pid: 75007, label: 'PumpSync'
  ↳Window (Main), 0x1070ab980, {{0.0, 0.0}, {402.0, 874.0}}
   ↳Other, 0x1070abd40, {{0.0, 0.0}, {402.0, 874.0}}
    ↳Other, 0x1070abc00, {{0.0, 0.0}, {402.0, 874.0}}
     ↳Other, 0x1070abac0, {{0.0, 0.0}, {402.0, 874.0}}
      ↳Other, 0x1070ab840, {{0.0, 0.0}, {402.0, 874.0}}
       ↳Other, 0x1070ab700, {{0.0, 0.0}, {402.0, 874.0}}
        ↳Other, 0x1070aabc0, {{0.0, 0.0}, {402.0, 874.0}}
         ↳Other, 0x1070aad00, {{0.0, 0.0}, {402.0, 874.0}}
          ↳Other, 0x1070ab200, {{0.0, 0.0}, {402.0, 874.0}}
           ↳Other, 0x1070ab480, {{0.0, 0.0}, {402.0, 874.0}}
            ↳Other, 0x1070ab340, {{0.0, 0.0}, {402.0, 874.0}}
             ↳Other, 0x1070aaf80, {{0.0, 0.0}, {402.0, 874.0}}
              ↳Other, 0x1070aa800, {{0.0, 0.0}, {402.0, 874.0}}
               ↳Other, 0x1070a9f40, {{0.0, 0.0}, {402.0, 874.0}}
                ↳Other, 0x1070aaa80, {{0.0, 0.0}, {402.0, 874.0}}
                 ↳Other, 0x1070a9e00, {{0.0, 0.0}, {402.0, 874.0}}
                  ↳ScrollView, 0x1070aae40, {{0.0, 0.0}, {402.0, 874.0}}
                   ↳Other, 0x107450dc0, {{0.0, 168.0}, {402.0, 667.7}}
                    ↳StaticText, 0x1074521c0, {{70.0, 596.7}, {270.7, 20.3}}, label: 'Tap Privacy & Security, then Health.'
Query chain:
 →Find: Target Application 'dev.ericslutz.PumpSync'
  Output: {
    Application, 0x11c51a1c0, pid: 75007, label: 'PumpSync'
  }
  ↪︎Find: Descendant with identity binding to AX element pid: 75007, elementOrHash.elementID: 4463158912.209
    Output: {
      StaticText, 0x1070a9900, {{70.0, 596.7}, {270.7, 20.3}}, label: 'Tap Privacy & Security, then Health.'
    }

    t =    30.52s Find the Any (Descendant with identity binding to AX element pid: 75007, elementOrHash.elementID: 4463159360.210)
    t =    30.55s Requesting snapshot of accessibility hierarchy for app with pid 75007
    t =    30.59s Find: Descendant with identity binding to AX element pid: 75007, elementOrHash.elementID: 4463159360.210
    t =    30.69s Requesting snapshot of accessibility hierarchy for app with pid 75007
    t =    30.74s Find: Descendant with identity binding to AX element pid: 75007, elementOrHash.elementID: 4463159360.210
    t =    30.74s Requesting snapshot of accessibility hierarchy for app with pid 75007
AUDIT_ISSUE dark-health | 1 | Contrast nearly passed | Contrast is not high enough for SwiftUI.AccessibilityNode unless font size is larger. | Attributes: StaticText, 0x107452300, {{43.2, 631.0}, {9.7, 18.0}}, label: '3'
Element subtree:
 →StaticText, 0x107452300, {{43.2, 631.0}, {9.7, 18.0}}, label: '3'
Path to element:
 →Application, 0x1070abe80, pid: 75007, label: 'PumpSync'
  ↳Window (Main), 0x1070ab980, {{0.0, 0.0}, {402.0, 874.0}}
   ↳Other, 0x1070abd40, {{0.0, 0.0}, {402.0, 874.0}}
    ↳Other, 0x1070abc00, {{0.0, 0.0}, {402.0, 874.0}}
     ↳Other, 0x1070abac0, {{0.0, 0.0}, {402.0, 874.0}}
      ↳Other, 0x1070ab840, {{0.0, 0.0}, {402.0, 874.0}}
       ↳Other, 0x1070ab700, {{0.0, 0.0}, {402.0, 874.0}}
        ↳Other, 0x1070aabc0, {{0.0, 0.0}, {402.0, 874.0}}
         ↳Other, 0x1070aad00, {{0.0, 0.0}, {402.0, 874.0}}
          ↳Other, 0x1070ab200, {{0.0, 0.0}, {402.0, 874.0}}
           ↳Other, 0x1070ab480, {{0.0, 0.0}, {402.0, 874.0}}
            ↳Other, 0x1070ab340, {{0.0, 0.0}, {402.0, 874.0}}
             ↳Other, 0x1070aaf80, {{0.0, 0.0}, {402.0, 874.0}}
              ↳Other, 0x1070a9e00, {{0.0, 0.0}, {402.0, 874.0}}
               ↳Other, 0x1070aae40, {{0.0, 0.0}, {402.0, 874.0}}
                ↳Other, 0x1070aa080, {{0.0, 0.0}, {402.0, 874.0}}
                 ↳Other, 0x1070ab0c0, {{0.0, 0.0}, {402.0, 874.0}}
                  ↳ScrollView, 0x1070aa940, {{0.0, 0.0}, {402.0, 874.0}}
                   ↳Other, 0x107450dc0, {{0.0, 168.0}, {402.0, 667.7}}
                    ↳StaticText, 0x107452300, {{43.2, 631.0}, {9.7, 18.0}}, label: '3'
Query chain:
 →Find: Target Application 'dev.ericslutz.PumpSync'
  Output: {
    Application, 0x11c51a1c0, pid: 75007, label: 'PumpSync'
  }
  ↪︎Find: Descendant with identity binding to AX element pid: 75007, elementOrHash.elementID: 4463159360.210
    Output: {
      StaticText, 0x1070a9900, {{43.2, 631.0}, {9.7, 18.0}}, label: '3'
    }

    t =    30.79s Find the Any (Descendant with identity binding to AX element pid: 75007, elementOrHash.elementID: 4463159808.211)
    t =    30.82s Requesting snapshot of accessibility hierarchy for app with pid 75007
    t =    30.87s Find: Descendant with identity binding to AX element pid: 75007, elementOrHash.elementID: 4463159808.211
    t =    30.96s Requesting snapshot of accessibility hierarchy for app with pid 75007
    t =    31.00s Find: Descendant with identity binding to AX element pid: 75007, elementOrHash.elementID: 4463159808.211
    t =    31.00s Requesting snapshot of accessibility hierarchy for app with pid 75007
AUDIT_ISSUE dark-health | 1 | Contrast nearly passed | Contrast is not high enough for SwiftUI.AccessibilityNode unless font size is larger. | Attributes: StaticText, 0x107452440, {{70.0, 629.0}, {139.0, 20.3}}, label: 'Select PumpSync.'
Element subtree:
 →StaticText, 0x107452440, {{70.0, 629.0}, {139.0, 20.3}}, label: 'Select PumpSync.'
Path to element:
 →Application, 0x1070abe80, pid: 75007, label: 'PumpSync'
  ↳Window (Main), 0x1070ab980, {{0.0, 0.0}, {402.0, 874.0}}
   ↳Other, 0x1070abd40, {{0.0, 0.0}, {402.0, 874.0}}
    ↳Other, 0x1070abc00, {{0.0, 0.0}, {402.0, 874.0}}
     ↳Other, 0x1070abac0, {{0.0, 0.0}, {402.0, 874.0}}
      ↳Other, 0x1070ab840, {{0.0, 0.0}, {402.0, 874.0}}
       ↳Other, 0x1070ab700, {{0.0, 0.0}, {402.0, 874.0}}
        ↳Other, 0x1070aabc0, {{0.0, 0.0}, {402.0, 874.0}}
         ↳Other, 0x1070aad00, {{0.0, 0.0}, {402.0, 874.0}}
          ↳Other, 0x1070ab200, {{0.0, 0.0}, {402.0, 874.0}}
           ↳Other, 0x1070ab480, {{0.0, 0.0}, {402.0, 874.0}}
            ↳Other, 0x1070ab340, {{0.0, 0.0}, {402.0, 874.0}}
             ↳Other, 0x1070aaf80, {{0.0, 0.0}, {402.0, 874.0}}
              ↳Other, 0x1070ab0c0, {{0.0, 0.0}, {402.0, 874.0}}
               ↳Other, 0x1070aa940, {{0.0, 0.0}, {402.0, 874.0}}
                ↳Other, 0x1070aa800, {{0.0, 0.0}, {402.0, 874.0}}
                 ↳Other, 0x1070aaa80, {{0.0, 0.0}, {402.0, 874.0}}
                  ↳ScrollView, 0x1070a9f40, {{0.0, 0.0}, {402.0, 874.0}}
                   ↳Other, 0x107450dc0, {{0.0, 168.0}, {402.0, 667.7}}
                    ↳StaticText, 0x107452440, {{70.0, 629.0}, {139.0, 20.3}}, label: 'Select PumpSync.'
Query chain:
 →Find: Target Application 'dev.ericslutz.PumpSync'
  Output: {
    Application, 0x11c51a1c0, pid: 75007, label: 'PumpSync'
  }
  ↪︎Find: Descendant with identity binding to AX element pid: 75007, elementOrHash.elementID: 4463159808.211
    Output: {
      StaticText, 0x1070a9680, {{70.0, 629.0}, {139.0, 20.3}}, label: 'Select PumpSync.'
    }

    t =    31.06s Find the Any (Descendant with identity binding to AX element pid: 75007, elementOrHash.elementID: 4463162496.212)
    t =    31.08s Requesting snapshot of accessibility hierarchy for app with pid 75007
    t =    31.12s Find: Descendant with identity binding to AX element pid: 75007, elementOrHash.elementID: 4463162496.212
    t =    31.20s Requesting snapshot of accessibility hierarchy for app with pid 75007
    t =    31.24s Find: Descendant with identity binding to AX element pid: 75007, elementOrHash.elementID: 4463162496.212
    t =    31.24s Requesting snapshot of accessibility hierarchy for app with pid 75007
AUDIT_ISSUE dark-health | 1 | Contrast nearly passed | Contrast is not high enough for SwiftUI.AccessibilityNode unless font size is larger. | Attributes: StaticText, 0x107452580, {{43.0, 663.3}, {10.0, 18.0}}, label: '4'
Element subtree:
 →StaticText, 0x107452580, {{43.0, 663.3}, {10.0, 18.0}}, label: '4'
Path to element:
 →Application, 0x1070abe80, pid: 75007, label: 'PumpSync'
  ↳Window (Main), 0x1070ab980, {{0.0, 0.0}, {402.0, 874.0}}
   ↳Other, 0x1070abd40, {{0.0, 0.0}, {402.0, 874.0}}
    ↳Other, 0x1070abc00, {{0.0, 0.0}, {402.0, 874.0}}
     ↳Other, 0x1070abac0, {{0.0, 0.0}, {402.0, 874.0}}
      ↳Other, 0x1070ab840, {{0.0, 0.0}, {402.0, 874.0}}
       ↳Other, 0x1070ab700, {{0.0, 0.0}, {402.0, 874.0}}
        ↳Other, 0x1070aabc0, {{0.0, 0.0}, {402.0, 874.0}}
         ↳Other, 0x1070aad00, {{0.0, 0.0}, {402.0, 874.0}}
          ↳Other, 0x1070ab200, {{0.0, 0.0}, {402.0, 874.0}}
           ↳Other, 0x1070ab480, {{0.0, 0.0}, {402.0, 874.0}}
            ↳Other, 0x1070ab340, {{0.0, 0.0}, {402.0, 874.0}}
             ↳Other, 0x1070aaf80, {{0.0, 0.0}, {402.0, 874.0}}
              ↳Other, 0x1070aaa80, {{0.0, 0.0}, {402.0, 874.0}}
               ↳Other, 0x1070a9f40, {{0.0, 0.0}, {402.0, 874.0}}
                ↳Other, 0x1070a9e00, {{0.0, 0.0}, {402.0, 874.0}}
                 ↳Other, 0x1070aa080, {{0.0, 0.0}, {402.0, 874.0}}
                  ↳ScrollView, 0x1070aae40, {{0.0, 0.0}, {402.0, 874.0}}
                   ↳Other, 0x107450dc0, {{0.0, 168.0}, {402.0, 667.7}}
                    ↳StaticText, 0x107452580, {{43.0, 663.3}, {10.0, 18.0}}, label: '4'
Query chain:
 →Find: Target Application 'dev.ericslutz.PumpSync'
  Output: {
    Application, 0x11c51a1c0, pid: 75007, label: 'PumpSync'
  }
  ↪︎Find: Descendant with identity binding to AX element pid: 75007, elementOrHash.elementID: 4463162496.212
    Output: {
      StaticText, 0x1070a9b80, {{43.0, 663.3}, {10.0, 18.0}}, label: '4'
    }

    t =    31.29s Find the Any (Descendant with identity binding to AX element pid: 75007, elementOrHash.elementID: 4463163392.213)
    t =    31.32s Requesting snapshot of accessibility hierarchy for app with pid 75007
    t =    31.36s Find: Descendant with identity binding to AX element pid: 75007, elementOrHash.elementID: 4463163392.213
    t =    31.44s Requesting snapshot of accessibility hierarchy for app with pid 75007
    t =    31.48s Find: Descendant with identity binding to AX element pid: 75007, elementOrHash.elementID: 4463163392.213
    t =    31.48s Requesting snapshot of accessibility hierarchy for app with pid 75007
AUDIT_ISSUE dark-health | 1 | Contrast nearly passed | Contrast is not high enough for SwiftUI.AccessibilityNode unless font size is larger. | Attributes: StaticText, 0x1074526c0, {{70.0, 661.3}, {190.3, 42.3}}, label: 'Turn Insulin Delivery and Carbohydrates on or off.'
Element subtree:
 →StaticText, 0x1074526c0, {{70.0, 661.3}, {190.3, 42.3}}, label: 'Turn Insulin Delivery and Carbohydrates on or off.'
Path to element:
 →Application, 0x1070abe80, pid: 75007, label: 'PumpSync'
  ↳Window (Main), 0x1070ab980, {{0.0, 0.0}, {402.0, 874.0}}
   ↳Other, 0x1070abd40, {{0.0, 0.0}, {402.0, 874.0}}
    ↳Other, 0x1070abc00, {{0.0, 0.0}, {402.0, 874.0}}
     ↳Other, 0x1070abac0, {{0.0, 0.0}, {402.0, 874.0}}
      ↳Other, 0x1070ab840, {{0.0, 0.0}, {402.0, 874.0}}
       ↳Other, 0x1070ab700, {{0.0, 0.0}, {402.0, 874.0}}
        ↳Other, 0x1070aabc0, {{0.0, 0.0}, {402.0, 874.0}}
         ↳Other, 0x1070aad00, {{0.0, 0.0}, {402.0, 874.0}}
          ↳Other, 0x1070ab200, {{0.0, 0.0}, {402.0, 874.0}}
           ↳Other, 0x1070ab480, {{0.0, 0.0}, {402.0, 874.0}}
            ↳Other, 0x1070ab340, {{0.0, 0.0}, {402.0, 874.0}}
             ↳Other, 0x1070aaf80, {{0.0, 0.0}, {402.0, 874.0}}
              ↳Other, 0x1070aa080, {{0.0, 0.0}, {402.0, 874.0}}
               ↳Other, 0x1070aae40, {{0.0, 0.0}, {402.0, 874.0}}
                ↳Other, 0x1070ab0c0, {{0.0, 0.0}, {402.0, 874.0}}
                 ↳Other, 0x1070aa800, {{0.0, 0.0}, {402.0, 874.0}}
                  ↳ScrollView, 0x1070aa940, {{0.0, 0.0}, {402.0, 874.0}}
                   ↳Other, 0x107450dc0, {{0.0, 168.0}, {402.0, 667.7}}
                    ↳StaticText, 0x1074526c0, {{70.0, 661.3}, {190.3, 42.3}}, label: 'Turn Insulin Delivery and Carbohydrates on or off.'
Query chain:
 →Find: Target Application 'dev.ericslutz.PumpSync'
  Output: {
    Application, 0x11c51a1c0, pid: 75007, label: 'PumpSync'
  }
  ↪︎Find: Descendant with identity binding to AX element pid: 75007, elementOrHash.elementID: 4463163392.213
    Output: {
      StaticText, 0x1070a9400, {{70.0, 661.3}, {190.3, 42.3}}, label: 'Turn Insulin Delivery and Carbohydrates on or off.'
    }

    t =    31.53s Find the Any (Descendant with identity binding to AX element pid: 75007, elementOrHash.elementID: 4463196160.219)
    t =    31.56s Requesting snapshot of accessibility hierarchy for app with pid 75007
    t =    31.63s Find: Descendant with identity binding to AX element pid: 75007, elementOrHash.elementID: 4463196160.219
    t =    32.01s Requesting snapshot of accessibility hierarchy for app with pid 75007
    t =    32.05s Find: Descendant with identity binding to AX element pid: 75007, elementOrHash.elementID: 4463196160.219
    t =    32.06s Requesting snapshot of accessibility hierarchy for app with pid 75007
AUDIT_ISSUE dark-health | 1 | Contrast nearly passed | Contrast is not high enough for SwiftUI.AccessibilityNode unless font size is larger. | Attributes: StaticText, 0x107451680, {{80.0, 337.0}, {50.0, 18.0}}, label: 'Not set'
Element subtree:
 →StaticText, 0x107451680, {{80.0, 337.0}, {50.0, 18.0}}, label: 'Not set'
Path to element:
 →Application, 0x1070ab980, pid: 75007, label: 'PumpSync'
  ↳Window (Main), 0x1070abd40, {{0.0, 0.0}, {402.0, 874.0}}
   ↳Other, 0x1070abc00, {{0.0, 0.0}, {402.0, 874.0}}
    ↳Other, 0x1070abac0, {{0.0, 0.0}, {402.0, 874.0}}
     ↳Other, 0x1070ab840, {{0.0, 0.0}, {402.0, 874.0}}
      ↳Other, 0x1070ab700, {{0.0, 0.0}, {402.0, 874.0}}
       ↳Other, 0x1070aabc0, {{0.0, 0.0}, {402.0, 874.0}}
        ↳Other, 0x1070aad00, {{0.0, 0.0}, {402.0, 874.0}}
         ↳Other, 0x1070ab200, {{0.0, 0.0}, {402.0, 874.0}}
          ↳Other, 0x1070ab480, {{0.0, 0.0}, {402.0, 874.0}}
           ↳Other, 0x1070ab340, {{0.0, 0.0}, {402.0, 874.0}}
            ↳Other, 0x1070aaf80, {{0.0, 0.0}, {402.0, 874.0}}
             ↳Other, 0x1070aa080, {{0.0, 0.0}, {402.0, 874.0}}
              ↳Other, 0x1070aa940, {{0.0, 0.0}, {402.0, 874.0}}
               ↳Other, 0x1070aaa80, {{0.0, 0.0}, {402.0, 874.0}}
                ↳Other, 0x1070a9e00, {{0.0, 0.0}, {402.0, 874.0}}
                 ↳Other, 0x1070a9f40, {{0.0, 0.0}, {402.0, 874.0}}
                  ↳ScrollView, 0x107450000, {{0.0, 0.0}, {402.0, 874.0}}
                   ↳Other, 0x107450f00, {{0.0, 168.0}, {402.0, 667.7}}
                    ↳Other, 0x1074512c0, {{40.7, 314.7}, {152.0, 40.3}}, label: 'Insulin delivery', value: Not set
                     ↳StaticText, 0x107451680, {{80.0, 337.0}, {50.0, 18.0}}, label: 'Not set'
Query chain:
 →Find: Target Application 'dev.ericslutz.PumpSync'
  Output: {
    Application, 0x11c51a1c0, pid: 75007, label: 'PumpSync'
  }
  ↪︎Find: Descendant with identity binding to AX element pid: 75007, elementOrHash.elementID: 4463196160.219
    Output: {
      StaticText, 0x1070abe80, {{80.0, 337.0}, {50.0, 18.0}}, label: 'Not set'
    }

    t =    32.11s Find the Any (Descendant with identity binding to AX element pid: 75007, elementOrHash.elementID: 4463131968.222)
    t =    32.14s Requesting snapshot of accessibility hierarchy for app with pid 75007
    t =    32.18s Find: Descendant with identity binding to AX element pid: 75007, elementOrHash.elementID: 4463131968.222
    t =    32.28s Requesting snapshot of accessibility hierarchy for app with pid 75007
    t =    32.32s Find: Descendant with identity binding to AX element pid: 75007, elementOrHash.elementID: 4463131968.222
    t =    32.32s Requesting snapshot of accessibility hierarchy for app with pid 75007
AUDIT_ISSUE dark-health | 1 | Contrast nearly passed | Contrast is not high enough for SwiftUI.AccessibilityNode unless font size is larger. | Attributes: StaticText, 0x107451b80, {{80.0, 389.7}, {50.0, 18.0}}, label: 'Not set'
Element subtree:
 →StaticText, 0x107451b80, {{80.0, 389.7}, {50.0, 18.0}}, label: 'Not set'
Path to element:
 →Application, 0x1070ab980, pid: 75007, label: 'PumpSync'
  ↳Window (Main), 0x1070abd40, {{0.0, 0.0}, {402.0, 874.0}}
   ↳Other, 0x1070abc00, {{0.0, 0.0}, {402.0, 874.0}}
    ↳Other, 0x1070abac0, {{0.0, 0.0}, {402.0, 874.0}}
     ↳Other, 0x1070ab840, {{0.0, 0.0}, {402.0, 874.0}}
      ↳Other, 0x1070ab700, {{0.0, 0.0}, {402.0, 874.0}}
       ↳Other, 0x1070aabc0, {{0.0, 0.0}, {402.0, 874.0}}
        ↳Other, 0x1070aad00, {{0.0, 0.0}, {402.0, 874.0}}
         ↳Other, 0x1070ab200, {{0.0, 0.0}, {402.0, 874.0}}
          ↳Other, 0x1070ab480, {{0.0, 0.0}, {402.0, 874.0}}
           ↳Other, 0x1070ab340, {{0.0, 0.0}, {402.0, 874.0}}
            ↳Other, 0x1070aaf80, {{0.0, 0.0}, {402.0, 874.0}}
             ↳Other, 0x1070aa080, {{0.0, 0.0}, {402.0, 874.0}}
              ↳Other, 0x1070a9f40, {{0.0, 0.0}, {402.0, 874.0}}
               ↳Other, 0x1070aae40, {{0.0, 0.0}, {402.0, 874.0}}
                ↳Other, 0x1070aa800, {{0.0, 0.0}, {402.0, 874.0}}
                 ↳Other, 0x1070ab0c0, {{0.0, 0.0}, {402.0, 874.0}}
                  ↳ScrollView, 0x107450000, {{0.0, 0.0}, {402.0, 874.0}}
                   ↳Other, 0x107450f00, {{0.0, 168.0}, {402.0, 667.7}}
                    ↳Other, 0x1074517c0, {{45.3, 367.3}, {147.3, 40.3}}, label: 'Carbohydrates', value: Not set
                     ↳StaticText, 0x107451b80, {{80.0, 389.7}, {50.0, 18.0}}, label: 'Not set'
Query chain:
 →Find: Target Application 'dev.ericslutz.PumpSync'
  Output: {
    Application, 0x11c51a1c0, pid: 75007, label: 'PumpSync'
  }
  ↪︎Find: Descendant with identity binding to AX element pid: 75007, elementOrHash.elementID: 4463131968.222
    Output: {
      StaticText, 0x1070aa300, {{80.0, 389.7}, {50.0, 18.0}}, label: 'Not set'
    }

    t =    32.37s Tap Button (First Match)
    t =    32.37s     Wait for dev.ericslutz.PumpSync to idle
    t =    32.37s     Find the Button (First Match)
    t =    32.40s     Check for interrupting elements affecting "BackButton" Button
    t =    32.43s     Synthesize event
    t =    32.76s     Wait for dev.ericslutz.PumpSync to idle
    t =    33.10s Find the "InsulinConcentrationLink" Button
    t =    33.17s Find the "InsulinConcentrationLink" Button
    t =    33.23s Tap "InsulinConcentrationLink" Button
    t =    33.23s     Wait for dev.ericslutz.PumpSync to idle
    t =    33.23s     Find the "InsulinConcentrationLink" Button
    t =    33.27s     Check for interrupting elements affecting "InsulinConcentrationLink" Button
    t =    33.30s     Synthesize event
    t =    33.60s     Wait for dev.ericslutz.PumpSync to idle
    t =    34.45s Find the Target Application 'dev.ericslutz.PumpSync'
    t =    34.59s Added attachment named 'dark-concentration.png'
    t =    34.59s Requesting snapshot of accessibility hierarchy for app with pid 75007
    t =    34.78s Requesting snapshot of accessibility hierarchy for app with pid 75007
    t =    34.83s Added attachment named 'dark-concentration-tree.txt'
    t =    36.89s Find the Any (Descendant with identity binding to AX element pid: 75007, elementOrHash.elementID: 4463207168.242)
    t =    36.93s Requesting snapshot of accessibility hierarchy for app with pid 75007
    t =    36.97s Find: Descendant with identity binding to AX element pid: 75007, elementOrHash.elementID: 4463207168.242
    t =    37.05s Requesting snapshot of accessibility hierarchy for app with pid 75007
    t =    37.09s Find: Descendant with identity binding to AX element pid: 75007, elementOrHash.elementID: 4463207168.242
    t =    37.10s Requesting snapshot of accessibility hierarchy for app with pid 75007
AUDIT_ISSUE dark-concentration | 1 | Contrast nearly passed | Contrast is not high enough for SwiftUI.AccessibilityNode unless font size is larger. | Attributes: StaticText, 0x107451400, {{24.0, 180.0}, {122.7, 20.3}}, label: 'Current Setting'
Element subtree:
 →StaticText, 0x107451400, {{24.0, 180.0}, {122.7, 20.3}}, label: 'Current Setting'
Path to element:
 →Application, 0x107097d40, pid: 75007, label: 'PumpSync'
  ↳Window (Main), 0x107097e80, {{0.0, 0.0}, {402.0, 874.0}}
   ↳Other, 0x107097c00, {{0.0, 0.0}, {402.0, 874.0}}
    ↳Other, 0x1070970c0, {{0.0, 0.0}, {402.0, 874.0}}
     ↳Other, 0x107097200, {{0.0, 0.0}, {402.0, 874.0}}
      ↳Other, 0x107097700, {{0.0, 0.0}, {402.0, 874.0}}
       ↳Other, 0x107097980, {{0.0, 0.0}, {402.0, 874.0}}
        ↳Other, 0x107097840, {{0.0, 0.0}, {402.0, 874.0}}
         ↳Other, 0x107097480, {{0.0, 0.0}, {402.0, 874.0}}
          ↳Other, 0x1070975c0, {{0.0, 0.0}, {402.0, 874.0}}
           ↳Other, 0x107097340, {{0.0, 0.0}, {402.0, 874.0}}
            ↳Other, 0x107096d00, {{0.0, 0.0}, {402.0, 874.0}}
             ↳Other, 0x107096f80, {{0.0, 0.0}, {402.0, 874.0}}
              ↳Other, 0x107096440, {{0.0, 0.0}, {402.0, 874.0}}
               ↳Other, 0x107450000, {{0.0, 0.0}, {402.0, 874.0}}
                ↳Other, 0x107450140, {{0.0, 0.0}, {402.0, 874.0}}
                 ↳Other, 0x107450280, {{0.0, 0.0}, {402.0, 874.0}}
                  ↳ScrollView, 0x1074503c0, {{0.0, 0.0}, {402.0, 874.0}}
                   ↳Other, 0x1074512c0, {{0.0, 168.0}, {402.0, 755.0}}
                    ↳StaticText, 0x107451400, {{24.0, 180.0}, {122.7, 20.3}}, label: 'Current Setting'
Query chain:
 →Find: Target Application 'dev.ericslutz.PumpSync'
  Output: {
    Application, 0x11c51b0c0, pid: 75007, label: 'PumpSync'
  }
  ↪︎Find: Descendant with identity binding to AX element pid: 75007, elementOrHash.elementID: 4463207168.242
    Output: {
      StaticText, 0x107095400, {{24.0, 180.0}, {122.7, 20.3}}, label: 'Current Setting'
    }

    t =    37.15s Find the Any (Descendant with identity binding to AX element pid: 75007, elementOrHash.elementID: 4463131072.244)
    t =    37.18s Requesting snapshot of accessibility hierarchy for app with pid 75007
    t =    37.22s Find: Descendant with identity binding to AX element pid: 75007, elementOrHash.elementID: 4463131072.244
    t =    37.30s Requesting snapshot of accessibility hierarchy for app with pid 75007
    t =    37.34s Find: Descendant with identity binding to AX element pid: 75007, elementOrHash.elementID: 4463131072.244
    t =    37.34s Requesting snapshot of accessibility hierarchy for app with pid 75007
AUDIT_ISSUE dark-concentration | 1 | Contrast nearly passed | Contrast is not high enough for SwiftUI.AccessibilityNode unless font size is larger. | Attributes: StaticText, 0x107451cc0, {{24.0, 292.3}, {55.0, 20.3}}, label: 'Details'
Element subtree:
 →StaticText, 0x107451cc0, {{24.0, 292.3}, {55.0, 20.3}}, label: 'Details'
Path to element:
 →Application, 0x107097d40, pid: 75007, label: 'PumpSync'
  ↳Window (Main), 0x107097e80, {{0.0, 0.0}, {402.0, 874.0}}
   ↳Other, 0x107097c00, {{0.0, 0.0}, {402.0, 874.0}}
    ↳Other, 0x1070970c0, {{0.0, 0.0}, {402.0, 874.0}}
     ↳Other, 0x107097200, {{0.0, 0.0}, {402.0, 874.0}}
      ↳Other, 0x107097700, {{0.0, 0.0}, {402.0, 874.0}}
       ↳Other, 0x107097980, {{0.0, 0.0}, {402.0, 874.0}}
        ↳Other, 0x107097840, {{0.0, 0.0}, {402.0, 874.0}}
         ↳Other, 0x107097480, {{0.0, 0.0}, {402.0, 874.0}}
          ↳Other, 0x1070975c0, {{0.0, 0.0}, {402.0, 874.0}}
           ↳Other, 0x107097340, {{0.0, 0.0}, {402.0, 874.0}}
            ↳Other, 0x107096d00, {{0.0, 0.0}, {402.0, 874.0}}
             ↳Other, 0x107096f80, {{0.0, 0.0}, {402.0, 874.0}}
              ↳Other, 0x107096300, {{0.0, 0.0}, {402.0, 874.0}}
               ↳Other, 0x107450000, {{0.0, 0.0}, {402.0, 874.0}}
                ↳Other, 0x107450140, {{0.0, 0.0}, {402.0, 874.0}}
                 ↳Other, 0x107450280, {{0.0, 0.0}, {402.0, 874.0}}
                  ↳ScrollView, 0x1074503c0, {{0.0, 0.0}, {402.0, 874.0}}
                   ↳Other, 0x1074512c0, {{0.0, 168.0}, {402.0, 755.0}}
                    ↳StaticText, 0x107451cc0, {{24.0, 292.3}, {55.0, 20.3}}, label: 'Details'
Query chain:
 →Find: Target Application 'dev.ericslutz.PumpSync'
  Output: {
    Application, 0x11c51b0c0, pid: 75007, label: 'PumpSync'
  }
  ↪︎Find: Descendant with identity binding to AX element pid: 75007, elementOrHash.elementID: 4463131072.244
    Output: {
      StaticText, 0x107096080, {{24.0, 292.3}, {55.0, 20.3}}, label: 'Details'
    }

    t =    37.39s Find the Any (Descendant with identity binding to AX element pid: 75007, elementOrHash.elementID: 4463129280.255)
    t =    37.42s Requesting snapshot of accessibility hierarchy for app with pid 75007
    t =    37.46s Find: Descendant with identity binding to AX element pid: 75007, elementOrHash.elementID: 4463129280.255
    t =    37.55s Requesting snapshot of accessibility hierarchy for app with pid 75007
    t =    37.59s Find: Descendant with identity binding to AX element pid: 75007, elementOrHash.elementID: 4463129280.255
    t =    37.59s Requesting snapshot of accessibility hierarchy for app with pid 75007
AUDIT_ISSUE dark-concentration | 1 | Contrast nearly passed | Contrast is not high enough for SwiftUI.AccessibilityNode unless font size is larger. | Attributes: StaticText, 0x107452300, {{80.0, 363.0}, {257.0, 98.0}}, label: 'Most rapid-acting insulin is U-100. Some people use more concentrated insulin, such as U-200 or U-500, where each pump-reported unit represents more insulin.'
Element subtree:
 →StaticText, 0x107452300, {{80.0, 363.0}, {257.0, 98.0}}, label: 'Most rapid-acting insulin is U-100. Some people use more concentrated insulin, such as U-200 or U-500, where each pump-reported unit represents more insulin.'
Path to element:
 →Application, 0x107097e80, pid: 75007, label: 'PumpSync'
  ↳Window (Main), 0x107097c00, {{0.0, 0.0}, {402.0, 874.0}}
   ↳Other, 0x1070970c0, {{0.0, 0.0}, {402.0, 874.0}}
    ↳Other, 0x107097200, {{0.0, 0.0}, {402.0, 874.0}}
     ↳Other, 0x107097700, {{0.0, 0.0}, {402.0, 874.0}}
      ↳Other, 0x107097980, {{0.0, 0.0}, {402.0, 874.0}}
       ↳Other, 0x107097840, {{0.0, 0.0}, {402.0, 874.0}}
        ↳Other, 0x107097480, {{0.0, 0.0}, {402.0, 874.0}}
         ↳Other, 0x1070975c0, {{0.0, 0.0}, {402.0, 874.0}}
          ↳Other, 0x107097340, {{0.0, 0.0}, {402.0, 874.0}}
           ↳Other, 0x107096d00, {{0.0, 0.0}, {402.0, 874.0}}
            ↳Other, 0x107096f80, {{0.0, 0.0}, {402.0, 874.0}}
             ↳Other, 0x107096300, {{0.0, 0.0}, {402.0, 874.0}}
              ↳Other, 0x107450000, {{0.0, 0.0}, {402.0, 874.0}}
               ↳Other, 0x107450140, {{0.0, 0.0}, {402.0, 874.0}}
                ↳Other, 0x107450280, {{0.0, 0.0}, {402.0, 874.0}}
                 ↳Other, 0x1074503c0, {{0.0, 0.0}, {402.0, 874.0}}
                  ↳ScrollView, 0x107450500, {{0.0, 0.0}, {402.0, 874.0}}
                   ↳Other, 0x107451400, {{0.0, 168.0}, {402.0, 755.0}}
                    ↳Other, 0x107451f40, {{45.3, 338.7}, {291.7, 122.3}}, label: 'Match your insulin', value: Most rapid-acting ...
                     ↳StaticText, 0x107452300, {{80.0, 363.0}, {257.0, 98.0}}, label: 'Most rapid-acting insulin is U-100. Some people use more concentrated insulin, such as U-200 or U-500, where each pump-reported unit represents more insulin.'
Query chain:
 →Find: Target Application 'dev.ericslutz.PumpSync'
  Output: {
    Application, 0x11c51b0c0, pid: 75007, label: 'PumpSync'
  }
  ↪︎Find: Descendant with identity binding to AX element pid: 75007, elementOrHash.elementID: 4463129280.255
    Output: {
      StaticText, 0x1070961c0, {{80.0, 363.0}, {257.0, 98.0}}, label: 'Most rapid-acting insulin is U-100. Some people use more concentrated insulin, such as U-200 or U-500, where each pump-reported unit represents more insulin.'
    }

    t =    37.64s Find the Any (Descendant with identity binding to AX element pid: 75007, elementOrHash.elementID: 4463239488.258)
    t =    37.68s Requesting snapshot of accessibility hierarchy for app with pid 75007
    t =    37.72s Find: Descendant with identity binding to AX element pid: 75007, elementOrHash.elementID: 4463239488.258
    t =    37.80s Requesting snapshot of accessibility hierarchy for app with pid 75007
    t =    37.84s Find: Descendant with identity binding to AX element pid: 75007, elementOrHash.elementID: 4463239488.258
    t =    37.84s Requesting snapshot of accessibility hierarchy for app with pid 75007
AUDIT_ISSUE dark-concentration | 1 | Contrast nearly passed | Contrast is not high enough for SwiftUI.AccessibilityNode unless font size is larger. | Attributes: StaticText, 0x107452800, {{80.0, 497.7}, {268.7, 98.0}}, label: 'This changes how PumpSync converts pump-reported insulin amounts before saving them to Apple Health. It does not change your pump data, pump account, or pump settings.'
Element subtree:
 →StaticText, 0x107452800, {{80.0, 497.7}, {268.7, 98.0}}, label: 'This changes how PumpSync converts pump-reported insulin amounts before saving them to Apple Health. It does not change your pump data, pump account, or pump settings.'
Path to element:
 →Application, 0x107097e80, pid: 75007, label: 'PumpSync'
  ↳Window (Main), 0x107097c00, {{0.0, 0.0}, {402.0, 874.0}}
   ↳Other, 0x1070970c0, {{0.0, 0.0}, {402.0, 874.0}}
    ↳Other, 0x107097200, {{0.0, 0.0}, {402.0, 874.0}}
     ↳Other, 0x107097700, {{0.0, 0.0}, {402.0, 874.0}}
      ↳Other, 0x107097980, {{0.0, 0.0}, {402.0, 874.0}}
       ↳Other, 0x107097840, {{0.0, 0.0}, {402.0, 874.0}}
        ↳Other, 0x107097480, {{0.0, 0.0}, {402.0, 874.0}}
         ↳Other, 0x1070975c0, {{0.0, 0.0}, {402.0, 874.0}}
          ↳Other, 0x107097340, {{0.0, 0.0}, {402.0, 874.0}}
           ↳Other, 0x107096d00, {{0.0, 0.0}, {402.0, 874.0}}
            ↳Other, 0x107096f80, {{0.0, 0.0}, {402.0, 874.0}}
             ↳Other, 0x107096300, {{0.0, 0.0}, {402.0, 874.0}}
              ↳Other, 0x107450000, {{0.0, 0.0}, {402.0, 874.0}}
               ↳Other, 0x107450140, {{0.0, 0.0}, {402.0, 874.0}}
                ↳Other, 0x107450280, {{0.0, 0.0}, {402.0, 874.0}}
                 ↳Other, 0x1074503c0, {{0.0, 0.0}, {402.0, 874.0}}
                  ↳ScrollView, 0x107450500, {{0.0, 0.0}, {402.0, 874.0}}
                   ↳Other, 0x107451400, {{0.0, 168.0}, {402.0, 755.0}}
                    ↳Other, 0x107452440, {{39.7, 473.3}, {309.0, 122.3}}, label: 'Conversion only', value: This changes how P...
                     ↳StaticText, 0x107452800, {{80.0, 497.7}, {268.7, 98.0}}, label: 'This changes how PumpSync converts pump-reported insulin amounts before saving them to Apple Health. It does not change your pump data, pump account, or pump settings.'
Query chain:
 →Find: Target Application 'dev.ericslutz.PumpSync'
  Output: {
    Application, 0x11c51b0c0, pid: 75007, label: 'PumpSync'
  }
  ↪︎Find: Descendant with identity binding to AX element pid: 75007, elementOrHash.elementID: 4463239488.258
    Output: {
      StaticText, 0x107095b80, {{80.0, 497.7}, {268.7, 98.0}}, label: 'This changes how PumpSync converts pump-reported insulin amounts before saving them to Apple Health. It does not change your pump data, pump account, or pump settings.'
    }

    t =    37.89s Find the Any (Descendant with identity binding to AX element pid: 75007, elementOrHash.elementID: 4463238592.261)
    t =    37.92s Requesting snapshot of accessibility hierarchy for app with pid 75007
    t =    37.96s Find: Descendant with identity binding to AX element pid: 75007, elementOrHash.elementID: 4463238592.261
    t =    38.05s Requesting snapshot of accessibility hierarchy for app with pid 75007
    t =    38.09s Find: Descendant with identity binding to AX element pid: 75007, elementOrHash.elementID: 4463238592.261
    t =    38.09s Requesting snapshot of accessibility hierarchy for app with pid 75007
AUDIT_ISSUE dark-concentration | 1 | Contrast nearly passed | Contrast is not high enough for SwiftUI.AccessibilityNode unless font size is larger. | Attributes: StaticText, 0x107452d00, {{80.0, 632.3}, {267.3, 58.0}}, label: 'PumpSync uses this setting only when writing insulin delivery data to Apple Health.'
Element subtree:
 →StaticText, 0x107452d00, {{80.0, 632.3}, {267.3, 58.0}}, label: 'PumpSync uses this setting only when writing insulin delivery data to Apple Health.'
Path to element:
 →Application, 0x107097e80, pid: 75007, label: 'PumpSync'
  ↳Window (Main), 0x107097c00, {{0.0, 0.0}, {402.0, 874.0}}
   ↳Other, 0x1070970c0, {{0.0, 0.0}, {402.0, 874.0}}
    ↳Other, 0x107097200, {{0.0, 0.0}, {402.0, 874.0}}
     ↳Other, 0x107097700, {{0.0, 0.0}, {402.0, 874.0}}
      ↳Other, 0x107097980, {{0.0, 0.0}, {402.0, 874.0}}
       ↳Other, 0x107097840, {{0.0, 0.0}, {402.0, 874.0}}
        ↳Other, 0x107097480, {{0.0, 0.0}, {402.0, 874.0}}
         ↳Other, 0x1070975c0, {{0.0, 0.0}, {402.0, 874.0}}
          ↳Other, 0x107097340, {{0.0, 0.0}, {402.0, 874.0}}
           ↳Other, 0x107096d00, {{0.0, 0.0}, {402.0, 874.0}}
            ↳Other, 0x107096f80, {{0.0, 0.0}, {402.0, 874.0}}
             ↳Other, 0x107096300, {{0.0, 0.0}, {402.0, 874.0}}
              ↳Other, 0x107450000, {{0.0, 0.0}, {402.0, 874.0}}
               ↳Other, 0x107450140, {{0.0, 0.0}, {402.0, 874.0}}
                ↳Other, 0x107450280, {{0.0, 0.0}, {402.0, 874.0}}
                 ↳Other, 0x1074503c0, {{0.0, 0.0}, {402.0, 874.0}}
                  ↳ScrollView, 0x107450500, {{0.0, 0.0}, {402.0, 874.0}}
                   ↳Other, 0x107451400, {{0.0, 168.0}, {402.0, 755.0}}
                    ↳Other, 0x107452940, {{42.3, 608.0}, {305.0, 82.3}}, label: 'Apple Health only', value: PumpSync uses this...
                     ↳StaticText, 0x107452d00, {{80.0, 632.3}, {267.3, 58.0}}, label: 'PumpSync uses this setting only when writing insulin delivery data to Apple Health.'
Query chain:
 →Find: Target Application 'dev.ericslutz.PumpSync'
  Output: {
    Application, 0x11c51b0c0, pid: 75007, label: 'PumpSync'
  }
  ↪︎Find: Descendant with identity binding to AX element pid: 75007, elementOrHash.elementID: 4463238592.261
    Output: {
      StaticText, 0x11c518280, {{80.0, 632.3}, {267.3, 58.0}}, label: 'PumpSync uses this setting only when writing insulin delivery data to Apple Health.'
    }

    t =    38.15s Find the Any (Descendant with identity binding to AX element pid: 75007, elementOrHash.elementID: 4463245760.264)
    t =    38.18s Requesting snapshot of accessibility hierarchy for app with pid 75007
    t =    38.23s Find: Descendant with identity binding to AX element pid: 75007, elementOrHash.elementID: 4463245760.264
    t =    38.32s Requesting snapshot of accessibility hierarchy for app with pid 75007
    t =    38.36s Find: Descendant with identity binding to AX element pid: 75007, elementOrHash.elementID: 4463245760.264
    t =    38.36s Requesting snapshot of accessibility hierarchy for app with pid 75007
AUDIT_ISSUE dark-concentration | 1 | Contrast failed | Contrast failed for SwiftUI.AccessibilityNode | Attributes: StaticText, 0x107453200, {{80.0, 727.0}, {261.3, 58.0}}, label: 'Leave this set to U-100 until you confirm with your insulin prescription, pump settings, or care team.'
Element subtree:
 →StaticText, 0x107453200, {{80.0, 727.0}, {261.3, 58.0}}, label: 'Leave this set to U-100 until you confirm with your insulin prescription, pump settings, or care team.'
Path to element:
 →Application, 0x107097e80, pid: 75007, label: 'PumpSync'
  ↳Window (Main), 0x107097c00, {{0.0, 0.0}, {402.0, 874.0}}
   ↳Other, 0x1070970c0, {{0.0, 0.0}, {402.0, 874.0}}
    ↳Other, 0x107097200, {{0.0, 0.0}, {402.0, 874.0}}
     ↳Other, 0x107097700, {{0.0, 0.0}, {402.0, 874.0}}
      ↳Other, 0x107097980, {{0.0, 0.0}, {402.0, 874.0}}
       ↳Other, 0x107097840, {{0.0, 0.0}, {402.0, 874.0}}
        ↳Other, 0x107097480, {{0.0, 0.0}, {402.0, 874.0}}
         ↳Other, 0x1070975c0, {{0.0, 0.0}, {402.0, 874.0}}
          ↳Other, 0x107097340, {{0.0, 0.0}, {402.0, 874.0}}
           ↳Other, 0x107096d00, {{0.0, 0.0}, {402.0, 874.0}}
            ↳Other, 0x107096f80, {{0.0, 0.0}, {402.0, 874.0}}
             ↳Other, 0x107096300, {{0.0, 0.0}, {402.0, 874.0}}
              ↳Other, 0x107450000, {{0.0, 0.0}, {402.0, 874.0}}
               ↳Other, 0x107450140, {{0.0, 0.0}, {402.0, 874.0}}
                ↳Other, 0x107450280, {{0.0, 0.0}, {402.0, 874.0}}
                 ↳Other, 0x1074503c0, {{0.0, 0.0}, {402.0, 874.0}}
                  ↳ScrollView, 0x107450500, {{0.0, 0.0}, {402.0, 874.0}}
                   ↳Other, 0x107451400, {{0.0, 168.0}, {402.0, 755.0}}
                    ↳Other, 0x107452e40, {{41.7, 702.7}, {299.7, 82.3}}, label: 'Not sure?', value: Leave this set to ...
                     ↳StaticText, 0x107453200, {{80.0, 727.0}, {261.3, 58.0}}, label: 'Leave this set to U-100 until you confirm with your insulin prescription, pump settings, or care team.'
Query chain:
 →Find: Target Application 'dev.ericslutz.PumpSync'
  Output: {
    Application, 0x11c51b0c0, pid: 75007, label: 'PumpSync'
  }
  ↪︎Find: Descendant with identity binding to AX element pid: 75007, elementOrHash.elementID: 4463245760.264
    Output: {
      StaticText, 0x11c518780, {{80.0, 727.0}, {261.3, 58.0}}, label: 'Leave this set to U-100 until you confirm with your insulin prescription, pump settings, or care team.'
    }

    t =    38.42s Find the Any (Descendant with identity binding to AX element pid: 75007, elementOrHash.elementID: 4463205824.271)
    t =    38.44s Requesting snapshot of accessibility hierarchy for app with pid 75007
    t =    38.49s Find: Descendant with identity binding to AX element pid: 75007, elementOrHash.elementID: 4463205824.271
    t =    38.57s Requesting snapshot of accessibility hierarchy for app with pid 75007
    t =    38.61s Find: Descendant with identity binding to AX element pid: 75007, elementOrHash.elementID: 4463205824.271
    t =    38.61s Requesting snapshot of accessibility hierarchy for app with pid 75007
AUDIT_ISSUE dark-concentration | 1 | Contrast nearly passed | Contrast is not high enough for SwiftUI.AccessibilityNode unless font size is larger. | Attributes: StaticText, 0x107451cc0, {{80.0, 244.5}, {43.0, 18.0}}, label: 'U-100'
Element subtree:
 →StaticText, 0x107451cc0, {{80.0, 244.5}, {43.0, 18.0}}, label: 'U-100'
Path to element:
 →Application, 0x107097c00, pid: 75007, label: 'PumpSync'
  ↳Window (Main), 0x1070970c0, {{0.0, 0.0}, {402.0, 874.0}}
   ↳Other, 0x107097200, {{0.0, 0.0}, {402.0, 874.0}}
    ↳Other, 0x107097700, {{0.0, 0.0}, {402.0, 874.0}}
     ↳Other, 0x107097980, {{0.0, 0.0}, {402.0, 874.0}}
      ↳Other, 0x107097840, {{0.0, 0.0}, {402.0, 874.0}}
       ↳Other, 0x107097480, {{0.0, 0.0}, {402.0, 874.0}}
        ↳Other, 0x1070975c0, {{0.0, 0.0}, {402.0, 874.0}}
         ↳Other, 0x107097340, {{0.0, 0.0}, {402.0, 874.0}}
          ↳Other, 0x107096d00, {{0.0, 0.0}, {402.0, 874.0}}
           ↳Other, 0x107096f80, {{0.0, 0.0}, {402.0, 874.0}}
            ↳Other, 0x107096300, {{0.0, 0.0}, {402.0, 874.0}}
             ↳Other, 0x107096440, {{0.0, 0.0}, {402.0, 874.0}}
              ↳Other, 0x107450140, {{0.0, 0.0}, {402.0, 874.0}}
               ↳Other, 0x107450280, {{0.0, 0.0}, {402.0, 874.0}}
                ↳Other, 0x1074503c0, {{0.0, 0.0}, {402.0, 874.0}}
                 ↳Other, 0x107450500, {{0.0, 0.0}, {402.0, 874.0}}
                  ↳ScrollView, 0x107450640, {{0.0, 0.0}, {402.0, 874.0}}
                   ↳Other, 0x107451540, {{0.0, 168.0}, {402.0, 755.0}}
                    ↳Button, 0x1074517c0, {{38.0, 220.3}, {326.0, 44.0}}, identifier: 'InsulinConcentrationPicker', label: 'Insulin Concentration', value: U-100
                     ↳Button, 0x107451900, {{38.0, 220.3}, {326.0, 44.0}}
                      ↳StaticText, 0x107451cc0, {{80.0, 244.5}, {43.0, 18.0}}, label: 'U-100'
Query chain:
 →Find: Target Application 'dev.ericslutz.PumpSync'
  Output: {
    Application, 0x11c51b0c0, pid: 75007, label: 'PumpSync'
  }
  ↪︎Find: Descendant with identity binding to AX element pid: 75007, elementOrHash.elementID: 4463205824.271
    Output: {
      StaticText, 0x107095a40, {{80.0, 244.5}, {43.0, 18.0}}, label: 'U-100'
    }

    t =    38.67s Find the Any (Descendant with identity binding to AX element pid: 75007, elementOrHash.elementID: 4463200000.272)
    t =    38.70s Requesting snapshot of accessibility hierarchy for app with pid 75007
    t =    38.74s Find: Descendant with identity binding to AX element pid: 75007, elementOrHash.elementID: 4463200000.272
    t =    38.83s Requesting snapshot of accessibility hierarchy for app with pid 75007
    t =    38.88s Find: Descendant with identity binding to AX element pid: 75007, elementOrHash.elementID: 4463200000.272
    t =    38.88s Requesting snapshot of accessibility hierarchy for app with pid 75007
AUDIT_ISSUE dark-concentration | 1 | Contrast nearly passed | Contrast is not high enough for SwiftUI.AccessibilityNode unless font size is larger. | Attributes: StaticText, 0x107451e00, {{309.0, 233.3}, {55.0, 18.0}}, label: 'Change'
Element subtree:
 →StaticText, 0x107451e00, {{309.0, 233.3}, {55.0, 18.0}}, label: 'Change'
Path to element:
 →Application, 0x107097c00, pid: 75007, label: 'PumpSync'
  ↳Window (Main), 0x1070970c0, {{0.0, 0.0}, {402.0, 874.0}}
   ↳Other, 0x107097200, {{0.0, 0.0}, {402.0, 874.0}}
    ↳Other, 0x107097700, {{0.0, 0.0}, {402.0, 874.0}}
     ↳Other, 0x107097980, {{0.0, 0.0}, {402.0, 874.0}}
      ↳Other, 0x107097840, {{0.0, 0.0}, {402.0, 874.0}}
       ↳Other, 0x107097480, {{0.0, 0.0}, {402.0, 874.0}}
        ↳Other, 0x1070975c0, {{0.0, 0.0}, {402.0, 874.0}}
         ↳Other, 0x107097340, {{0.0, 0.0}, {402.0, 874.0}}
          ↳Other, 0x107096d00, {{0.0, 0.0}, {402.0, 874.0}}
           ↳Other, 0x107096f80, {{0.0, 0.0}, {402.0, 874.0}}
            ↳Other, 0x107096300, {{0.0, 0.0}, {402.0, 874.0}}
             ↳Other, 0x107096440, {{0.0, 0.0}, {402.0, 874.0}}
              ↳Other, 0x107450140, {{0.0, 0.0}, {402.0, 874.0}}
               ↳Other, 0x107450280, {{0.0, 0.0}, {402.0, 874.0}}
                ↳Other, 0x1074503c0, {{0.0, 0.0}, {402.0, 874.0}}
                 ↳Other, 0x107450500, {{0.0, 0.0}, {402.0, 874.0}}
                  ↳ScrollView, 0x107450640, {{0.0, 0.0}, {402.0, 874.0}}
                   ↳Other, 0x107451540, {{0.0, 168.0}, {402.0, 755.0}}
                    ↳Button, 0x1074517c0, {{38.0, 220.3}, {326.0, 44.0}}, identifier: 'InsulinConcentrationPicker', label: 'Insulin Concentration', value: U-100
                     ↳Button, 0x107451900, {{38.0, 220.3}, {326.0, 44.0}}
                      ↳StaticText, 0x107451e00, {{309.0, 233.3}, {55.0, 18.0}}, label: 'Change'
Query chain:
 →Find: Target Application 'dev.ericslutz.PumpSync'
  Output: {
    Application, 0x11c51b0c0, pid: 75007, label: 'PumpSync'
  }
  ↪︎Find: Descendant with identity binding to AX element pid: 75007, elementOrHash.elementID: 4463200000.272
    Output: {
      StaticText, 0x107096800, {{309.0, 233.3}, {55.0, 18.0}}, label: 'Change'
    }

    t =    38.93s Tap Button (First Match)
    t =    38.93s     Wait for dev.ericslutz.PumpSync to idle
    t =    38.93s     Find the Button (First Match)
    t =    38.97s     Check for interrupting elements affecting "BackButton" Button
    t =    39.00s     Synthesize event
    t =    39.30s     Wait for dev.ericslutz.PumpSync to idle
    t =    39.75s Find the "DataHandlingLink" Button
    t =    39.82s Find the "DataHandlingLink" Button
    t =    39.88s Tap "DataHandlingLink" Button
    t =    39.88s     Wait for dev.ericslutz.PumpSync to idle
    t =    39.88s     Find the "DataHandlingLink" Button
    t =    39.92s     Check for interrupting elements affecting "DataHandlingLink" Button
    t =    39.95s     Synthesize event
    t =    40.25s     Wait for dev.ericslutz.PumpSync to idle
    t =    41.13s Find the Target Application 'dev.ericslutz.PumpSync'
    t =    41.29s Added attachment named 'dark-privacy.png'
    t =    41.29s Requesting snapshot of accessibility hierarchy for app with pid 75007
    t =    41.48s Requesting snapshot of accessibility hierarchy for app with pid 75007
    t =    41.53s Added attachment named 'dark-privacy-tree.txt'
    t =    43.62s Find the Any (Descendant with identity binding to AX element pid: 75007, elementOrHash.elementID: 4463184512.290)
    t =    43.66s Requesting snapshot of accessibility hierarchy for app with pid 75007
    t =    43.71s Find: Descendant with identity binding to AX element pid: 75007, elementOrHash.elementID: 4463184512.290
    t =    43.79s Requesting snapshot of accessibility hierarchy for app with pid 75007
    t =    43.83s Find: Descendant with identity binding to AX element pid: 75007, elementOrHash.elementID: 4463184512.290
    t =    43.84s Requesting snapshot of accessibility hierarchy for app with pid 75007
AUDIT_ISSUE dark-privacy | 1 | Contrast nearly passed | Contrast is not high enough for SwiftUI.AccessibilityNode unless font size is larger. | Attributes: StaticText, 0x107451cc0, {{24.0, 180.0}, {91.3, 20.3}}, label: 'Credentials'
Element subtree:
 →StaticText, 0x107451cc0, {{24.0, 180.0}, {91.3, 20.3}}, label: 'Credentials'
Path to element:
 →Application, 0x1070a8f00, pid: 75007, label: 'PumpSync'
  ↳Window (Main), 0x1070a9180, {{0.0, 0.0}, {402.0, 874.0}}
   ↳Other, 0x1070a9040, {{0.0, 0.0}, {402.0, 874.0}}
    ↳Other, 0x1070abe80, {{0.0, 0.0}, {402.0, 874.0}}
     ↳Other, 0x1070aaf80, {{0.0, 0.0}, {402.0, 874.0}}
      ↳Other, 0x1070ab840, {{0.0, 0.0}, {402.0, 874.0}}
       ↳Other, 0x1070abc00, {{0.0, 0.0}, {402.0, 874.0}}
        ↳Other, 0x1070a9f40, {{0.0, 0.0}, {402.0, 874.0}}
         ↳Other, 0x1070a9e00, {{0.0, 0.0}, {402.0, 874.0}}
          ↳Other, 0x1070aae40, {{0.0, 0.0}, {402.0, 874.0}}
           ↳Other, 0x107450000, {{0.0, 0.0}, {402.0, 874.0}}
            ↳Other, 0x107450140, {{0.0, 0.0}, {402.0, 874.0}}
             ↳Other, 0x107450280, {{0.0, 0.0}, {402.0, 874.0}}
              ↳Other, 0x107450780, {{0.0, 0.0}, {402.0, 874.0}}
               ↳Other, 0x1074508c0, {{0.0, 0.0}, {402.0, 874.0}}
                ↳Other, 0x107450a00, {{0.0, 0.0}, {402.0, 874.0}}
                 ↳Other, 0x107450b40, {{0.0, 0.0}, {402.0, 874.0}}
                  ↳ScrollView, 0x107450c80, {{0.0, 0.0}, {402.0, 874.0}}
                   ↳Other, 0x107451b80, {{0.0, 168.0}, {402.0, 953.0}}
                    ↳StaticText, 0x107451cc0, {{24.0, 180.0}, {91.3, 20.3}}, label: 'Credentials'
Query chain:
 →Find: Target Application 'dev.ericslutz.PumpSync'
  Output: {
    Application, 0x11c520b40, pid: 75007, label: 'PumpSync'
  }
  ↪︎Find: Descendant with identity binding to AX element pid: 75007, elementOrHash.elementID: 4463184512.290
    Output: {
      StaticText, 0x1070aa800, {{24.0, 180.0}, {91.3, 20.3}}, label: 'Credentials'
    }

    t =    43.89s Find the Any (Descendant with identity binding to AX element pid: 75007, elementOrHash.elementID: 4463209856.293)
    t =    43.92s Requesting snapshot of accessibility hierarchy for app with pid 75007
    t =    43.97s Find: Descendant with identity binding to AX element pid: 75007, elementOrHash.elementID: 4463209856.293
    t =    44.05s Requesting snapshot of accessibility hierarchy for app with pid 75007
    t =    44.10s Find: Descendant with identity binding to AX element pid: 75007, elementOrHash.elementID: 4463209856.293
    t =    44.10s Requesting snapshot of accessibility hierarchy for app with pid 75007
AUDIT_ISSUE dark-privacy | 1 | Contrast nearly passed | Contrast is not high enough for SwiftUI.AccessibilityNode unless font size is larger. | Attributes: StaticText, 0x107452800, {{24.0, 397.3}, {87.3, 20.3}}, label: 'Pump Data'
Element subtree:
 →StaticText, 0x107452800, {{24.0, 397.3}, {87.3, 20.3}}, label: 'Pump Data'
Path to element:
 →Application, 0x1070a8f00, pid: 75007, label: 'PumpSync'
  ↳Window (Main), 0x1070a9180, {{0.0, 0.0}, {402.0, 874.0}}
   ↳Other, 0x1070a9040, {{0.0, 0.0}, {402.0, 874.0}}
    ↳Other, 0x1070abe80, {{0.0, 0.0}, {402.0, 874.0}}
     ↳Other, 0x1070aaf80, {{0.0, 0.0}, {402.0, 874.0}}
      ↳Other, 0x1070ab840, {{0.0, 0.0}, {402.0, 874.0}}
       ↳Other, 0x1070abc00, {{0.0, 0.0}, {402.0, 874.0}}
        ↳Other, 0x1070a9f40, {{0.0, 0.0}, {402.0, 874.0}}
         ↳Other, 0x1070a9e00, {{0.0, 0.0}, {402.0, 874.0}}
          ↳Other, 0x1070aae40, {{0.0, 0.0}, {402.0, 874.0}}
           ↳Other, 0x107450000, {{0.0, 0.0}, {402.0, 874.0}}
            ↳Other, 0x107450140, {{0.0, 0.0}, {402.0, 874.0}}
             ↳Other, 0x107450280, {{0.0, 0.0}, {402.0, 874.0}}
              ↳Other, 0x107450780, {{0.0, 0.0}, {402.0, 874.0}}
               ↳Other, 0x1074508c0, {{0.0, 0.0}, {402.0, 874.0}}
                ↳Other, 0x107450a00, {{0.0, 0.0}, {402.0, 874.0}}
                 ↳Other, 0x107450b40, {{0.0, 0.0}, {402.0, 874.0}}
                  ↳ScrollView, 0x107450c80, {{0.0, 0.0}, {402.0, 874.0}}
                   ↳Other, 0x107451b80, {{0.0, 168.0}, {402.0, 953.0}}
                    ↳StaticText, 0x107452800, {{24.0, 397.3}, {87.3, 20.3}}, label: 'Pump Data'
Query chain:
 →Find: Target Application 'dev.ericslutz.PumpSync'
  Output: {
    Application, 0x11c520b40, pid: 75007, label: 'PumpSync'
  }
  ↪︎Find: Descendant with identity binding to AX element pid: 75007, elementOrHash.elementID: 4463209856.293
    Output: {
      StaticText, 0x11c518780, {{24.0, 397.3}, {87.3, 20.3}}, label: 'Pump Data'
    }

    t =    44.16s Find the Any (Descendant with identity binding to AX element pid: 75007, elementOrHash.elementID: 4463199104.296)
    t =    44.19s Requesting snapshot of accessibility hierarchy for app with pid 75007
    t =    44.23s Find: Descendant with identity binding to AX element pid: 75007, elementOrHash.elementID: 4463199104.296
    t =    44.31s Requesting snapshot of accessibility hierarchy for app with pid 75007
    t =    44.36s Find: Descendant with identity binding to AX element pid: 75007, elementOrHash.elementID: 4463199104.296
    t =    44.36s Requesting snapshot of accessibility hierarchy for app with pid 75007
AUDIT_ISSUE dark-privacy | 1 | Contrast nearly passed | Contrast is not high enough for SwiftUI.AccessibilityNode unless font size is larger. | Attributes: StaticText, 0x107453340, {{24.0, 654.7}, {112.7, 20.3}}, label: 'Other Devices'
Element subtree:
 →StaticText, 0x107453340, {{24.0, 654.7}, {112.7, 20.3}}, label: 'Other Devices'
Path to element:
 →Application, 0x1070a8f00, pid: 75007, label: 'PumpSync'
  ↳Window (Main), 0x1070a9180, {{0.0, 0.0}, {402.0, 874.0}}
   ↳Other, 0x1070a9040, {{0.0, 0.0}, {402.0, 874.0}}
    ↳Other, 0x1070abe80, {{0.0, 0.0}, {402.0, 874.0}}
     ↳Other, 0x1070aaf80, {{0.0, 0.0}, {402.0, 874.0}}
      ↳Other, 0x1070ab840, {{0.0, 0.0}, {402.0, 874.0}}
       ↳Other, 0x1070abc00, {{0.0, 0.0}, {402.0, 874.0}}
        ↳Other, 0x1070a9f40, {{0.0, 0.0}, {402.0, 874.0}}
         ↳Other, 0x1070a9e00, {{0.0, 0.0}, {402.0, 874.0}}
          ↳Other, 0x1070aae40, {{0.0, 0.0}, {402.0, 874.0}}
           ↳Other, 0x107450000, {{0.0, 0.0}, {402.0, 874.0}}
            ↳Other, 0x107450140, {{0.0, 0.0}, {402.0, 874.0}}
             ↳Other, 0x107450280, {{0.0, 0.0}, {402.0, 874.0}}
              ↳Other, 0x107450780, {{0.0, 0.0}, {402.0, 874.0}}
               ↳Other, 0x1074508c0, {{0.0, 0.0}, {402.0, 874.0}}
                ↳Other, 0x107450a00, {{0.0, 0.0}, {402.0, 874.0}}
                 ↳Other, 0x107450b40, {{0.0, 0.0}, {402.0, 874.0}}
                  ↳ScrollView, 0x107450c80, {{0.0, 0.0}, {402.0, 874.0}}
                   ↳Other, 0x107451b80, {{0.0, 168.0}, {402.0, 953.0}}
                    ↳StaticText, 0x107453340, {{24.0, 654.7}, {112.7, 20.3}}, label: 'Other Devices'
Query chain:
 →Find: Target Application 'dev.ericslutz.PumpSync'
  Output: {
    Application, 0x11c520b40, pid: 75007, label: 'PumpSync'
  }
  ↪︎Find: Descendant with identity binding to AX element pid: 75007, elementOrHash.elementID: 4463199104.296
    Output: {
      StaticText, 0x11c5192c0, {{24.0, 654.7}, {112.7, 20.3}}, label: 'Other Devices'
    }

    t =    44.42s Find the Any (Descendant with identity binding to AX element pid: 75007, elementOrHash.elementID: 4463277632.298)
    t =    44.45s Requesting snapshot of accessibility hierarchy for app with pid 75007
    t =    44.49s Find: Descendant with identity binding to AX element pid: 75007, elementOrHash.elementID: 4463277632.298
    t =    44.57s Requesting snapshot of accessibility hierarchy for app with pid 75007
    t =    44.62s Find: Descendant with identity binding to AX element pid: 75007, elementOrHash.elementID: 4463277632.298
    t =    44.62s Requesting snapshot of accessibility hierarchy for app with pid 75007
AUDIT_ISSUE dark-privacy | 1 | Contrast failed | Contrast failed for SwiftUI.AccessibilityNode | Attributes: StaticText, 0x107453980, {{24.0, 817.3}, {107.3, 20.3}}, label: 'Data Deletion'
Element subtree:
 →StaticText, 0x107453980, {{24.0, 817.3}, {107.3, 20.3}}, label: 'Data Deletion'
Path to element:
 →Application, 0x1070a8f00, pid: 75007, label: 'PumpSync'
  ↳Window (Main), 0x1070a9180, {{0.0, 0.0}, {402.0, 874.0}}
   ↳Other, 0x1070a9040, {{0.0, 0.0}, {402.0, 874.0}}
    ↳Other, 0x1070abe80, {{0.0, 0.0}, {402.0, 874.0}}
     ↳Other, 0x1070aaf80, {{0.0, 0.0}, {402.0, 874.0}}
      ↳Other, 0x1070ab840, {{0.0, 0.0}, {402.0, 874.0}}
       ↳Other, 0x1070abc00, {{0.0, 0.0}, {402.0, 874.0}}
        ↳Other, 0x1070a9f40, {{0.0, 0.0}, {402.0, 874.0}}
         ↳Other, 0x1070a9e00, {{0.0, 0.0}, {402.0, 874.0}}
          ↳Other, 0x1070aae40, {{0.0, 0.0}, {402.0, 874.0}}
           ↳Other, 0x107450000, {{0.0, 0.0}, {402.0, 874.0}}
            ↳Other, 0x107450140, {{0.0, 0.0}, {402.0, 874.0}}
             ↳Other, 0x107450280, {{0.0, 0.0}, {402.0, 874.0}}
              ↳Other, 0x107450780, {{0.0, 0.0}, {402.0, 874.0}}
               ↳Other, 0x1074508c0, {{0.0, 0.0}, {402.0, 874.0}}
                ↳Other, 0x107450a00, {{0.0, 0.0}, {402.0, 874.0}}
                 ↳Other, 0x107450b40, {{0.0, 0.0}, {402.0, 874.0}}
                  ↳ScrollView, 0x107450c80, {{0.0, 0.0}, {402.0, 874.0}}
                   ↳Other, 0x107451b80, {{0.0, 168.0}, {402.0, 953.0}}
                    ↳StaticText, 0x107453980, {{24.0, 817.3}, {107.3, 20.3}}, label: 'Data Deletion'
Query chain:
 →Find: Target Application 'dev.ericslutz.PumpSync'
  Output: {
    Application, 0x11c520b40, pid: 75007, label: 'PumpSync'
  }
  ↪︎Find: Descendant with identity binding to AX element pid: 75007, elementOrHash.elementID: 4463277632.298
    Output: {
      StaticText, 0x11c519900, {{24.0, 817.3}, {107.3, 20.3}}, label: 'Data Deletion'
    }

    t =    44.68s Find the Any (Descendant with identity binding to AX element pid: 75007, elementOrHash.elementID: 4463195712.306)
    t =    44.71s Requesting snapshot of accessibility hierarchy for app with pid 75007
    t =    44.76s Find: Descendant with identity binding to AX element pid: 75007, elementOrHash.elementID: 4463195712.306
    t =    44.84s Requesting snapshot of accessibility hierarchy for app with pid 75007
    t =    44.89s Find: Descendant with identity binding to AX element pid: 75007, elementOrHash.elementID: 4463195712.306
    t =    44.89s Requesting snapshot of accessibility hierarchy for app with pid 75007
AUDIT_ISSUE dark-privacy | 1 | Contrast nearly passed | Contrast is not high enough for SwiftUI.AccessibilityNode unless font size is larger. | Attributes: StaticText, 0x107452300, {{80.0, 250.7}, {251.7, 38.0}}, label: 'Your pump account sign-in is stored securely on this device.'
Element subtree:
 →StaticText, 0x107452300, {{80.0, 250.7}, {251.7, 38.0}}, label: 'Your pump account sign-in is stored securely on this device.'
Path to element:
 →Application, 0x1070a9180, pid: 75007, label: 'PumpSync'
  ↳Window (Main), 0x1070a9040, {{0.0, 0.0}, {402.0, 874.0}}
   ↳Other, 0x1070abe80, {{0.0, 0.0}, {402.0, 874.0}}
    ↳Other, 0x1070aaf80, {{0.0, 0.0}, {402.0, 874.0}}
     ↳Other, 0x1070ab840, {{0.0, 0.0}, {402.0, 874.0}}
      ↳Other, 0x1070abc00, {{0.0, 0.0}, {402.0, 874.0}}
       ↳Other, 0x1070a9f40, {{0.0, 0.0}, {402.0, 874.0}}
        ↳Other, 0x1070a9e00, {{0.0, 0.0}, {402.0, 874.0}}
         ↳Other, 0x1070aae40, {{0.0, 0.0}, {402.0, 874.0}}
          ↳Other, 0x107450000, {{0.0, 0.0}, {402.0, 874.0}}
           ↳Other, 0x107450140, {{0.0, 0.0}, {402.0, 874.0}}
            ↳Other, 0x107450280, {{0.0, 0.0}, {402.0, 874.0}}
             ↳Other, 0x1074503c0, {{0.0, 0.0}, {402.0, 874.0}}
              ↳Other, 0x1074508c0, {{0.0, 0.0}, {402.0, 874.0}}
               ↳Other, 0x107450a00, {{0.0, 0.0}, {402.0, 874.0}}
                ↳Other, 0x107450b40, {{0.0, 0.0}, {402.0, 874.0}}
                 ↳Other, 0x107450c80, {{0.0, 0.0}, {402.0, 874.0}}
                  ↳ScrollView, 0x107450dc0, {{0.0, 0.0}, {402.0, 874.0}}
                   ↳Other, 0x107451cc0, {{0.0, 168.0}, {402.0, 953.0}}
                    ↳Other, 0x107451f40, {{45.3, 226.3}, {286.3, 62.3}}, label: 'Stored on this device', value: Your pump account ...
                     ↳StaticText, 0x107452300, {{80.0, 250.7}, {251.7, 38.0}}, label: 'Your pump account sign-in is stored securely on this device.'
Query chain:
 →Find: Target Application 'dev.ericslutz.PumpSync'
  Output: {
    Application, 0x11c520b40, pid: 75007, label: 'PumpSync'
  }
  ↪︎Find: Descendant with identity binding to AX element pid: 75007, elementOrHash.elementID: 4463195712.306
    Output: {
      StaticText, 0x11c518140, {{80.0, 250.7}, {251.7, 38.0}}, label: 'Your pump account sign-in is stored securely on this device.'
    }

    t =    44.94s Find the Any (Descendant with identity binding to AX element pid: 75007, elementOrHash.elementID: 4463209408.309)
    t =    44.98s Requesting snapshot of accessibility hierarchy for app with pid 75007
    t =    45.02s Find: Descendant with identity binding to AX element pid: 75007, elementOrHash.elementID: 4463209408.309
    t =    45.11s Requesting snapshot of accessibility hierarchy for app with pid 75007
    t =    45.15s Find: Descendant with identity binding to AX element pid: 75007, elementOrHash.elementID: 4463209408.309
    t =    45.16s Requesting snapshot of accessibility hierarchy for app with pid 75007
AUDIT_ISSUE dark-privacy | 1 | Contrast nearly passed | Contrast is not high enough for SwiftUI.AccessibilityNode unless font size is larger. | Attributes: StaticText, 0x107452800, {{80.0, 325.3}, {268.7, 38.0}}, label: 'Your sign-in is sent securely only while PumpSync is syncing.'
Element subtree:
 →StaticText, 0x107452800, {{80.0, 325.3}, {268.7, 38.0}}, label: 'Your sign-in is sent securely only while PumpSync is syncing.'
Path to element:
 →Application, 0x1070a9180, pid: 75007, label: 'PumpSync'
  ↳Window (Main), 0x1070a9040, {{0.0, 0.0}, {402.0, 874.0}}
   ↳Other, 0x1070abe80, {{0.0, 0.0}, {402.0, 874.0}}
    ↳Other, 0x1070aaf80, {{0.0, 0.0}, {402.0, 874.0}}
     ↳Other, 0x1070ab840, {{0.0, 0.0}, {402.0, 874.0}}
      ↳Other, 0x1070abc00, {{0.0, 0.0}, {402.0, 874.0}}
       ↳Other, 0x1070a9f40, {{0.0, 0.0}, {402.0, 874.0}}
        ↳Other, 0x1070a9e00, {{0.0, 0.0}, {402.0, 874.0}}
         ↳Other, 0x1070aae40, {{0.0, 0.0}, {402.0, 874.0}}
          ↳Other, 0x107450000, {{0.0, 0.0}, {402.0, 874.0}}
           ↳Other, 0x107450140, {{0.0, 0.0}, {402.0, 874.0}}
            ↳Other, 0x107450280, {{0.0, 0.0}, {402.0, 874.0}}
             ↳Other, 0x1074503c0, {{0.0, 0.0}, {402.0, 874.0}}
              ↳Other, 0x1074508c0, {{0.0, 0.0}, {402.0, 874.0}}
               ↳Other, 0x107450a00, {{0.0, 0.0}, {402.0, 874.0}}
                ↳Other, 0x107450b40, {{0.0, 0.0}, {402.0, 874.0}}
                 ↳Other, 0x107450c80, {{0.0, 0.0}, {402.0, 874.0}}
                  ↳ScrollView, 0x107450dc0, {{0.0, 0.0}, {402.0, 874.0}}
                   ↳Other, 0x107451cc0, {{0.0, 168.0}, {402.0, 953.0}}
                    ↳Other, 0x107452440, {{44.0, 301.0}, {304.7, 62.3}}, label: 'Sent only for sync', value: Your sign-in is se...
                     ↳StaticText, 0x107452800, {{80.0, 325.3}, {268.7, 38.0}}, label: 'Your sign-in is sent securely only while PumpSync is syncing.'
Query chain:
 →Find: Target Application 'dev.ericslutz.PumpSync'
  Output: {
    Application, 0x11c520b40, pid: 75007, label: 'PumpSync'
  }
  ↪︎Find: Descendant with identity binding to AX element pid: 75007, elementOrHash.elementID: 4463209408.309
    Output: {
      StaticText, 0x11c518640, {{80.0, 325.3}, {268.7, 38.0}}, label: 'Your sign-in is sent securely only while PumpSync is syncing.'
    }

    t =    45.21s Find the Any (Descendant with identity binding to AX element pid: 75007, elementOrHash.elementID: 4463210304.312)
    t =    45.24s Requesting snapshot of accessibility hierarchy for app with pid 75007
    t =    45.29s Find: Descendant with identity binding to AX element pid: 75007, elementOrHash.elementID: 4463210304.312
    t =    45.37s Requesting snapshot of accessibility hierarchy for app with pid 75007
    t =    45.42s Find: Descendant with identity binding to AX element pid: 75007, elementOrHash.elementID: 4463210304.312
    t =    45.42s Requesting snapshot of accessibility hierarchy for app with pid 75007
AUDIT_ISSUE dark-privacy | 1 | Contrast nearly passed | Contrast is not high enough for SwiftUI.AccessibilityNode unless font size is larger. | Attributes: StaticText, 0x107452e40, {{80.0, 468.0}, {270.0, 58.0}}, label: 'PumpSync removes the downloaded pump data after Apple Health confirms it was saved.'
Element subtree:
 →StaticText, 0x107452e40, {{80.0, 468.0}, {270.0, 58.0}}, label: 'PumpSync removes the downloaded pump data after Apple Health confirms it was saved.'
Path to element:
 →Application, 0x1070a9180, pid: 75007, label: 'PumpSync'
  ↳Window (Main), 0x1070a9040, {{0.0, 0.0}, {402.0, 874.0}}
   ↳Other, 0x1070abe80, {{0.0, 0.0}, {402.0, 874.0}}
    ↳Other, 0x1070aaf80, {{0.0, 0.0}, {402.0, 874.0}}
     ↳Other, 0x1070ab840, {{0.0, 0.0}, {402.0, 874.0}}
      ↳Other, 0x1070abc00, {{0.0, 0.0}, {402.0, 874.0}}
       ↳Other, 0x1070a9f40, {{0.0, 0.0}, {402.0, 874.0}}
        ↳Other, 0x1070a9e00, {{0.0, 0.0}, {402.0, 874.0}}
         ↳Other, 0x1070aae40, {{0.0, 0.0}, {402.0, 874.0}}
          ↳Other, 0x107450000, {{0.0, 0.0}, {402.0, 874.0}}
           ↳Other, 0x107450140, {{0.0, 0.0}, {402.0, 874.0}}
            ↳Other, 0x107450280, {{0.0, 0.0}, {402.0, 874.0}}
             ↳Other, 0x1074503c0, {{0.0, 0.0}, {402.0, 874.0}}
              ↳Other, 0x1074508c0, {{0.0, 0.0}, {402.0, 874.0}}
               ↳Other, 0x107450a00, {{0.0, 0.0}, {402.0, 874.0}}
                ↳Other, 0x107450b40, {{0.0, 0.0}, {402.0, 874.0}}
                 ↳Other, 0x107450c80, {{0.0, 0.0}, {402.0, 874.0}}
                  ↳ScrollView, 0x107450dc0, {{0.0, 0.0}, {402.0, 874.0}}
                   ↳Other, 0x107451cc0, {{0.0, 168.0}, {402.0, 953.0}}
                    ↳Other, 0x107452a80, {{35.7, 443.7}, {314.3, 82.3}}, label: 'Not retained after write', value: PumpSync removes t...
                     ↳StaticText, 0x107452e40, {{80.0, 468.0}, {270.0, 58.0}}, label: 'PumpSync removes the downloaded pump data after Apple Health confirms it was saved.'
Query chain:
 →Find: Target Application 'dev.ericslutz.PumpSync'
  Output: {
    Application, 0x11c520b40, pid: 75007, label: 'PumpSync'
  }
  ↪︎Find: Descendant with identity binding to AX element pid: 75007, elementOrHash.elementID: 4463210304.312
    Output: {
      StaticText, 0x11c518c80, {{80.0, 468.0}, {270.0, 58.0}}, label: 'PumpSync removes the downloaded pump data after Apple Health confirms it was saved.'
    }

    t =    45.47s Find the Any (Descendant with identity binding to AX element pid: 75007, elementOrHash.elementID: 4463204032.315)
    t =    45.50s Requesting snapshot of accessibility hierarchy for app with pid 75007
    t =    45.55s Find: Descendant with identity binding to AX element pid: 75007, elementOrHash.elementID: 4463204032.315
    t =    45.63s Requesting snapshot of accessibility hierarchy for app with pid 75007
    t =    45.68s Find: Descendant with identity binding to AX element pid: 75007, elementOrHash.elementID: 4463204032.315
    t =    45.68s Requesting snapshot of accessibility hierarchy for app with pid 75007
AUDIT_ISSUE dark-privacy | 1 | Contrast nearly passed | Contrast is not high enough for SwiftUI.AccessibilityNode unless font size is larger. | Attributes: StaticText, 0x107453340, {{80.0, 562.7}, {257.7, 58.0}}, label: 'PumpSync keeps a secure record on this device so the same pump data is not added to Apple Health twice.'
Element subtree:
 →StaticText, 0x107453340, {{80.0, 562.7}, {257.7, 58.0}}, label: 'PumpSync keeps a secure record on this device so the same pump data is not added to Apple Health twice.'
Path to element:
 →Application, 0x1070a9180, pid: 75007, label: 'PumpSync'
  ↳Window (Main), 0x1070a9040, {{0.0, 0.0}, {402.0, 874.0}}
   ↳Other, 0x1070abe80, {{0.0, 0.0}, {402.0, 874.0}}
    ↳Other, 0x1070aaf80, {{0.0, 0.0}, {402.0, 874.0}}
     ↳Other, 0x1070ab840, {{0.0, 0.0}, {402.0, 874.0}}
      ↳Other, 0x1070abc00, {{0.0, 0.0}, {402.0, 874.0}}
       ↳Other, 0x1070a9f40, {{0.0, 0.0}, {402.0, 874.0}}
        ↳Other, 0x1070a9e00, {{0.0, 0.0}, {402.0, 874.0}}
         ↳Other, 0x1070aae40, {{0.0, 0.0}, {402.0, 874.0}}
          ↳Other, 0x107450000, {{0.0, 0.0}, {402.0, 874.0}}
           ↳Other, 0x107450140, {{0.0, 0.0}, {402.0, 874.0}}
            ↳Other, 0x107450280, {{0.0, 0.0}, {402.0, 874.0}}
             ↳Other, 0x1074503c0, {{0.0, 0.0}, {402.0, 874.0}}
              ↳Other, 0x1074508c0, {{0.0, 0.0}, {402.0, 874.0}}
               ↳Other, 0x107450a00, {{0.0, 0.0}, {402.0, 874.0}}
                ↳Other, 0x107450b40, {{0.0, 0.0}, {402.0, 874.0}}
                 ↳Other, 0x107450c80, {{0.0, 0.0}, {402.0, 874.0}}
                  ↳ScrollView, 0x107450dc0, {{0.0, 0.0}, {402.0, 874.0}}
                   ↳Other, 0x107451cc0, {{0.0, 168.0}, {402.0, 953.0}}
                    ↳Other, 0x107452f80, {{40.7, 538.3}, {297.0, 82.3}}, label: 'Duplicate prevention', value: PumpSync keeps a s...
                     ↳StaticText, 0x107453340, {{80.0, 562.7}, {257.7, 58.0}}, label: 'PumpSync keeps a secure record on this device so the same pump data is not added to Apple Health twice.'
Query chain:
 →Find: Target Application 'dev.ericslutz.PumpSync'
  Output: {
    Application, 0x11c520b40, pid: 75007, label: 'PumpSync'
  }
  ↪︎Find: Descendant with identity binding to AX element pid: 75007, elementOrHash.elementID: 4463204032.315
    Output: {
      StaticText, 0x11c519180, {{80.0, 562.7}, {257.7, 58.0}}, label: 'PumpSync keeps a secure record on this device so the same pump data is not added to Apple Health twice.'
    }

    t =    45.74s Find the Any (Descendant with identity binding to AX element pid: 75007, elementOrHash.elementID: 4463205824.318)
    t =    45.77s Requesting snapshot of accessibility hierarchy for app with pid 75007
    t =    45.82s Find: Descendant with identity binding to AX element pid: 75007, elementOrHash.elementID: 4463205824.318
    t =    45.90s Requesting snapshot of accessibility hierarchy for app with pid 75007
    t =    45.95s Find: Descendant with identity binding to AX element pid: 75007, elementOrHash.elementID: 4463205824.318
    t =    45.95s Requesting snapshot of accessibility hierarchy for app with pid 75007
AUDIT_ISSUE dark-privacy | 1 | Contrast failed | Contrast failed for SwiftUI.AccessibilityNode | Attributes: StaticText, 0x107453980, {{80.0, 725.3}, {230.3, 58.0}}, label: 'Your pump account sign-in is not synced through iCloud. Set it up separately on each device.'
Element subtree:
 →StaticText, 0x107453980, {{80.0, 725.3}, {230.3, 58.0}}, label: 'Your pump account sign-in is not synced through iCloud. Set it up separately on each device.'
Path to element:
 →Application, 0x1070a9180, pid: 75007, label: 'PumpSync'
  ↳Window (Main), 0x1070a9040, {{0.0, 0.0}, {402.0, 874.0}}
   ↳Other, 0x1070abe80, {{0.0, 0.0}, {402.0, 874.0}}
    ↳Other, 0x1070aaf80, {{0.0, 0.0}, {402.0, 874.0}}
     ↳Other, 0x1070ab840, {{0.0, 0.0}, {402.0, 874.0}}
      ↳Other, 0x1070abc00, {{0.0, 0.0}, {402.0, 874.0}}
       ↳Other, 0x1070a9f40, {{0.0, 0.0}, {402.0, 874.0}}
        ↳Other, 0x1070a9e00, {{0.0, 0.0}, {402.0, 874.0}}
         ↳Other, 0x1070aae40, {{0.0, 0.0}, {402.0, 874.0}}
          ↳Other, 0x107450000, {{0.0, 0.0}, {402.0, 874.0}}
           ↳Other, 0x107450140, {{0.0, 0.0}, {402.0, 874.0}}
            ↳Other, 0x107450280, {{0.0, 0.0}, {402.0, 874.0}}
             ↳Other, 0x1074503c0, {{0.0, 0.0}, {402.0, 874.0}}
              ↳Other, 0x1074508c0, {{0.0, 0.0}, {402.0, 874.0}}
               ↳Other, 0x107450a00, {{0.0, 0.0}, {402.0, 874.0}}
                ↳Other, 0x107450b40, {{0.0, 0.0}, {402.0, 874.0}}
                 ↳Other, 0x107450c80, {{0.0, 0.0}, {402.0, 874.0}}
                  ↳ScrollView, 0x107450dc0, {{0.0, 0.0}, {402.0, 874.0}}
                   ↳Other, 0x107451cc0, {{0.0, 168.0}, {402.0, 953.0}}
                    ↳Other, 0x1074535c0, {{45.7, 701.0}, {264.7, 82.3}}, label: 'Configure each device', value: Your pump account ...
                     ↳StaticText, 0x107453980, {{80.0, 725.3}, {230.3, 58.0}}, label: 'Your pump account sign-in is not synced through iCloud. Set it up separately on each device.'
Query chain:
 →Find: Target Application 'dev.ericslutz.PumpSync'
  Output: {
    Application, 0x11c520b40, pid: 75007, label: 'PumpSync'
  }
  ↪︎Find: Descendant with identity binding to AX element pid: 75007, elementOrHash.elementID: 4463205824.318
    Output: {
      StaticText, 0x11c5197c0, {{80.0, 725.3}, {230.3, 58.0}}, label: 'Your pump account sign-in is not synced through iCloud. Set it up separately on each device.'
    }

    t =    46.01s Find the Any (Descendant with identity binding to AX element pid: 75007, elementOrHash.elementID: 4463278528.320)
    t =    46.04s Requesting snapshot of accessibility hierarchy for app with pid 75007
    t =    46.09s Find: Descendant with identity binding to AX element pid: 75007, elementOrHash.elementID: 4463278528.320
    t =    46.17s Requesting snapshot of accessibility hierarchy for app with pid 75007
    t =    46.22s Find: Descendant with identity binding to AX element pid: 75007, elementOrHash.elementID: 4463278528.320
    t =    46.22s Requesting snapshot of accessibility hierarchy for app with pid 75007
AUDIT_ISSUE dark-privacy | 1 | Contrast failed | Contrast failed for SwiftUI.AccessibilityNode | Attributes: StaticText, 0x107453e80, {{80.0, 863.7}, {173.7, 20.3}}, label: 'Delete PumpSync data'
Element subtree:
 →StaticText, 0x107453e80, {{80.0, 863.7}, {173.7, 20.3}}, label: 'Delete PumpSync data'
Path to element:
 →Application, 0x1070a9180, pid: 75007, label: 'PumpSync'
  ↳Window (Main), 0x1070a9040, {{0.0, 0.0}, {402.0, 874.0}}
   ↳Other, 0x1070abe80, {{0.0, 0.0}, {402.0, 874.0}}
    ↳Other, 0x1070aaf80, {{0.0, 0.0}, {402.0, 874.0}}
     ↳Other, 0x1070ab840, {{0.0, 0.0}, {402.0, 874.0}}
      ↳Other, 0x1070abc00, {{0.0, 0.0}, {402.0, 874.0}}
       ↳Other, 0x1070a9f40, {{0.0, 0.0}, {402.0, 874.0}}
        ↳Other, 0x1070a9e00, {{0.0, 0.0}, {402.0, 874.0}}
         ↳Other, 0x1070aae40, {{0.0, 0.0}, {402.0, 874.0}}
          ↳Other, 0x107450000, {{0.0, 0.0}, {402.0, 874.0}}
           ↳Other, 0x107450140, {{0.0, 0.0}, {402.0, 874.0}}
            ↳Other, 0x107450280, {{0.0, 0.0}, {402.0, 874.0}}
             ↳Other, 0x1074503c0, {{0.0, 0.0}, {402.0, 874.0}}
              ↳Other, 0x1074508c0, {{0.0, 0.0}, {402.0, 874.0}}
               ↳Other, 0x107450a00, {{0.0, 0.0}, {402.0, 874.0}}
                ↳Other, 0x107450b40, {{0.0, 0.0}, {402.0, 874.0}}
                 ↳Other, 0x107450c80, {{0.0, 0.0}, {402.0, 874.0}}
                  ↳ScrollView, 0x107450dc0, {{0.0, 0.0}, {402.0, 874.0}}
                   ↳Other, 0x107451cc0, {{0.0, 168.0}, {402.0, 953.0}}
                    ↳Other, 0x107453c00, {{40.3, 863.7}, {309.7, 82.3}}, label: 'Delete PumpSync data', value: PumpSync can prepa...
                     ↳StaticText, 0x107453e80, {{80.0, 863.7}, {173.7, 20.3}}, label: 'Delete PumpSync data'
Query chain:
 →Find: Target Application 'dev.ericslutz.PumpSync'
  Output: {
    Application, 0x11c520b40, pid: 75007, label: 'PumpSync'
  }
  ↪︎Find: Descendant with identity binding to AX element pid: 75007, elementOrHash.elementID: 4463278528.320
    Output: {
      StaticText, 0x11c519cc0, {{80.0, 863.7}, {173.7, 20.3}}, label: 'Delete PumpSync data'
    }

    t =    46.27s Tap Button (First Match)
    t =    46.27s     Wait for dev.ericslutz.PumpSync to idle
    t =    46.28s     Find the Button (First Match)
    t =    46.31s     Check for interrupting elements affecting "BackButton" Button
    t =    46.34s     Synthesize event
    t =    46.65s     Wait for dev.ericslutz.PumpSync to idle
    t =    46.98s Find the "AboutPumpSyncLink" Button
    t =    47.05s Find the "AboutPumpSyncLink" Button
    t =    47.10s Tap "AboutPumpSyncLink" Button
    t =    47.10s     Wait for dev.ericslutz.PumpSync to idle
    t =    47.11s     Find the "AboutPumpSyncLink" Button
    t =    47.15s     Check for interrupting elements affecting "AboutPumpSyncLink" Button
    t =    47.18s     Synthesize event
    t =    47.47s     Wait for dev.ericslutz.PumpSync to idle
    t =    48.24s Find the Target Application 'dev.ericslutz.PumpSync'
    t =    48.37s Added attachment named 'dark-about.png'
    t =    48.37s Requesting snapshot of accessibility hierarchy for app with pid 75007
    t =    48.51s Requesting snapshot of accessibility hierarchy for app with pid 75007
    t =    48.55s Added attachment named 'dark-about-tree.txt'
    t =    50.54s Find the Any (Descendant with identity binding to AX element pid: 75007, elementOrHash.elementID: 4463264192.343)
    t =    50.58s Requesting snapshot of accessibility hierarchy for app with pid 75007
    t =    50.61s Find: Descendant with identity binding to AX element pid: 75007, elementOrHash.elementID: 4463264192.343
    t =    50.69s Requesting snapshot of accessibility hierarchy for app with pid 75007
    t =    50.73s Find: Descendant with identity binding to AX element pid: 75007, elementOrHash.elementID: 4463264192.343
    t =    50.73s Requesting snapshot of accessibility hierarchy for app with pid 75007
AUDIT_ISSUE dark-about | 1 | Contrast nearly passed | Contrast is not high enough for SwiftUI.AccessibilityNode unless font size is larger. | Attributes: StaticText, 0x107453e80, {{24.0, 180.0}, {138.0, 20.3}}, label: 'About PumpSync'
Element subtree:
 →StaticText, 0x107453e80, {{24.0, 180.0}, {138.0, 20.3}}, label: 'About PumpSync'
Path to element:
 →Application, 0x107451540, pid: 75007, label: 'PumpSync'
  ↳Window (Main), 0x107451680, {{0.0, 0.0}, {402.0, 874.0}}
   ↳Other, 0x1074517c0, {{0.0, 0.0}, {402.0, 874.0}}
    ↳Other, 0x107451900, {{0.0, 0.0}, {402.0, 874.0}}
     ↳Other, 0x107451a40, {{0.0, 0.0}, {402.0, 874.0}}
      ↳Other, 0x107451b80, {{0.0, 0.0}, {402.0, 874.0}}
       ↳Other, 0x107451cc0, {{0.0, 0.0}, {402.0, 874.0}}
        ↳Other, 0x107451e00, {{0.0, 0.0}, {402.0, 874.0}}
         ↳Other, 0x107451f40, {{0.0, 0.0}, {402.0, 874.0}}
          ↳Other, 0x107452080, {{0.0, 0.0}, {402.0, 874.0}}
           ↳Other, 0x1074521c0, {{0.0, 0.0}, {402.0, 874.0}}
            ↳Other, 0x107452300, {{0.0, 0.0}, {402.0, 874.0}}
             ↳Other, 0x107452440, {{0.0, 0.0}, {402.0, 874.0}}
              ↳Other, 0x107452940, {{0.0, 0.0}, {402.0, 874.0}}
               ↳Other, 0x107452a80, {{0.0, 0.0}, {402.0, 874.0}}
                ↳Other, 0x107452bc0, {{0.0, 0.0}, {402.0, 874.0}}
                 ↳Other, 0x107452d00, {{0.0, 0.0}, {402.0, 874.0}}
                  ↳ScrollView, 0x107452e40, {{0.0, 0.0}, {402.0, 874.0}}
                   ↳Other, 0x107453d40, {{0.0, 168.0}, {402.0, 726.7}}
                    ↳StaticText, 0x107453e80, {{24.0, 180.0}, {138.0, 20.3}}, label: 'About PumpSync'
Query chain:
 →Find: Target Application 'dev.ericslutz.PumpSync'
  Output: {
    Application, 0x1070970c0, pid: 75007, label: 'PumpSync'
  }
  ↪︎Find: Descendant with identity binding to AX element pid: 75007, elementOrHash.elementID: 4463264192.343
    Output: {
      StaticText, 0x107094000, {{24.0, 180.0}, {138.0, 20.3}}, label: 'About PumpSync'
    }

    t =    50.77s Find the Any (Descendant with identity binding to AX element pid: 75007, elementOrHash.elementID: 4463265088.345)
    t =    50.79s Requesting snapshot of accessibility hierarchy for app with pid 75007
    t =    50.83s Find: Descendant with identity binding to AX element pid: 75007, elementOrHash.elementID: 4463265088.345
    t =    50.90s Requesting snapshot of accessibility hierarchy for app with pid 75007
    t =    50.94s Find: Descendant with identity binding to AX element pid: 75007, elementOrHash.elementID: 4463265088.345
    t =    50.94s Requesting snapshot of accessibility hierarchy for app with pid 75007
AUDIT_ISSUE dark-about | 1 | Contrast nearly passed | Contrast is not high enough for SwiftUI.AccessibilityNode unless font size is larger. | Attributes: StaticText, 0x114ba0140, {{24.0, 342.7}, {158.0, 20.3}}, label: 'How Syncing Works'
Element subtree:
 →StaticText, 0x114ba0140, {{24.0, 342.7}, {158.0, 20.3}}, label: 'How Syncing Works'
Path to element:
 →Application, 0x107451540, pid: 75007, label: 'PumpSync'
  ↳Window (Main), 0x107451680, {{0.0, 0.0}, {402.0, 874.0}}
   ↳Other, 0x1074517c0, {{0.0, 0.0}, {402.0, 874.0}}
    ↳Other, 0x107451900, {{0.0, 0.0}, {402.0, 874.0}}
     ↳Other, 0x107451a40, {{0.0, 0.0}, {402.0, 874.0}}
      ↳Other, 0x107451b80, {{0.0, 0.0}, {402.0, 874.0}}
       ↳Other, 0x107451cc0, {{0.0, 0.0}, {402.0, 874.0}}
        ↳Other, 0x107451e00, {{0.0, 0.0}, {402.0, 874.0}}
         ↳Other, 0x107451f40, {{0.0, 0.0}, {402.0, 874.0}}
          ↳Other, 0x107452080, {{0.0, 0.0}, {402.0, 874.0}}
           ↳Other, 0x1074521c0, {{0.0, 0.0}, {402.0, 874.0}}
            ↳Other, 0x107452300, {{0.0, 0.0}, {402.0, 874.0}}
             ↳Other, 0x107452440, {{0.0, 0.0}, {402.0, 874.0}}
              ↳Other, 0x107452940, {{0.0, 0.0}, {402.0, 874.0}}
               ↳Other, 0x107452a80, {{0.0, 0.0}, {402.0, 874.0}}
                ↳Other, 0x107452bc0, {{0.0, 0.0}, {402.0, 874.0}}
                 ↳Other, 0x107452d00, {{0.0, 0.0}, {402.0, 874.0}}
                  ↳ScrollView, 0x107452e40, {{0.0, 0.0}, {402.0, 874.0}}
                   ↳Other, 0x107453d40, {{0.0, 168.0}, {402.0, 726.7}}
                    ↳StaticText, 0x114ba0140, {{24.0, 342.7}, {158.0, 20.3}}, label: 'How Syncing Works'
Query chain:
 →Find: Target Application 'dev.ericslutz.PumpSync'
  Output: {
    Application, 0x1070970c0, pid: 75007, label: 'PumpSync'
  }
  ↪︎Find: Descendant with identity binding to AX element pid: 75007, elementOrHash.elementID: 4463265088.345
    Output: {
      StaticText, 0x107094280, {{24.0, 342.7}, {158.0, 20.3}}, label: 'How Syncing Works'
    }

    t =    50.98s Find the Any (Descendant with identity binding to AX element pid: 75007, elementOrHash.elementID: 4463269120.348)
    t =    51.01s Requesting snapshot of accessibility hierarchy for app with pid 75007
    t =    51.04s Find: Descendant with identity binding to AX element pid: 75007, elementOrHash.elementID: 4463269120.348
    t =    51.12s Requesting snapshot of accessibility hierarchy for app with pid 75007
    t =    51.15s Find: Descendant with identity binding to AX element pid: 75007, elementOrHash.elementID: 4463269120.348
    t =    51.15s Requesting snapshot of accessibility hierarchy for app with pid 75007
AUDIT_ISSUE dark-about | 1 | Contrast nearly passed | Contrast is not high enough for SwiftUI.AccessibilityNode unless font size is larger. | Attributes: StaticText, 0x114ba0500, {{24.0, 592.0}, {113.0, 20.3}}, label: 'While Syncing'
Element subtree:
 →StaticText, 0x114ba0500, {{24.0, 592.0}, {113.0, 20.3}}, label: 'While Syncing'
Path to element:
 →Application, 0x107451540, pid: 75007, label: 'PumpSync'
  ↳Window (Main), 0x107451680, {{0.0, 0.0}, {402.0, 874.0}}
   ↳Other, 0x1074517c0, {{0.0, 0.0}, {402.0, 874.0}}
    ↳Other, 0x107451900, {{0.0, 0.0}, {402.0, 874.0}}
     ↳Other, 0x107451a40, {{0.0, 0.0}, {402.0, 874.0}}
      ↳Other, 0x107451b80, {{0.0, 0.0}, {402.0, 874.0}}
       ↳Other, 0x107451cc0, {{0.0, 0.0}, {402.0, 874.0}}
        ↳Other, 0x107451e00, {{0.0, 0.0}, {402.0, 874.0}}
         ↳Other, 0x107451f40, {{0.0, 0.0}, {402.0, 874.0}}
          ↳Other, 0x107452080, {{0.0, 0.0}, {402.0, 874.0}}
           ↳Other, 0x1074521c0, {{0.0, 0.0}, {402.0, 874.0}}
            ↳Other, 0x107452300, {{0.0, 0.0}, {402.0, 874.0}}
             ↳Other, 0x107452440, {{0.0, 0.0}, {402.0, 874.0}}
              ↳Other, 0x107452940, {{0.0, 0.0}, {402.0, 874.0}}
               ↳Other, 0x107452a80, {{0.0, 0.0}, {402.0, 874.0}}
                ↳Other, 0x107452bc0, {{0.0, 0.0}, {402.0, 874.0}}
                 ↳Other, 0x107452d00, {{0.0, 0.0}, {402.0, 874.0}}
                  ↳ScrollView, 0x107452e40, {{0.0, 0.0}, {402.0, 874.0}}
                   ↳Other, 0x107453d40, {{0.0, 168.0}, {402.0, 726.7}}
                    ↳StaticText, 0x114ba0500, {{24.0, 592.0}, {113.0, 20.3}}, label: 'While Syncing'
Query chain:
 →Find: Target Application 'dev.ericslutz.PumpSync'
  Output: {
    Application, 0x1070970c0, pid: 75007, label: 'PumpSync'
  }
  ↪︎Find: Descendant with identity binding to AX element pid: 75007, elementOrHash.elementID: 4463269120.348
    Output: {
      StaticText, 0x107094640, {{24.0, 592.0}, {113.0, 20.3}}, label: 'While Syncing'
    }

    t =    51.19s Tap Button (First Match)
    t =    51.19s     Wait for dev.ericslutz.PumpSync to idle
    t =    51.20s     Find the Button (First Match)
    t =    51.23s     Check for interrupting elements affecting "BackButton" Button
    t =    51.26s     Synthesize event
    t =    51.56s     Wait for dev.ericslutz.PumpSync to idle
    t =    52.01s Find the "DeveloperLink" Button
    t =    52.09s Swipe up Target Application 'dev.ericslutz.PumpSync'
    t =    52.09s     Wait for dev.ericslutz.PumpSync to idle
    t =    52.09s     Find the Target Application 'dev.ericslutz.PumpSync'
    t =    52.12s     Check for interrupting elements affecting "PumpSync" Application
    t =    52.14s     Synthesize event
    t =    52.57s     Wait for dev.ericslutz.PumpSync to idle
    t =    53.06s Find the "DeveloperLink" Button
    t =    53.13s Find the "DeveloperLink" Button
    t =    53.18s Tap "DeveloperLink" Button
    t =    53.18s     Wait for dev.ericslutz.PumpSync to idle
    t =    53.19s     Find the "DeveloperLink" Button
    t =    53.23s     Check for interrupting elements affecting "DeveloperLink" Button
    t =    53.26s     Synthesize event
    t =    53.55s     Wait for dev.ericslutz.PumpSync to idle
    t =    54.54s Find the Target Application 'dev.ericslutz.PumpSync'
    t =    54.73s Added attachment named 'dark-developer.png'
    t =    54.73s Requesting snapshot of accessibility hierarchy for app with pid 75007
    t =    55.22s Requesting snapshot of accessibility hierarchy for app with pid 75007
    t =    55.34s Added attachment named 'dark-developer-tree.txt'
    t =    57.53s Find the Any (Descendant with identity binding to AX element pid: 75007, elementOrHash.elementID: 4463182272.382)
    t =    57.59s Requesting snapshot of accessibility hierarchy for app with pid 75007
    t =    57.70s Find: Descendant with identity binding to AX element pid: 75007, elementOrHash.elementID: 4463182272.382
    t =    57.77s Requesting snapshot of accessibility hierarchy for app with pid 75007
    t =    57.88s Find: Descendant with identity binding to AX element pid: 75007, elementOrHash.elementID: 4463182272.382
    t =    57.88s Requesting snapshot of accessibility hierarchy for app with pid 75007
AUDIT_ISSUE dark-developer | 1 | Contrast nearly passed | Contrast is not high enough for SwiftUI.AccessibilityNode unless font size is larger. | Attributes: StaticText, 0x11c51ae40, {{24.0, 180.0}, {40.3, 20.3}}, label: 'Build'
Element subtree:
 →StaticText, 0x11c51ae40, {{24.0, 180.0}, {40.3, 20.3}}, label: 'Build'
Path to element:
 →Application, 0x11c518500, pid: 75007, label: 'PumpSync'
  ↳Window (Main), 0x11c518640, {{0.0, 0.0}, {402.0, 874.0}}
   ↳Other, 0x11c518780, {{0.0, 0.0}, {402.0, 874.0}}
    ↳Other, 0x11c5188c0, {{0.0, 0.0}, {402.0, 874.0}}
     ↳Other, 0x11c518a00, {{0.0, 0.0}, {402.0, 874.0}}
      ↳Other, 0x11c518b40, {{0.0, 0.0}, {402.0, 874.0}}
       ↳Other, 0x11c518c80, {{0.0, 0.0}, {402.0, 874.0}}
        ↳Other, 0x11c518dc0, {{0.0, 0.0}, {402.0, 874.0}}
         ↳Other, 0x11c518f00, {{0.0, 0.0}, {402.0, 874.0}}
          ↳Other, 0x11c519040, {{0.0, 0.0}, {402.0, 874.0}}
           ↳Other, 0x11c519180, {{0.0, 0.0}, {402.0, 874.0}}
            ↳Other, 0x11c5192c0, {{0.0, 0.0}, {402.0, 874.0}}
             ↳Other, 0x11c519400, {{0.0, 0.0}, {402.0, 874.0}}
              ↳Other, 0x11c519900, {{0.0, 0.0}, {402.0, 874.0}}
               ↳Other, 0x11c519a40, {{0.0, 0.0}, {402.0, 874.0}}
                ↳Other, 0x11c519b80, {{0.0, 0.0}, {402.0, 874.0}}
                 ↳Other, 0x11c519cc0, {{0.0, 0.0}, {402.0, 874.0}}
                  ↳ScrollView, 0x11c519e00, {{0.0, 0.0}, {402.0, 874.0}}
                   ↳Other, 0x11c51ad00, {{0.0, 168.0}, {402.0, 2352.0}}
                    ↳StaticText, 0x11c51ae40, {{24.0, 180.0}, {40.3, 20.3}}, label: 'Build'
Query chain:
 →Find: Target Application 'dev.ericslutz.PumpSync'
  Output: {
    Application, 0x11f9b8000, pid: 75007, label: 'PumpSync'
  }
  ↪︎Find: Descendant with identity binding to AX element pid: 75007, elementOrHash.elementID: 4463182272.382
    Output: {
      StaticText, 0x11c53f840, {{24.0, 180.0}, {40.3, 20.3}}, label: 'Build'
    }

    t =    58.00s Find the Any (Descendant with identity binding to AX element pid: 75007, elementOrHash.elementID: 4463153088.386)
    t =    58.05s Requesting snapshot of accessibility hierarchy for app with pid 75007
    t =    58.16s Find: Descendant with identity binding to AX element pid: 75007, elementOrHash.elementID: 4463153088.386
    t =    58.24s Requesting snapshot of accessibility hierarchy for app with pid 75007
    t =    58.34s Find: Descendant with identity binding to AX element pid: 75007, elementOrHash.elementID: 4463153088.386
    t =    58.35s Requesting snapshot of accessibility hierarchy for app with pid 75007
AUDIT_ISSUE dark-developer | 1 | Contrast nearly passed | Contrast is not high enough for SwiftUI.AccessibilityNode unless font size is larger. | Attributes: StaticText, 0x11c51bd40, {{24.0, 421.0}, {39.7, 20.3}}, label: 'Sync'
Element subtree:
 →StaticText, 0x11c51bd40, {{24.0, 421.0}, {39.7, 20.3}}, label: 'Sync'
Path to element:
 →Application, 0x11c518500, pid: 75007, label: 'PumpSync'
  ↳Window (Main), 0x11c518640, {{0.0, 0.0}, {402.0, 874.0}}
   ↳Other, 0x11c518780, {{0.0, 0.0}, {402.0, 874.0}}
    ↳Other, 0x11c5188c0, {{0.0, 0.0}, {402.0, 874.0}}
     ↳Other, 0x11c518a00, {{0.0, 0.0}, {402.0, 874.0}}
      ↳Other, 0x11c518b40, {{0.0, 0.0}, {402.0, 874.0}}
       ↳Other, 0x11c518c80, {{0.0, 0.0}, {402.0, 874.0}}
        ↳Other, 0x11c518dc0, {{0.0, 0.0}, {402.0, 874.0}}
         ↳Other, 0x11c518f00, {{0.0, 0.0}, {402.0, 874.0}}
          ↳Other, 0x11c519040, {{0.0, 0.0}, {402.0, 874.0}}
           ↳Other, 0x11c519180, {{0.0, 0.0}, {402.0, 874.0}}
            ↳Other, 0x11c5192c0, {{0.0, 0.0}, {402.0, 874.0}}
             ↳Other, 0x11c519400, {{0.0, 0.0}, {402.0, 874.0}}
              ↳Other, 0x11c519900, {{0.0, 0.0}, {402.0, 874.0}}
               ↳Other, 0x11c519a40, {{0.0, 0.0}, {402.0, 874.0}}
                ↳Other, 0x11c519b80, {{0.0, 0.0}, {402.0, 874.0}}
                 ↳Other, 0x11c519cc0, {{0.0, 0.0}, {402.0, 874.0}}
                  ↳ScrollView, 0x11c519e00, {{0.0, 0.0}, {402.0, 874.0}}
                   ↳Other, 0x11c51ad00, {{0.0, 168.0}, {402.0, 2352.0}}
                    ↳StaticText, 0x11c51bd40, {{24.0, 421.0}, {39.7, 20.3}}, label: 'Sync'
Query chain:
 →Find: Target Application 'dev.ericslutz.PumpSync'
  Output: {
    Application, 0x11f9b8000, pid: 75007, label: 'PumpSync'
  }
  ↪︎Find: Descendant with identity binding to AX element pid: 75007, elementOrHash.elementID: 4463153088.386
    Output: {
      StaticText, 0x107097840, {{24.0, 421.0}, {39.7, 20.3}}, label: 'Sync'
    }

    t =    58.47s Find the Any (Descendant with identity binding to AX element pid: 75007, elementOrHash.elementID: 4463198656.391)
    t =    58.53s Requesting snapshot of accessibility hierarchy for app with pid 75007
    t =    58.64s Find: Descendant with identity binding to AX element pid: 75007, elementOrHash.elementID: 4463198656.391
    t =    58.72s Requesting snapshot of accessibility hierarchy for app with pid 75007
    t =    58.84s Find: Descendant with identity binding to AX element pid: 75007, elementOrHash.elementID: 4463198656.391
    t =    58.84s Requesting snapshot of accessibility hierarchy for app with pid 75007
AUDIT_ISSUE dark-developer | 1 | Contrast nearly passed | Contrast is not high enough for SwiftUI.AccessibilityNode unless font size is larger. | Attributes: StaticText, 0x11c5212c0, {{24.0, 707.7}, {93.7, 20.3}}, label: 'Diagnostics'
Element subtree:
 →StaticText, 0x11c5212c0, {{24.0, 707.7}, {93.7, 20.3}}, label: 'Diagnostics'
Path to element:
 →Application, 0x11c518500, pid: 75007, label: 'PumpSync'
  ↳Window (Main), 0x11c518640, {{0.0, 0.0}, {402.0, 874.0}}
   ↳Other, 0x11c518780, {{0.0, 0.0}, {402.0, 874.0}}
    ↳Other, 0x11c5188c0, {{0.0, 0.0}, {402.0, 874.0}}
     ↳Other, 0x11c518a00, {{0.0, 0.0}, {402.0, 874.0}}
      ↳Other, 0x11c518b40, {{0.0, 0.0}, {402.0, 874.0}}
       ↳Other, 0x11c518c80, {{0.0, 0.0}, {402.0, 874.0}}
        ↳Other, 0x11c518dc0, {{0.0, 0.0}, {402.0, 874.0}}
         ↳Other, 0x11c518f00, {{0.0, 0.0}, {402.0, 874.0}}
          ↳Other, 0x11c519040, {{0.0, 0.0}, {402.0, 874.0}}
           ↳Other, 0x11c519180, {{0.0, 0.0}, {402.0, 874.0}}
            ↳Other, 0x11c5192c0, {{0.0, 0.0}, {402.0, 874.0}}
             ↳Other, 0x11c519400, {{0.0, 0.0}, {402.0, 874.0}}
              ↳Other, 0x11c519900, {{0.0, 0.0}, {402.0, 874.0}}
               ↳Other, 0x11c519a40, {{0.0, 0.0}, {402.0, 874.0}}
                ↳Other, 0x11c519b80, {{0.0, 0.0}, {402.0, 874.0}}
                 ↳Other, 0x11c519cc0, {{0.0, 0.0}, {402.0, 874.0}}
                  ↳ScrollView, 0x11c519e00, {{0.0, 0.0}, {402.0, 874.0}}
                   ↳Other, 0x11c51ad00, {{0.0, 168.0}, {402.0, 2352.0}}
                    ↳StaticText, 0x11c5212c0, {{24.0, 707.7}, {93.7, 20.3}}, label: 'Diagnostics'
Query chain:
 →Find: Target Application 'dev.ericslutz.PumpSync'
  Output: {
    Application, 0x11f9b8000, pid: 75007, label: 'PumpSync'
  }
  ↪︎Find: Descendant with identity binding to AX element pid: 75007, elementOrHash.elementID: 4463198656.391
    Output: {
      StaticText, 0x11f9ac3c0, {{24.0, 707.7}, {93.7, 20.3}}, label: 'Diagnostics'
    }

    t =    58.96s Find the Any (Descendant with identity binding to AX element pid: 75007, elementOrHash.elementID: 4463205376.393)
    t =    59.02s Requesting snapshot of accessibility hierarchy for app with pid 75007
    t =    59.14s Find: Descendant with identity binding to AX element pid: 75007, elementOrHash.elementID: 4463205376.393
    t =    59.22s Requesting snapshot of accessibility hierarchy for app with pid 75007
    t =    59.33s Find: Descendant with identity binding to AX element pid: 75007, elementOrHash.elementID: 4463205376.393
    t =    59.33s Requesting snapshot of accessibility hierarchy for app with pid 75007
AUDIT_ISSUE dark-developer | 1 | Contrast failed | Contrast failed for SwiftUI.AccessibilityNode | Attributes: StaticText, 0x11c5217c0, {{38.0, 802.3}, {103.0, 18.0}}, label: 'App Event Log'
Element subtree:
 →StaticText, 0x11c5217c0, {{38.0, 802.3}, {103.0, 18.0}}, label: 'App Event Log'
Path to element:
 →Application, 0x11c518500, pid: 75007, label: 'PumpSync'
  ↳Window (Main), 0x11c518640, {{0.0, 0.0}, {402.0, 874.0}}
   ↳Other, 0x11c518780, {{0.0, 0.0}, {402.0, 874.0}}
    ↳Other, 0x11c5188c0, {{0.0, 0.0}, {402.0, 874.0}}
     ↳Other, 0x11c518a00, {{0.0, 0.0}, {402.0, 874.0}}
      ↳Other, 0x11c518b40, {{0.0, 0.0}, {402.0, 874.0}}
       ↳Other, 0x11c518c80, {{0.0, 0.0}, {402.0, 874.0}}
        ↳Other, 0x11c518dc0, {{0.0, 0.0}, {402.0, 874.0}}
         ↳Other, 0x11c518f00, {{0.0, 0.0}, {402.0, 874.0}}
          ↳Other, 0x11c519040, {{0.0, 0.0}, {402.0, 874.0}}
           ↳Other, 0x11c519180, {{0.0, 0.0}, {402.0, 874.0}}
            ↳Other, 0x11c5192c0, {{0.0, 0.0}, {402.0, 874.0}}
             ↳Other, 0x11c519400, {{0.0, 0.0}, {402.0, 874.0}}
              ↳Other, 0x11c519900, {{0.0, 0.0}, {402.0, 874.0}}
               ↳Other, 0x11c519a40, {{0.0, 0.0}, {402.0, 874.0}}
                ↳Other, 0x11c519b80, {{0.0, 0.0}, {402.0, 874.0}}
                 ↳Other, 0x11c519cc0, {{0.0, 0.0}, {402.0, 874.0}}
                  ↳ScrollView, 0x11c519e00, {{0.0, 0.0}, {402.0, 874.0}}
                   ↳Other, 0x11c51ad00, {{0.0, 168.0}, {402.0, 2352.0}}
                    ↳StaticText, 0x11c5217c0, {{38.0, 802.3}, {103.0, 18.0}}, label: 'App Event Log'
Query chain:
 →Find: Target Application 'dev.ericslutz.PumpSync'
  Output: {
    Application, 0x11f9b8000, pid: 75007, label: 'PumpSync'
  }
  ↪︎Find: Descendant with identity binding to AX element pid: 75007, elementOrHash.elementID: 4463205376.393
    Output: {
      StaticText, 0x11f9ac8c0, {{38.0, 802.3}, {103.0, 18.0}}, label: 'App Event Log'
    }

    t =    59.46s Find the Any (Descendant with identity binding to AX element pid: 75007, elementOrHash.elementID: 4463267776.421)
    t =    59.51s Requesting snapshot of accessibility hierarchy for app with pid 75007
    t =    59.62s Find: Descendant with identity binding to AX element pid: 75007, elementOrHash.elementID: 4463267776.421
    t =    59.70s Requesting snapshot of accessibility hierarchy for app with pid 75007
    t =    59.81s Find: Descendant with identity binding to AX element pid: 75007, elementOrHash.elementID: 4463267776.421
    t =    59.82s Requesting snapshot of accessibility hierarchy for app with pid 75007
AUDIT_ISSUE dark-developer | 1 | Contrast nearly passed | Contrast is not high enough for SwiftUI.AccessibilityNode unless font size is larger. | Attributes: StaticText, 0x11c51b480, {{80.0, 248.7}, {65.0, 18.0}}, label: '1.0.0 (33)'
Element subtree:
 →StaticText, 0x11c51b480, {{80.0, 248.7}, {65.0, 18.0}}, label: '1.0.0 (33)'
Path to element:
 →Application, 0x11c518640, pid: 75007, label: 'PumpSync'
  ↳Window (Main), 0x11c518780, {{0.0, 0.0}, {402.0, 874.0}}
   ↳Other, 0x11c5188c0, {{0.0, 0.0}, {402.0, 874.0}}
    ↳Other, 0x11c518a00, {{0.0, 0.0}, {402.0, 874.0}}
     ↳Other, 0x11c518b40, {{0.0, 0.0}, {402.0, 874.0}}
      ↳Other, 0x11c518c80, {{0.0, 0.0}, {402.0, 874.0}}
       ↳Other, 0x11c518dc0, {{0.0, 0.0}, {402.0, 874.0}}
        ↳Other, 0x11c518f00, {{0.0, 0.0}, {402.0, 874.0}}
         ↳Other, 0x11c519040, {{0.0, 0.0}, {402.0, 874.0}}
          ↳Other, 0x11c519180, {{0.0, 0.0}, {402.0, 874.0}}
           ↳Other, 0x11c5192c0, {{0.0, 0.0}, {402.0, 874.0}}
            ↳Other, 0x11c519400, {{0.0, 0.0}, {402.0, 874.0}}
             ↳Other, 0x11c519540, {{0.0, 0.0}, {402.0, 874.0}}
              ↳Other, 0x11c519a40, {{0.0, 0.0}, {402.0, 874.0}}
               ↳Other, 0x11c519b80, {{0.0, 0.0}, {402.0, 874.0}}
                ↳Other, 0x11c519cc0, {{0.0, 0.0}, {402.0, 874.0}}
                 ↳Other, 0x11c519e00, {{0.0, 0.0}, {402.0, 874.0}}
                  ↳ScrollView, 0x11c519f40, {{0.0, 0.0}, {402.0, 874.0}}
                   ↳Other, 0x11c51ae40, {{0.0, 168.0}, {402.0, 2352.0}}
                    ↳Other, 0x11c51b0c0, {{43.3, 226.3}, {101.7, 40.3}}, label: 'Version', value: 1.0.0 (33)
                     ↳StaticText, 0x11c51b480, {{80.0, 248.7}, {65.0, 18.0}}, label: '1.0.0 (33)'
Query chain:
 →Find: Target Application 'dev.ericslutz.PumpSync'
  Output: {
    Application, 0x11f9b8000, pid: 75007, label: 'PumpSync'
  }
  ↪︎Find: Descendant with identity binding to AX element pid: 75007, elementOrHash.elementID: 4463267776.421
    Output: {
      StaticText, 0x11c53fe80, {{80.0, 248.7}, {65.0, 18.0}}, label: '1.0.0 (33)'
    }

    t =    59.93s Find the Any (Descendant with identity binding to AX element pid: 75007, elementOrHash.elementID: 4463131072.424)
    t =    59.99s Requesting snapshot of accessibility hierarchy for app with pid 75007
    t =    60.09s Find: Descendant with identity binding to AX element pid: 75007, elementOrHash.elementID: 4463131072.424
    t =    60.17s Requesting snapshot of accessibility hierarchy for app with pid 75007
    t =    60.28s Find: Descendant with identity binding to AX element pid: 75007, elementOrHash.elementID: 4463131072.424
    t =    60.28s Requesting snapshot of accessibility hierarchy for app with pid 75007
AUDIT_ISSUE dark-developer | 1 | Contrast nearly passed | Contrast is not high enough for SwiftUI.AccessibilityNode unless font size is larger. | Attributes: StaticText, 0x11c51b980, {{80.0, 301.3}, {263.3, 38.0}}, label: '5D502360-4BB7-4FF9-9871-96668E9B88C0'
Element subtree:
 →StaticText, 0x11c51b980, {{80.0, 301.3}, {263.3, 38.0}}, label: '5D502360-4BB7-4FF9-9871-96668E9B88C0'
Path to element:
 →Application, 0x11c518640, pid: 75007, label: 'PumpSync'
  ↳Window (Main), 0x11c518780, {{0.0, 0.0}, {402.0, 874.0}}
   ↳Other, 0x11c5188c0, {{0.0, 0.0}, {402.0, 874.0}}
    ↳Other, 0x11c518a00, {{0.0, 0.0}, {402.0, 874.0}}
     ↳Other, 0x11c518b40, {{0.0, 0.0}, {402.0, 874.0}}
      ↳Other, 0x11c518c80, {{0.0, 0.0}, {402.0, 874.0}}
       ↳Other, 0x11c518dc0, {{0.0, 0.0}, {402.0, 874.0}}
        ↳Other, 0x11c518f00, {{0.0, 0.0}, {402.0, 874.0}}
         ↳Other, 0x11c519040, {{0.0, 0.0}, {402.0, 874.0}}
          ↳Other, 0x11c519180, {{0.0, 0.0}, {402.0, 874.0}}
           ↳Other, 0x11c5192c0, {{0.0, 0.0}, {402.0, 874.0}}
            ↳Other, 0x11c519400, {{0.0, 0.0}, {402.0, 874.0}}
             ↳Other, 0x11c519540, {{0.0, 0.0}, {402.0, 874.0}}
              ↳Other, 0x11c519a40, {{0.0, 0.0}, {402.0, 874.0}}
               ↳Other, 0x11c519b80, {{0.0, 0.0}, {402.0, 874.0}}
                ↳Other, 0x11c519cc0, {{0.0, 0.0}, {402.0, 874.0}}
                 ↳Other, 0x11c519e00, {{0.0, 0.0}, {402.0, 874.0}}
                  ↳ScrollView, 0x11c519f40, {{0.0, 0.0}, {402.0, 874.0}}
                   ↳Other, 0x11c51ae40, {{0.0, 168.0}, {402.0, 2352.0}}
                    ↳Other, 0x11c51b5c0, {{43.0, 279.0}, {300.3, 60.3}}, label: 'Installation ID', value: 5D502360-4BB7-4FF9...
                     ↳StaticText, 0x11c51b980, {{80.0, 301.3}, {263.3, 38.0}}, label: '5D502360-4BB7-4FF9-9871-96668E9B88C0'
Query chain:
 →Find: Target Application 'dev.ericslutz.PumpSync'
  Output: {
    Application, 0x11f9b8000, pid: 75007, label: 'PumpSync'
  }
  ↪︎Find: Descendant with identity binding to AX element pid: 75007, elementOrHash.elementID: 4463131072.424
    Output: {
      StaticText, 0x107097480, {{80.0, 301.3}, {263.3, 38.0}}, label: '5D502360-4BB7-4FF9-9871-96668E9B88C0'
    }

    t =    60.40s Find the Any (Descendant with identity binding to AX element pid: 75007, elementOrHash.elementID: 4463159360.426)
    t =    60.46s Requesting snapshot of accessibility hierarchy for app with pid 75007
    t =    60.57s Find: Descendant with identity binding to AX element pid: 75007, elementOrHash.elementID: 4463159360.426
    t =    60.65s Requesting snapshot of accessibility hierarchy for app with pid 75007
    t =    60.76s Find: Descendant with identity binding to AX element pid: 75007, elementOrHash.elementID: 4463159360.426
    t =    60.76s Requesting snapshot of accessibility hierarchy for app with pid 75007
AUDIT_ISSUE dark-developer | 1 | Contrast nearly passed | Contrast is not high enough for SwiftUI.AccessibilityNode unless font size is larger. | Attributes: StaticText, 0x11c51bd40, {{80.0, 355.2}, {146.7, 20.3}}, label: 'Copy Installation ID'
Element subtree:
 →StaticText, 0x11c51bd40, {{80.0, 355.2}, {146.7, 20.3}}, label: 'Copy Installation ID'
Path to element:
 →Application, 0x11c518640, pid: 75007, label: 'PumpSync'
  ↳Window (Main), 0x11c518780, {{0.0, 0.0}, {402.0, 874.0}}
   ↳Other, 0x11c5188c0, {{0.0, 0.0}, {402.0, 874.0}}
    ↳Other, 0x11c518a00, {{0.0, 0.0}, {402.0, 874.0}}
     ↳Other, 0x11c518b40, {{0.0, 0.0}, {402.0, 874.0}}
      ↳Other, 0x11c518c80, {{0.0, 0.0}, {402.0, 874.0}}
       ↳Other, 0x11c518dc0, {{0.0, 0.0}, {402.0, 874.0}}
        ↳Other, 0x11c518f00, {{0.0, 0.0}, {402.0, 874.0}}
         ↳Other, 0x11c519040, {{0.0, 0.0}, {402.0, 874.0}}
          ↳Other, 0x11c519180, {{0.0, 0.0}, {402.0, 874.0}}
           ↳Other, 0x11c5192c0, {{0.0, 0.0}, {402.0, 874.0}}
            ↳Other, 0x11c519400, {{0.0, 0.0}, {402.0, 874.0}}
             ↳Other, 0x11c519540, {{0.0, 0.0}, {402.0, 874.0}}
              ↳Other, 0x11c519a40, {{0.0, 0.0}, {402.0, 874.0}}
               ↳Other, 0x11c519b80, {{0.0, 0.0}, {402.0, 874.0}}
                ↳Other, 0x11c519cc0, {{0.0, 0.0}, {402.0, 874.0}}
                 ↳Other, 0x11c519e00, {{0.0, 0.0}, {402.0, 874.0}}
                  ↳ScrollView, 0x11c519f40, {{0.0, 0.0}, {402.0, 874.0}}
                   ↳Other, 0x11c51ae40, {{0.0, 168.0}, {402.0, 2352.0}}
                    ↳Button, 0x11c51bac0, {{42.0, 353.0}, {184.7, 24.7}}, label: 'Copy Installation ID'
                     ↳StaticText, 0x11c51bd40, {{80.0, 355.2}, {146.7, 20.3}}, label: 'Copy Installation ID'
Query chain:
 →Find: Target Application 'dev.ericslutz.PumpSync'
  Output: {
    Application, 0x11f9b8000, pid: 75007, label: 'PumpSync'
  }
  ↪︎Find: Descendant with identity binding to AX element pid: 75007, elementOrHash.elementID: 4463159360.426
    Output: {
      StaticText, 0x107096e40, {{80.0, 355.2}, {146.7, 20.3}}, label: 'Copy Installation ID'
    }

    t =    60.88s Find the Any (Descendant with identity binding to AX element pid: 75007, elementOrHash.elementID: 4463160256.429)
    t =    60.94s Requesting snapshot of accessibility hierarchy for app with pid 75007
    t =    61.05s Find: Descendant with identity binding to AX element pid: 75007, elementOrHash.elementID: 4463160256.429
    t =    61.14s Requesting snapshot of accessibility hierarchy for app with pid 75007
    t =    61.25s Find: Descendant with identity binding to AX element pid: 75007, elementOrHash.elementID: 4463160256.429
    t =    61.26s Requesting snapshot of accessibility hierarchy for app with pid 75007
AUDIT_ISSUE dark-developer | 1 | Contrast nearly passed | Contrast is not high enough for SwiftUI.AccessibilityNode unless font size is larger. | Attributes: StaticText, 0x11c5203c0, {{80.0, 489.7}, {40.7, 18.0}}, label: 'Never'
Element subtree:
 →StaticText, 0x11c5203c0, {{80.0, 489.7}, {40.7, 18.0}}, label: 'Never'
Path to element:
 →Application, 0x11c518640, pid: 75007, label: 'PumpSync'
  ↳Window (Main), 0x11c518780, {{0.0, 0.0}, {402.0, 874.0}}
   ↳Other, 0x11c5188c0, {{0.0, 0.0}, {402.0, 874.0}}
    ↳Other, 0x11c518a00, {{0.0, 0.0}, {402.0, 874.0}}
     ↳Other, 0x11c518b40, {{0.0, 0.0}, {402.0, 874.0}}
      ↳Other, 0x11c518c80, {{0.0, 0.0}, {402.0, 874.0}}
       ↳Other, 0x11c518dc0, {{0.0, 0.0}, {402.0, 874.0}}
        ↳Other, 0x11c518f00, {{0.0, 0.0}, {402.0, 874.0}}
         ↳Other, 0x11c519040, {{0.0, 0.0}, {402.0, 874.0}}
          ↳Other, 0x11c519180, {{0.0, 0.0}, {402.0, 874.0}}
           ↳Other, 0x11c5192c0, {{0.0, 0.0}, {402.0, 874.0}}
            ↳Other, 0x11c519400, {{0.0, 0.0}, {402.0, 874.0}}
             ↳Other, 0x11c519540, {{0.0, 0.0}, {402.0, 874.0}}
              ↳Other, 0x11c519a40, {{0.0, 0.0}, {402.0, 874.0}}
               ↳Other, 0x11c519b80, {{0.0, 0.0}, {402.0, 874.0}}
                ↳Other, 0x11c519cc0, {{0.0, 0.0}, {402.0, 874.0}}
                 ↳Other, 0x11c519e00, {{0.0, 0.0}, {402.0, 874.0}}
                  ↳ScrollView, 0x11c519f40, {{0.0, 0.0}, {402.0, 874.0}}
                   ↳Other, 0x11c51ae40, {{0.0, 168.0}, {402.0, 2352.0}}
                    ↳Other, 0x11c520000, {{42.0, 467.3}, {134.3, 40.3}}, label: 'Last attempt', value: Never
                     ↳StaticText, 0x11c5203c0, {{80.0, 489.7}, {40.7, 18.0}}, label: 'Never'
Query chain:
 →Find: Target Application 'dev.ericslutz.PumpSync'
  Output: {
    Application, 0x11f9b8000, pid: 75007, label: 'PumpSync'
  }
  ↪︎Find: Descendant with identity binding to AX element pid: 75007, elementOrHash.elementID: 4463160256.429
    Output: {
      StaticText, 0x107096e40, {{80.0, 489.7}, {40.7, 18.0}}, label: 'Never'
    }

    t =    61.37s Find the Any (Descendant with identity binding to AX element pid: 75007, elementOrHash.elementID: 4463151744.432)
    t =    61.43s Requesting snapshot of accessibility hierarchy for app with pid 75007
    t =    61.55s Find: Descendant with identity binding to AX element pid: 75007, elementOrHash.elementID: 4463151744.432
    t =    61.63s Requesting snapshot of accessibility hierarchy for app with pid 75007
    t =    61.76s Find: Descendant with identity binding to AX element pid: 75007, elementOrHash.elementID: 4463151744.432
    t =    61.77s Requesting snapshot of accessibility hierarchy for app with pid 75007
AUDIT_ISSUE dark-developer | 1 | Contrast nearly passed | Contrast is not high enough for SwiftUI.AccessibilityNode unless font size is larger. | Attributes: StaticText, 0x11c5208c0, {{80.0, 542.3}, {40.7, 18.0}}, label: 'Never'
Element subtree:
 →StaticText, 0x11c5208c0, {{80.0, 542.3}, {40.7, 18.0}}, label: 'Never'
Path to element:
 →Application, 0x11c518640, pid: 75007, label: 'PumpSync'
  ↳Window (Main), 0x11c518780, {{0.0, 0.0}, {402.0, 874.0}}
   ↳Other, 0x11c5188c0, {{0.0, 0.0}, {402.0, 874.0}}
    ↳Other, 0x11c518a00, {{0.0, 0.0}, {402.0, 874.0}}
     ↳Other, 0x11c518b40, {{0.0, 0.0}, {402.0, 874.0}}
      ↳Other, 0x11c518c80, {{0.0, 0.0}, {402.0, 874.0}}
       ↳Other, 0x11c518dc0, {{0.0, 0.0}, {402.0, 874.0}}
        ↳Other, 0x11c518f00, {{0.0, 0.0}, {402.0, 874.0}}
         ↳Other, 0x11c519040, {{0.0, 0.0}, {402.0, 874.0}}
          ↳Other, 0x11c519180, {{0.0, 0.0}, {402.0, 874.0}}
           ↳Other, 0x11c5192c0, {{0.0, 0.0}, {402.0, 874.0}}
            ↳Other, 0x11c519400, {{0.0, 0.0}, {402.0, 874.0}}
             ↳Other, 0x11c519540, {{0.0, 0.0}, {402.0, 874.0}}
              ↳Other, 0x11c519a40, {{0.0, 0.0}, {402.0, 874.0}}
               ↳Other, 0x11c519b80, {{0.0, 0.0}, {402.0, 874.0}}
                ↳Other, 0x11c519cc0, {{0.0, 0.0}, {402.0, 874.0}}
                 ↳Other, 0x11c519e00, {{0.0, 0.0}, {402.0, 874.0}}
                  ↳ScrollView, 0x11c519f40, {{0.0, 0.0}, {402.0, 874.0}}
                   ↳Other, 0x11c51ae40, {{0.0, 168.0}, {402.0, 2352.0}}
                    ↳Other, 0x11c520500, {{42.0, 520.0}, {137.0, 40.3}}, label: 'Last success', value: Never
                     ↳StaticText, 0x11c5208c0, {{80.0, 542.3}, {40.7, 18.0}}, label: 'Never'
Query chain:
 →Find: Target Application 'dev.ericslutz.PumpSync'
  Output: {
    Application, 0x11f9b8000, pid: 75007, label: 'PumpSync'
  }
  ↪︎Find: Descendant with identity binding to AX element pid: 75007, elementOrHash.elementID: 4463151744.432
    Output: {
      StaticText, 0x1070975c0, {{80.0, 542.3}, {40.7, 18.0}}, label: 'Never'
    }

    t =    61.91s Find the Any (Descendant with identity binding to AX element pid: 75007, elementOrHash.elementID: 4463208960.435)
    t =    61.98s Requesting snapshot of accessibility hierarchy for app with pid 75007
    t =    62.12s Find: Descendant with identity binding to AX element pid: 75007, elementOrHash.elementID: 4463208960.435
    t =    62.28s Requesting snapshot of accessibility hierarchy for app with pid 75007
    t =    62.41s Find: Descendant with identity binding to AX element pid: 75007, elementOrHash.elementID: 4463208960.435
    t =    62.42s Requesting snapshot of accessibility hierarchy for app with pid 75007
AUDIT_ISSUE dark-developer | 1 | Contrast nearly passed | Contrast is not high enough for SwiftUI.AccessibilityNode unless font size is larger. | Attributes: StaticText, 0x11c520dc0, {{80.0, 595.0}, {9.3, 18.0}}, label: '0'
Element subtree:
 →StaticText, 0x11c520dc0, {{80.0, 595.0}, {9.3, 18.0}}, label: '0'
Path to element:
 →Application, 0x11c518640, pid: 75007, label: 'PumpSync'
  ↳Window (Main), 0x11c518780, {{0.0, 0.0}, {402.0, 874.0}}
   ↳Other, 0x11c5188c0, {{0.0, 0.0}, {402.0, 874.0}}
    ↳Other, 0x11c518a00, {{0.0, 0.0}, {402.0, 874.0}}
     ↳Other, 0x11c518b40, {{0.0, 0.0}, {402.0, 874.0}}
      ↳Other, 0x11c518c80, {{0.0, 0.0}, {402.0, 874.0}}
       ↳Other, 0x11c518dc0, {{0.0, 0.0}, {402.0, 874.0}}
        ↳Other, 0x11c518f00, {{0.0, 0.0}, {402.0, 874.0}}
         ↳Other, 0x11c519040, {{0.0, 0.0}, {402.0, 874.0}}
          ↳Other, 0x11c519180, {{0.0, 0.0}, {402.0, 874.0}}
           ↳Other, 0x11c5192c0, {{0.0, 0.0}, {402.0, 874.0}}
            ↳Other, 0x11c519400, {{0.0, 0.0}, {402.0, 874.0}}
             ↳Other, 0x11c519540, {{0.0, 0.0}, {402.0, 874.0}}
              ↳Other, 0x11c519a40, {{0.0, 0.0}, {402.0, 874.0}}
               ↳Other, 0x11c519b80, {{0.0, 0.0}, {402.0, 874.0}}
                ↳Other, 0x11c519cc0, {{0.0, 0.0}, {402.0, 874.0}}
                 ↳Other, 0x11c519e00, {{0.0, 0.0}, {402.0, 874.0}}
                  ↳ScrollView, 0x11c519f40, {{0.0, 0.0}, {402.0, 874.0}}
                   ↳Other, 0x11c51ae40, {{0.0, 168.0}, {402.0, 2352.0}}
                    ↳Other, 0x11c520a00, {{40.3, 572.7}, {109.7, 40.3}}, label: 'Returned', value: 0
                     ↳StaticText, 0x11c520dc0, {{80.0, 595.0}, {9.3, 18.0}}, label: '0'
Query chain:
 →Find: Target Application 'dev.ericslutz.PumpSync'
  Output: {
    Application, 0x11f9b8000, pid: 75007, label: 'PumpSync'
  }
  ↪︎Find: Descendant with identity binding to AX element pid: 75007, elementOrHash.elementID: 4463208960.435
    Output: {
      StaticText, 0x11c518280, {{80.0, 595.0}, {9.3, 18.0}}, label: '0'
    }

    t =    62.58s Find the Any (Descendant with identity binding to AX element pid: 75007, elementOrHash.elementID: 4463200000.438)
    t =    62.65s Requesting snapshot of accessibility hierarchy for app with pid 75007
    t =    62.77s Find: Descendant with identity binding to AX element pid: 75007, elementOrHash.elementID: 4463200000.438
    t =    62.90s Requesting snapshot of accessibility hierarchy for app with pid 75007
    t =    63.02s Find: Descendant with identity binding to AX element pid: 75007, elementOrHash.elementID: 4463200000.438
    t =    63.03s Requesting snapshot of accessibility hierarchy for app with pid 75007
AUDIT_ISSUE dark-developer | 1 | Contrast nearly passed | Contrast is not high enough for SwiftUI.AccessibilityNode unless font size is larger. | Attributes: StaticText, 0x11c5212c0, {{80.0, 647.7}, {9.3, 18.0}}, label: '0'
Element subtree:
 →StaticText, 0x11c5212c0, {{80.0, 647.7}, {9.3, 18.0}}, label: '0'
Path to element:
 →Application, 0x11c518640, pid: 75007, label: 'PumpSync'
  ↳Window (Main), 0x11c518780, {{0.0, 0.0}, {402.0, 874.0}}
   ↳Other, 0x11c5188c0, {{0.0, 0.0}, {402.0, 874.0}}
    ↳Other, 0x11c518a00, {{0.0, 0.0}, {402.0, 874.0}}
     ↳Other, 0x11c518b40, {{0.0, 0.0}, {402.0, 874.0}}
      ↳Other, 0x11c518c80, {{0.0, 0.0}, {402.0, 874.0}}
       ↳Other, 0x11c518dc0, {{0.0, 0.0}, {402.0, 874.0}}
        ↳Other, 0x11c518f00, {{0.0, 0.0}, {402.0, 874.0}}
         ↳Other, 0x11c519040, {{0.0, 0.0}, {402.0, 874.0}}
          ↳Other, 0x11c519180, {{0.0, 0.0}, {402.0, 874.0}}
           ↳Other, 0x11c5192c0, {{0.0, 0.0}, {402.0, 874.0}}
            ↳Other, 0x11c519400, {{0.0, 0.0}, {402.0, 874.0}}
             ↳Other, 0x11c519540, {{0.0, 0.0}, {402.0, 874.0}}
              ↳Other, 0x11c519a40, {{0.0, 0.0}, {402.0, 874.0}}
               ↳Other, 0x11c519b80, {{0.0, 0.0}, {402.0, 874.0}}
                ↳Other, 0x11c519cc0, {{0.0, 0.0}, {402.0, 874.0}}
                 ↳Other, 0x11c519e00, {{0.0, 0.0}, {402.0, 874.0}}
                  ↳ScrollView, 0x11c519f40, {{0.0, 0.0}, {402.0, 874.0}}
                   ↳Other, 0x11c51ae40, {{0.0, 168.0}, {402.0, 2352.0}}
                    ↳Other, 0x11c520f00, {{43.3, 625.3}, {106.0, 40.3}}, label: 'Imported', value: 0
                     ↳StaticText, 0x11c5212c0, {{80.0, 647.7}, {9.3, 18.0}}, label: '0'
Query chain:
 →Find: Target Application 'dev.ericslutz.PumpSync'
  Output: {
    Application, 0x11f9b8000, pid: 75007, label: 'PumpSync'
  }
  ↪︎Find: Descendant with identity binding to AX element pid: 75007, elementOrHash.elementID: 4463200000.438
    Output: {
      StaticText, 0x11f9ac280, {{80.0, 647.7}, {9.3, 18.0}}, label: '0'
    }

    t =    63.16s Find the Any (Descendant with identity binding to AX element pid: 75007, elementOrHash.elementID: 4463206720.440)
    t =    63.22s Requesting snapshot of accessibility hierarchy for app with pid 75007
    t =    63.35s Find: Descendant with identity binding to AX element pid: 75007, elementOrHash.elementID: 4463206720.440
    t =    63.47s Requesting snapshot of accessibility hierarchy for app with pid 75007
    t =    63.59s Find: Descendant with identity binding to AX element pid: 75007, elementOrHash.elementID: 4463206720.440
    t =    63.60s Requesting snapshot of accessibility hierarchy for app with pid 75007
AUDIT_ISSUE dark-developer | 1 | Contrast failed | Contrast failed for SwiftUI.AccessibilityNode | Attributes: StaticText, 0x11c5217c0, {{40.0, 749.0}, {192.0, 21.3}}, label: 'Share Support Bundle'
Element subtree:
 →StaticText, 0x11c5217c0, {{40.0, 749.0}, {192.0, 21.3}}, label: 'Share Support Bundle'
Path to element:
 →Application, 0x11c518640, pid: 75007, label: 'PumpSync'
  ↳Window (Main), 0x11c518780, {{0.0, 0.0}, {402.0, 874.0}}
   ↳Other, 0x11c5188c0, {{0.0, 0.0}, {402.0, 874.0}}
    ↳Other, 0x11c518a00, {{0.0, 0.0}, {402.0, 874.0}}
     ↳Other, 0x11c518b40, {{0.0, 0.0}, {402.0, 874.0}}
      ↳Other, 0x11c518c80, {{0.0, 0.0}, {402.0, 874.0}}
       ↳Other, 0x11c518dc0, {{0.0, 0.0}, {402.0, 874.0}}
        ↳Other, 0x11c518f00, {{0.0, 0.0}, {402.0, 874.0}}
         ↳Other, 0x11c519040, {{0.0, 0.0}, {402.0, 874.0}}
          ↳Other, 0x11c519180, {{0.0, 0.0}, {402.0, 874.0}}
           ↳Other, 0x11c5192c0, {{0.0, 0.0}, {402.0, 874.0}}
            ↳Other, 0x11c519400, {{0.0, 0.0}, {402.0, 874.0}}
             ↳Other, 0x11c519540, {{0.0, 0.0}, {402.0, 874.0}}
              ↳Other, 0x11c519a40, {{0.0, 0.0}, {402.0, 874.0}}
               ↳Other, 0x11c519b80, {{0.0, 0.0}, {402.0, 874.0}}
                ↳Other, 0x11c519cc0, {{0.0, 0.0}, {402.0, 874.0}}
                 ↳Other, 0x11c519e00, {{0.0, 0.0}, {402.0, 874.0}}
                  ↳ScrollView, 0x11c519f40, {{0.0, 0.0}, {402.0, 874.0}}
                   ↳Other, 0x11c51ae40, {{0.0, 168.0}, {402.0, 2352.0}}
                    ↳Button, 0x11c521540, {{40.0, 749.0}, {192.0, 21.3}}, label: 'Share Support Bundle'
                     ↳StaticText, 0x11c5217c0, {{40.0, 749.0}, {192.0, 21.3}}, label: 'Share Support Bundle'
Query chain:
 →Find: Target Application 'dev.ericslutz.PumpSync'
  Output: {
    Application, 0x11f9b8000, pid: 75007, label: 'PumpSync'
  }
  ↪︎Find: Descendant with identity binding to AX element pid: 75007, elementOrHash.elementID: 4463206720.440
    Output: {
      StaticText, 0x11f9ac780, {{40.0, 749.0}, {192.0, 21.3}}, label: 'Share Support Bundle'
    }

    t =    63.73s Find the Any (Descendant with identity binding to AX element pid: 75007, elementOrHash.elementID: 4463203136.441)
    t =    63.79s Requesting snapshot of accessibility hierarchy for app with pid 75007
    t =    63.91s Find: Descendant with identity binding to AX element pid: 75007, elementOrHash.elementID: 4463203136.441
    t =    64.04s Requesting snapshot of accessibility hierarchy for app with pid 75007
    t =    64.17s Find: Descendant with identity binding to AX element pid: 75007, elementOrHash.elementID: 4463203136.441
    t =    64.17s Requesting snapshot of accessibility hierarchy for app with pid 75007
AUDIT_ISSUE dark-developer | 1 | Contrast failed | Contrast failed for SwiftUI.AccessibilityNode | Attributes: StaticText, 0x11c521b80, {{38.0, 838.3}, {40.0, 14.3}}, label: 'Sign in'
Element subtree:
 →StaticText, 0x11c521b80, {{38.0, 838.3}, {40.0, 14.3}}, label: 'Sign in'
Path to element:
 →Application, 0x11c518640, pid: 75007, label: 'PumpSync'
  ↳Window (Main), 0x11c518780, {{0.0, 0.0}, {402.0, 874.0}}
   ↳Other, 0x11c5188c0, {{0.0, 0.0}, {402.0, 874.0}}
    ↳Other, 0x11c518a00, {{0.0, 0.0}, {402.0, 874.0}}
     ↳Other, 0x11c518b40, {{0.0, 0.0}, {402.0, 874.0}}
      ↳Other, 0x11c518c80, {{0.0, 0.0}, {402.0, 874.0}}
       ↳Other, 0x11c518dc0, {{0.0, 0.0}, {402.0, 874.0}}
        ↳Other, 0x11c518f00, {{0.0, 0.0}, {402.0, 874.0}}
         ↳Other, 0x11c519040, {{0.0, 0.0}, {402.0, 874.0}}
          ↳Other, 0x11c519180, {{0.0, 0.0}, {402.0, 874.0}}
           ↳Other, 0x11c5192c0, {{0.0, 0.0}, {402.0, 874.0}}
            ↳Other, 0x11c519400, {{0.0, 0.0}, {402.0, 874.0}}
             ↳Other, 0x11c519540, {{0.0, 0.0}, {402.0, 874.0}}
              ↳Other, 0x11c519a40, {{0.0, 0.0}, {402.0, 874.0}}
               ↳Other, 0x11c519b80, {{0.0, 0.0}, {402.0, 874.0}}
                ↳Other, 0x11c519cc0, {{0.0, 0.0}, {402.0, 874.0}}
                 ↳Other, 0x11c519e00, {{0.0, 0.0}, {402.0, 874.0}}
                  ↳ScrollView, 0x11c519f40, {{0.0, 0.0}, {402.0, 874.0}}
                   ↳Other, 0x11c51ae40, {{0.0, 168.0}, {402.0, 2352.0}}
                    ↳Other, 0x11c521a40, {{38.0, 838.3}, {326.0, 70.7}}, label: 'Subscription recovery skipped', value: Sign in, Warning, ...
                     ↳StaticText, 0x11c521b80, {{38.0, 838.3}, {40.0, 14.3}}, label: 'Sign in'
Query chain:
 →Find: Target Application 'dev.ericslutz.PumpSync'
  Output: {
    Application, 0x11f9b8000, pid: 75007, label: 'PumpSync'
  }
  ↪︎Find: Descendant with identity binding to AX element pid: 75007, elementOrHash.elementID: 4463203136.441
    Output: {
      StaticText, 0x11f9acb40, {{38.0, 838.3}, {40.0, 14.3}}, label: 'Sign in'
    }

    t =    64.31s Find the Any (Descendant with identity binding to AX element pid: 75007, elementOrHash.elementID: 4463209408.442)
    t =    64.37s Requesting snapshot of accessibility hierarchy for app with pid 75007
    t =    64.50s Find: Descendant with identity binding to AX element pid: 75007, elementOrHash.elementID: 4463209408.442
    t =    64.66s Requesting snapshot of accessibility hierarchy for app with pid 75007
    t =    64.78s Find: Descendant with identity binding to AX element pid: 75007, elementOrHash.elementID: 4463209408.442
    t =    64.78s Requesting snapshot of accessibility hierarchy for app with pid 75007
AUDIT_ISSUE dark-developer | 1 | Contrast failed | Contrast failed for SwiftUI.AccessibilityNode | Attributes: StaticText, 0x11c521cc0, {{86.0, 838.3}, {46.7, 14.3}}, label: 'Warning'
Element subtree:
 →StaticText, 0x11c521cc0, {{86.0, 838.3}, {46.7, 14.3}}, label: 'Warning'
Path to element:
 →Application, 0x11c518640, pid: 75007, label: 'PumpSync'
  ↳Window (Main), 0x11c518780, {{0.0, 0.0}, {402.0, 874.0}}
   ↳Other, 0x11c5188c0, {{0.0, 0.0}, {402.0, 874.0}}
    ↳Other, 0x11c518a00, {{0.0, 0.0}, {402.0, 874.0}}
     ↳Other, 0x11c518b40, {{0.0, 0.0}, {402.0, 874.0}}
      ↳Other, 0x11c518c80, {{0.0, 0.0}, {402.0, 874.0}}
       ↳Other, 0x11c518dc0, {{0.0, 0.0}, {402.0, 874.0}}
        ↳Other, 0x11c518f00, {{0.0, 0.0}, {402.0, 874.0}}
         ↳Other, 0x11c519040, {{0.0, 0.0}, {402.0, 874.0}}
          ↳Other, 0x11c519180, {{0.0, 0.0}, {402.0, 874.0}}
           ↳Other, 0x11c5192c0, {{0.0, 0.0}, {402.0, 874.0}}
            ↳Other, 0x11c519400, {{0.0, 0.0}, {402.0, 874.0}}
             ↳Other, 0x11c519540, {{0.0, 0.0}, {402.0, 874.0}}
              ↳Other, 0x11c519a40, {{0.0, 0.0}, {402.0, 874.0}}
               ↳Other, 0x11c519b80, {{0.0, 0.0}, {402.0, 874.0}}
                ↳Other, 0x11c519cc0, {{0.0, 0.0}, {402.0, 874.0}}
                 ↳Other, 0x11c519e00, {{0.0, 0.0}, {402.0, 874.0}}
                  ↳ScrollView, 0x11c519f40, {{0.0, 0.0}, {402.0, 874.0}}
                   ↳Other, 0x11c51ae40, {{0.0, 168.0}, {402.0, 2352.0}}
                    ↳Other, 0x11c521a40, {{38.0, 838.3}, {326.0, 70.7}}, label: 'Subscription recovery skipped', value: Sign in, Warning, ...
                     ↳StaticText, 0x11c521cc0, {{86.0, 838.3}, {46.7, 14.3}}, label: 'Warning'
Query chain:
 →Find: Target Application 'dev.ericslutz.PumpSync'
  Output: {
    Application, 0x11f9b8000, pid: 75007, label: 'PumpSync'
  }
  ↪︎Find: Descendant with identity binding to AX element pid: 75007, elementOrHash.elementID: 4463209408.442
    Output: {
      StaticText, 0x11f9acc80, {{86.0, 838.3}, {46.7, 14.3}}, label: 'Warning'
    }

    t =    64.91s Find the Any (Descendant with identity binding to AX element pid: 75007, elementOrHash.elementID: 4463209856.443)
    t =    64.98s Requesting snapshot of accessibility hierarchy for app with pid 75007
    t =    65.11s Find: Descendant with identity binding to AX element pid: 75007, elementOrHash.elementID: 4463209856.443
    t =    65.25s Requesting snapshot of accessibility hierarchy for app with pid 75007
    t =    65.38s Find: Descendant with identity binding to AX element pid: 75007, elementOrHash.elementID: 4463209856.443
    t =    65.39s Requesting snapshot of accessibility hierarchy for app with pid 75007
AUDIT_ISSUE dark-developer | 1 | Contrast failed | Contrast failed for SwiftUI.AccessibilityNode | Attributes: StaticText, 0x11c521e00, {{314.0, 838.3}, {50.0, 14.3}}, label: '11:30 AM'
Element subtree:
 →StaticText, 0x11c521e00, {{314.0, 838.3}, {50.0, 14.3}}, label: '11:30 AM'
Path to element:
 →Application, 0x11c518640, pid: 75007, label: 'PumpSync'
  ↳Window (Main), 0x11c518780, {{0.0, 0.0}, {402.0, 874.0}}
   ↳Other, 0x11c5188c0, {{0.0, 0.0}, {402.0, 874.0}}
    ↳Other, 0x11c518a00, {{0.0, 0.0}, {402.0, 874.0}}
     ↳Other, 0x11c518b40, {{0.0, 0.0}, {402.0, 874.0}}
      ↳Other, 0x11c518c80, {{0.0, 0.0}, {402.0, 874.0}}
       ↳Other, 0x11c518dc0, {{0.0, 0.0}, {402.0, 874.0}}
        ↳Other, 0x11c518f00, {{0.0, 0.0}, {402.0, 874.0}}
         ↳Other, 0x11c519040, {{0.0, 0.0}, {402.0, 874.0}}
          ↳Other, 0x11c519180, {{0.0, 0.0}, {402.0, 874.0}}
           ↳Other, 0x11c5192c0, {{0.0, 0.0}, {402.0, 874.0}}
            ↳Other, 0x11c519400, {{0.0, 0.0}, {402.0, 874.0}}
             ↳Other, 0x11c519540, {{0.0, 0.0}, {402.0, 874.0}}
              ↳Other, 0x11c519a40, {{0.0, 0.0}, {402.0, 874.0}}
               ↳Other, 0x11c519b80, {{0.0, 0.0}, {402.0, 874.0}}
                ↳Other, 0x11c519cc0, {{0.0, 0.0}, {402.0, 874.0}}
                 ↳Other, 0x11c519e00, {{0.0, 0.0}, {402.0, 874.0}}
                  ↳ScrollView, 0x11c519f40, {{0.0, 0.0}, {402.0, 874.0}}
                   ↳Other, 0x11c51ae40, {{0.0, 168.0}, {402.0, 2352.0}}
                    ↳Other, 0x11c521a40, {{38.0, 838.3}, {326.0, 70.7}}, label: 'Subscription recovery skipped', value: Sign in, Warning, ...
                     ↳StaticText, 0x11c521e00, {{314.0, 838.3}, {50.0, 14.3}}, label: '11:30 AM'
Query chain:
 →Find: Target Application 'dev.ericslutz.PumpSync'
  Output: {
    Application, 0x11f9b8000, pid: 75007, label: 'PumpSync'
  }
  ↪︎Find: Descendant with identity binding to AX element pid: 75007, elementOrHash.elementID: 4463209856.443
    Output: {
      StaticText, 0x11f9acdc0, {{314.0, 838.3}, {50.0, 14.3}}, label: '11:30 AM'
    }

    t =    65.55s Find the Any (Descendant with identity binding to AX element pid: 75007, elementOrHash.elementID: 4463206272.444)
    t =    65.63s Requesting snapshot of accessibility hierarchy for app with pid 75007
    t =    65.77s Find: Descendant with identity binding to AX element pid: 75007, elementOrHash.elementID: 4463206272.444
    t =    65.90s Requesting snapshot of accessibility hierarchy for app with pid 75007
    t =    66.04s Find: Descendant with identity binding to AX element pid: 75007, elementOrHash.elementID: 4463206272.444
    t =    66.05s Requesting snapshot of accessibility hierarchy for app with pid 75007
AUDIT_ISSUE dark-developer | 1 | Contrast failed | Contrast failed for SwiftUI.AccessibilityNode | Attributes: StaticText, 0x11c521f40, {{38.0, 856.7}, {218.0, 18.0}}, label: 'Subscription recovery skipped'
Element subtree:
 →StaticText, 0x11c521f40, {{38.0, 856.7}, {218.0, 18.0}}, label: 'Subscription recovery skipped'
Path to element:
 →Application, 0x11c518640, pid: 75007, label: 'PumpSync'
  ↳Window (Main), 0x11c518780, {{0.0, 0.0}, {402.0, 874.0}}
   ↳Other, 0x11c5188c0, {{0.0, 0.0}, {402.0, 874.0}}
    ↳Other, 0x11c518a00, {{0.0, 0.0}, {402.0, 874.0}}
     ↳Other, 0x11c518b40, {{0.0, 0.0}, {402.0, 874.0}}
      ↳Other, 0x11c518c80, {{0.0, 0.0}, {402.0, 874.0}}
       ↳Other, 0x11c518dc0, {{0.0, 0.0}, {402.0, 874.0}}
        ↳Other, 0x11c518f00, {{0.0, 0.0}, {402.0, 874.0}}
         ↳Other, 0x11c519040, {{0.0, 0.0}, {402.0, 874.0}}
          ↳Other, 0x11c519180, {{0.0, 0.0}, {402.0, 874.0}}
           ↳Other, 0x11c5192c0, {{0.0, 0.0}, {402.0, 874.0}}
            ↳Other, 0x11c519400, {{0.0, 0.0}, {402.0, 874.0}}
             ↳Other, 0x11c519540, {{0.0, 0.0}, {402.0, 874.0}}
              ↳Other, 0x11c519a40, {{0.0, 0.0}, {402.0, 874.0}}
               ↳Other, 0x11c519b80, {{0.0, 0.0}, {402.0, 874.0}}
                ↳Other, 0x11c519cc0, {{0.0, 0.0}, {402.0, 874.0}}
                 ↳Other, 0x11c519e00, {{0.0, 0.0}, {402.0, 874.0}}
                  ↳ScrollView, 0x11c519f40, {{0.0, 0.0}, {402.0, 874.0}}
                   ↳Other, 0x11c51ae40, {{0.0, 168.0}, {402.0, 2352.0}}
                    ↳Other, 0x11c521a40, {{38.0, 838.3}, {326.0, 70.7}}, label: 'Subscription recovery skipped', value: Sign in, Warning, ...
                     ↳StaticText, 0x11c521f40, {{38.0, 856.7}, {218.0, 18.0}}, label: 'Subscription recovery skipped'
Query chain:
 →Find: Target Application 'dev.ericslutz.PumpSync'
  Output: {
    Application, 0x11f9b8000, pid: 75007, label: 'PumpSync'
  }
  ↪︎Find: Descendant with identity binding to AX element pid: 75007, elementOrHash.elementID: 4463206272.444
    Output: {
      StaticText, 0x11f9acf00, {{38.0, 856.7}, {218.0, 18.0}}, label: 'Subscription recovery skipped'
    }

    t =    66.19s Tap Button (First Match)
    t =    66.19s     Wait for dev.ericslutz.PumpSync to idle
    t =    66.20s     Find the Button (First Match)
    t =    66.25s     Check for interrupting elements affecting "BackButton" Button
    t =    66.33s     Synthesize event
    t =    66.67s     Wait for dev.ericslutz.PumpSync to idle
    t =    67.04s Find the "Self-hosted" Button
    t =    67.14s Tap "Self-hosted" Button
    t =    67.14s     Wait for dev.ericslutz.PumpSync to idle
    t =    67.14s     Find the "Self-hosted" Button
    t =    67.20s     Check for interrupting elements affecting "Self-hosted" Button
    t =    67.24s     Synthesize event
    t =    67.56s     Wait for dev.ericslutz.PumpSync to idle
    t =    67.57s Find the Target Application 'dev.ericslutz.PumpSync'
    t =    67.70s Added attachment named 'dark-selfhost.png'
    t =    67.70s Requesting snapshot of accessibility hierarchy for app with pid 75007
    t =    68.05s Requesting snapshot of accessibility hierarchy for app with pid 75007
    t =    68.12s Added attachment named 'dark-selfhost-tree.txt'
    t =    70.36s Find the Any (Descendant with identity binding to AX element pid: 75007, elementOrHash.elementID: 4463080576.110)
    t =    70.40s Requesting snapshot of accessibility hierarchy for app with pid 75007
    t =    70.46s Find: Descendant with identity binding to AX element pid: 75007, elementOrHash.elementID: 4463080576.110
    t =    70.58s Requesting snapshot of accessibility hierarchy for app with pid 75007
    t =    70.64s Find: Descendant with identity binding to AX element pid: 75007, elementOrHash.elementID: 4463080576.110
    t =    70.64s Requesting snapshot of accessibility hierarchy for app with pid 75007
AUDIT_ISSUE dark-selfhost | 1 | Contrast failed | Contrast failed for SwiftUI.AccessibilityNode | Attributes: StaticText, 0x11c521cc0, {{24.0, 79.3}, {91.3, 20.3}}, label: 'Connection'
Element subtree:
 →StaticText, 0x11c521cc0, {{24.0, 79.3}, {91.3, 20.3}}, label: 'Connection'
Path to element:
 →Application, 0x11c51bac0, pid: 75007, label: 'PumpSync'
  ↳Window (Main), 0x11c51be80, {{0.0, 0.0}, {402.0, 874.0}}
   ↳Other, 0x11c51bd40, {{0.0, 0.0}, {402.0, 874.0}}
    ↳Other, 0x11c51bc00, {{0.0, 0.0}, {402.0, 874.0}}
     ↳Other, 0x11c51b980, {{0.0, 0.0}, {402.0, 874.0}}
      ↳Other, 0x11c51b5c0, {{0.0, 0.0}, {402.0, 874.0}}
       ↳Other, 0x11c51b840, {{0.0, 0.0}, {402.0, 874.0}}
        ↳Other, 0x11c51b700, {{0.0, 0.0}, {402.0, 874.0}}
         ↳Other, 0x11c51b200, {{0.0, 0.0}, {402.0, 874.0}}
          ↳Other, 0x11c51b480, {{0.0, 0.0}, {402.0, 874.0}}
           ↳Other, 0x11c51b340, {{0.0, 0.0}, {402.0, 874.0}}
            ↳Other, 0x11c51b0c0, {{0.0, 0.0}, {402.0, 874.0}}
             ↳Other, 0x11c51ad00, {{0.0, 0.0}, {402.0, 874.0}}
              ↳Other, 0x11c51abc0, {{0.0, 0.0}, {402.0, 874.0}}
               ↳Other, 0x11c51a1c0, {{0.0, 0.0}, {402.0, 874.0}}
                ↳Other, 0x11c51a300, {{0.0, 0.0}, {402.0, 874.0}}
                 ↳Other, 0x11c520000, {{0.0, 0.0}, {402.0, 874.0}}
                  ↳ScrollView, 0x11c520140, {{0.0, 0.0}, {402.0, 874.0}}
                   ↳Other, 0x11c521b80, {{0.0, 67.3}, {402.0, 826.7}}
                    ↳StaticText, 0x11c521cc0, {{24.0, 79.3}, {91.3, 20.3}}, label: 'Connection'
Query chain:
 →Find: Target Application 'dev.ericslutz.PumpSync'
  Output: {
    Application, 0x11c53f0c0, pid: 75007, label: 'PumpSync'
  }
  ↪︎Find: Descendant with identity binding to AX element pid: 75007, elementOrHash.elementID: 4463080576.110
    Output: {
      StaticText, 0x11c539400, {{24.0, 79.3}, {91.3, 20.3}}, label: 'Connection'
    }

    t =    70.71s Find the Any (Descendant with identity binding to AX element pid: 75007, elementOrHash.elementID: 4462992832.115)
    t =    70.74s Requesting snapshot of accessibility hierarchy for app with pid 75007
    t =    70.80s Find: Descendant with identity binding to AX element pid: 75007, elementOrHash.elementID: 4462992832.115
    t =    70.89s Requesting snapshot of accessibility hierarchy for app with pid 75007
    t =    70.95s Find: Descendant with identity binding to AX element pid: 75007, elementOrHash.elementID: 4462992832.115
    t =    70.95s Requesting snapshot of accessibility hierarchy for app with pid 75007
AUDIT_ISSUE dark-selfhost | 1 | Contrast nearly passed | Contrast is not high enough for SwiftUI.AccessibilityNode unless font size is larger. | Attributes: StaticText, 0x11c522a80, {{24.0, 386.0}, {85.7, 20.3}}, label: 'PumpSync'
Element subtree:
 →StaticText, 0x11c522a80, {{24.0, 386.0}, {85.7, 20.3}}, label: 'PumpSync'
Path to element:
 →Application, 0x11c51bac0, pid: 75007, label: 'PumpSync'
  ↳Window (Main), 0x11c51be80, {{0.0, 0.0}, {402.0, 874.0}}
   ↳Other, 0x11c51bd40, {{0.0, 0.0}, {402.0, 874.0}}
    ↳Other, 0x11c51bc00, {{0.0, 0.0}, {402.0, 874.0}}
     ↳Other, 0x11c51b980, {{0.0, 0.0}, {402.0, 874.0}}
      ↳Other, 0x11c51b5c0, {{0.0, 0.0}, {402.0, 874.0}}
       ↳Other, 0x11c51b840, {{0.0, 0.0}, {402.0, 874.0}}
        ↳Other, 0x11c51b700, {{0.0, 0.0}, {402.0, 874.0}}
         ↳Other, 0x11c51b200, {{0.0, 0.0}, {402.0, 874.0}}
          ↳Other, 0x11c51b480, {{0.0, 0.0}, {402.0, 874.0}}
           ↳Other, 0x11c51b340, {{0.0, 0.0}, {402.0, 874.0}}
            ↳Other, 0x11c51b0c0, {{0.0, 0.0}, {402.0, 874.0}}
             ↳Other, 0x11c51ad00, {{0.0, 0.0}, {402.0, 874.0}}
              ↳Other, 0x11c51a300, {{0.0, 0.0}, {402.0, 874.0}}
               ↳Other, 0x11c51af80, {{0.0, 0.0}, {402.0, 874.0}}
                ↳Other, 0x11c51ae40, {{0.0, 0.0}, {402.0, 874.0}}
                 ↳Other, 0x11c520000, {{0.0, 0.0}, {402.0, 874.0}}
                  ↳ScrollView, 0x11c520140, {{0.0, 0.0}, {402.0, 874.0}}
                   ↳Other, 0x11c521b80, {{0.0, 67.3}, {402.0, 826.7}}
                    ↳StaticText, 0x11c522a80, {{24.0, 386.0}, {85.7, 20.3}}, label: 'PumpSync'
Query chain:
 →Find: Target Application 'dev.ericslutz.PumpSync'
  Output: {
    Application, 0x11c53f0c0, pid: 75007, label: 'PumpSync'
  }
  ↪︎Find: Descendant with identity binding to AX element pid: 75007, elementOrHash.elementID: 4462992832.115
    Output: {
      StaticText, 0x11c53a1c0, {{24.0, 386.0}, {85.7, 20.3}}, label: 'PumpSync'
    }

    t =    71.02s Find the Any (Descendant with identity binding to AX element pid: 75007, elementOrHash.elementID: 4462994176.128)
    t =    71.06s Requesting snapshot of accessibility hierarchy for app with pid 75007
    t =    71.11s Find: Descendant with identity binding to AX element pid: 75007, elementOrHash.elementID: 4462994176.128
    t =    71.24s Requesting snapshot of accessibility hierarchy for app with pid 75007
    t =    71.30s Find: Descendant with identity binding to AX element pid: 75007, elementOrHash.elementID: 4462994176.128
    t =    71.30s Requesting snapshot of accessibility hierarchy for app with pid 75007
AUDIT_ISSUE dark-selfhost | 1 | Contrast nearly passed | Contrast is not high enough for SwiftUI.AccessibilityNode unless font size is larger. | Attributes: StaticText, 0x11c5226c0, {{80.0, 293.8}, {76.7, 20.3}}, label: 'Subscribe'
Element subtree:
 →StaticText, 0x11c5226c0, {{80.0, 293.8}, {76.7, 20.3}}, label: 'Subscribe'
Path to element:
 →Application, 0x11c51be80, pid: 75007, label: 'PumpSync'
  ↳Window (Main), 0x11c51bd40, {{0.0, 0.0}, {402.0, 874.0}}
   ↳Other, 0x11c51bc00, {{0.0, 0.0}, {402.0, 874.0}}
    ↳Other, 0x11c51b980, {{0.0, 0.0}, {402.0, 874.0}}
     ↳Other, 0x11c51b5c0, {{0.0, 0.0}, {402.0, 874.0}}
      ↳Other, 0x11c51b840, {{0.0, 0.0}, {402.0, 874.0}}
       ↳Other, 0x11c51b700, {{0.0, 0.0}, {402.0, 874.0}}
        ↳Other, 0x11c51b200, {{0.0, 0.0}, {402.0, 874.0}}
         ↳Other, 0x11c51b480, {{0.0, 0.0}, {402.0, 874.0}}
          ↳Other, 0x11c51b340, {{0.0, 0.0}, {402.0, 874.0}}
           ↳Other, 0x11c51b0c0, {{0.0, 0.0}, {402.0, 874.0}}
            ↳Other, 0x11c51ad00, {{0.0, 0.0}, {402.0, 874.0}}
             ↳Other, 0x11c51a300, {{0.0, 0.0}, {402.0, 874.0}}
              ↳Other, 0x11c51abc0, {{0.0, 0.0}, {402.0, 874.0}}
               ↳Other, 0x11c51a1c0, {{0.0, 0.0}, {402.0, 874.0}}
                ↳Other, 0x11c520000, {{0.0, 0.0}, {402.0, 874.0}}
                 ↳Other, 0x11c520140, {{0.0, 0.0}, {402.0, 874.0}}
                  ↳ScrollView, 0x11c520280, {{0.0, 0.0}, {402.0, 874.0}}
                   ↳Other, 0x11c521cc0, {{0.0, 67.3}, {402.0, 826.7}}
                    ↳Button, 0x11c522440, {{40.7, 293.8}, {116.0, 20.3}}, label: 'Subscribe'
                     ↳StaticText, 0x11c5226c0, {{80.0, 293.8}, {76.7, 20.3}}, label: 'Subscribe'
Query chain:
 →Find: Target Application 'dev.ericslutz.PumpSync'
  Output: {
    Application, 0x11c53f0c0, pid: 75007, label: 'PumpSync'
  }
  ↪︎Find: Descendant with identity binding to AX element pid: 75007, elementOrHash.elementID: 4462994176.128
    Output: {
      StaticText, 0x11c539cc0, {{80.0, 293.8}, {76.7, 20.3}}, label: 'Subscribe'
    }

    t =    71.37s Find the Any (Descendant with identity binding to AX element pid: 75007, elementOrHash.elementID: 4462995520.133)
    t =    71.40s Requesting snapshot of accessibility hierarchy for app with pid 75007
    t =    71.46s Find: Descendant with identity binding to AX element pid: 75007, elementOrHash.elementID: 4462995520.133
    t =    71.68s Requesting snapshot of accessibility hierarchy for app with pid 75007
    t =    71.74s Find: Descendant with identity binding to AX element pid: 75007, elementOrHash.elementID: 4462995520.133
    t =    71.74s Requesting snapshot of accessibility hierarchy for app with pid 75007
AUDIT_ISSUE dark-selfhost | 1 | Contrast nearly passed | Contrast is not high enough for SwiftUI.AccessibilityNode unless font size is larger. | Attributes: StaticText, 0x11c5230c0, {{80.0, 454.7}, {103.0, 18.0}}, label: 'Not configured'
Element subtree:
 →StaticText, 0x11c5230c0, {{80.0, 454.7}, {103.0, 18.0}}, label: 'Not configured'
Path to element:
 →Application, 0x11c51be80, pid: 75007, label: 'PumpSync'
  ↳Window (Main), 0x11c51bd40, {{0.0, 0.0}, {402.0, 874.0}}
   ↳Other, 0x11c51bc00, {{0.0, 0.0}, {402.0, 874.0}}
    ↳Other, 0x11c51b980, {{0.0, 0.0}, {402.0, 874.0}}
     ↳Other, 0x11c51b5c0, {{0.0, 0.0}, {402.0, 874.0}}
      ↳Other, 0x11c51b840, {{0.0, 0.0}, {402.0, 874.0}}
       ↳Other, 0x11c51b700, {{0.0, 0.0}, {402.0, 874.0}}
        ↳Other, 0x11c51b200, {{0.0, 0.0}, {402.0, 874.0}}
         ↳Other, 0x11c51b480, {{0.0, 0.0}, {402.0, 874.0}}
          ↳Other, 0x11c51b340, {{0.0, 0.0}, {402.0, 874.0}}
           ↳Other, 0x11c51b0c0, {{0.0, 0.0}, {402.0, 874.0}}
            ↳Other, 0x11c51ad00, {{0.0, 0.0}, {402.0, 874.0}}
             ↳Other, 0x11c51a300, {{0.0, 0.0}, {402.0, 874.0}}
              ↳Other, 0x11c51af80, {{0.0, 0.0}, {402.0, 874.0}}
               ↳Other, 0x11c51ae40, {{0.0, 0.0}, {402.0, 874.0}}
                ↳Other, 0x11c520000, {{0.0, 0.0}, {402.0, 874.0}}
                 ↳Other, 0x11c520140, {{0.0, 0.0}, {402.0, 874.0}}
                  ↳ScrollView, 0x11c520280, {{0.0, 0.0}, {402.0, 874.0}}
                   ↳Other, 0x11c521cc0, {{0.0, 67.3}, {402.0, 826.7}}
                    ↳Button, 0x11c522d00, {{38.0, 432.3}, {326.0, 40.3}}, identifier: 'TandemAccountLink', label: 'Tandem Account', value: Not configured
                     ↳StaticText, 0x11c5230c0, {{80.0, 454.7}, {103.0, 18.0}}, label: 'Not configured'
Query chain:
 →Find: Target Application 'dev.ericslutz.PumpSync'
  Output: {
    Application, 0x11c53f0c0, pid: 75007, label: 'PumpSync'
  }
  ↪︎Find: Descendant with identity binding to AX element pid: 75007, elementOrHash.elementID: 4462995520.133
    Output: {
      StaticText, 0x11c53a6c0, {{80.0, 454.7}, {103.0, 18.0}}, label: 'Not configured'
    }

    t =    71.81s Find the Any (Descendant with identity binding to AX element pid: 75007, elementOrHash.elementID: 4462997760.137)
    t =    71.84s Requesting snapshot of accessibility hierarchy for app with pid 75007
    t =    71.89s Find: Descendant with identity binding to AX element pid: 75007, elementOrHash.elementID: 4462997760.137
    t =    72.01s Requesting snapshot of accessibility hierarchy for app with pid 75007
    t =    72.07s Find: Descendant with identity binding to AX element pid: 75007, elementOrHash.elementID: 4462997760.137
    t =    72.07s Requesting snapshot of accessibility hierarchy for app with pid 75007
AUDIT_ISSUE dark-selfhost | 1 | Contrast nearly passed | Contrast is not high enough for SwiftUI.AccessibilityNode unless font size is larger. | Attributes: StaticText, 0x11c523700, {{80.0, 507.3}, {176.3, 18.0}}, label: 'Insulin and carbohydrates'
Element subtree:
 →StaticText, 0x11c523700, {{80.0, 507.3}, {176.3, 18.0}}, label: 'Insulin and carbohydrates'
Path to element:
 →Application, 0x11c51be80, pid: 75007, label: 'PumpSync'
  ↳Window (Main), 0x11c51bd40, {{0.0, 0.0}, {402.0, 874.0}}
   ↳Other, 0x11c51bc00, {{0.0, 0.0}, {402.0, 874.0}}
    ↳Other, 0x11c51b980, {{0.0, 0.0}, {402.0, 874.0}}
     ↳Other, 0x11c51b5c0, {{0.0, 0.0}, {402.0, 874.0}}
      ↳Other, 0x11c51b840, {{0.0, 0.0}, {402.0, 874.0}}
       ↳Other, 0x11c51b700, {{0.0, 0.0}, {402.0, 874.0}}
        ↳Other, 0x11c51b200, {{0.0, 0.0}, {402.0, 874.0}}
         ↳Other, 0x11c51b480, {{0.0, 0.0}, {402.0, 874.0}}
          ↳Other, 0x11c51b340, {{0.0, 0.0}, {402.0, 874.0}}
           ↳Other, 0x11c51b0c0, {{0.0, 0.0}, {402.0, 874.0}}
            ↳Other, 0x11c51ad00, {{0.0, 0.0}, {402.0, 874.0}}
             ↳Other, 0x11c51a300, {{0.0, 0.0}, {402.0, 874.0}}
              ↳Other, 0x11c51abc0, {{0.0, 0.0}, {402.0, 874.0}}
               ↳Other, 0x11c51a1c0, {{0.0, 0.0}, {402.0, 874.0}}
                ↳Other, 0x11c520000, {{0.0, 0.0}, {402.0, 874.0}}
                 ↳Other, 0x11c520140, {{0.0, 0.0}, {402.0, 874.0}}
                  ↳ScrollView, 0x11c520280, {{0.0, 0.0}, {402.0, 874.0}}
                   ↳Other, 0x11c521cc0, {{0.0, 67.3}, {402.0, 826.7}}
                    ↳Button, 0x11c523340, {{38.0, 485.0}, {326.0, 40.3}}, identifier: 'AppleHealthLink', label: 'Apple Health', value: Insulin and carboh...
                     ↳StaticText, 0x11c523700, {{80.0, 507.3}, {176.3, 18.0}}, label: 'Insulin and carbohydrates'
Query chain:
 →Find: Target Application 'dev.ericslutz.PumpSync'
  Output: {
    Application, 0x11c53f0c0, pid: 75007, label: 'PumpSync'
  }
  ↪︎Find: Descendant with identity binding to AX element pid: 75007, elementOrHash.elementID: 4462997760.137
    Output: {
      StaticText, 0x11c53ad00, {{80.0, 507.3}, {176.3, 18.0}}, label: 'Insulin and carbohydrates'
    }

    t =    72.13s Find the Any (Descendant with identity binding to AX element pid: 75007, elementOrHash.elementID: 4462877248.140)
    t =    72.17s Requesting snapshot of accessibility hierarchy for app with pid 75007
    t =    72.22s Find: Descendant with identity binding to AX element pid: 75007, elementOrHash.elementID: 4462877248.140
    t =    72.36s Requesting snapshot of accessibility hierarchy for app with pid 75007
    t =    72.42s Find: Descendant with identity binding to AX element pid: 75007, elementOrHash.elementID: 4462877248.140
    t =    72.42s Requesting snapshot of accessibility hierarchy for app with pid 75007
AUDIT_ISSUE dark-selfhost | 1 | Contrast nearly passed | Contrast is not high enough for SwiftUI.AccessibilityNode unless font size is larger. | Attributes: StaticText, 0x11c523c00, {{80.0, 537.7}, {161.3, 20.3}}, label: 'Insulin Concentration'
Element subtree:
 →StaticText, 0x11c523c00, {{80.0, 537.7}, {161.3, 20.3}}, label: 'Insulin Concentration'
Path to element:
 →Application, 0x11c51be80, pid: 75007, label: 'PumpSync'
  ↳Window (Main), 0x11c51bd40, {{0.0, 0.0}, {402.0, 874.0}}
   ↳Other, 0x11c51bc00, {{0.0, 0.0}, {402.0, 874.0}}
    ↳Other, 0x11c51b980, {{0.0, 0.0}, {402.0, 874.0}}
     ↳Other, 0x11c51b5c0, {{0.0, 0.0}, {402.0, 874.0}}
      ↳Other, 0x11c51b840, {{0.0, 0.0}, {402.0, 874.0}}
       ↳Other, 0x11c51b700, {{0.0, 0.0}, {402.0, 874.0}}
        ↳Other, 0x11c51b200, {{0.0, 0.0}, {402.0, 874.0}}
         ↳Other, 0x11c51b480, {{0.0, 0.0}, {402.0, 874.0}}
          ↳Other, 0x11c51b340, {{0.0, 0.0}, {402.0, 874.0}}
           ↳Other, 0x11c51b0c0, {{0.0, 0.0}, {402.0, 874.0}}
            ↳Other, 0x11c51ad00, {{0.0, 0.0}, {402.0, 874.0}}
             ↳Other, 0x11c51a300, {{0.0, 0.0}, {402.0, 874.0}}
              ↳Other, 0x11c51af80, {{0.0, 0.0}, {402.0, 874.0}}
               ↳Other, 0x11c51ae40, {{0.0, 0.0}, {402.0, 874.0}}
                ↳Other, 0x11c520000, {{0.0, 0.0}, {402.0, 874.0}}
                 ↳Other, 0x11c520140, {{0.0, 0.0}, {402.0, 874.0}}
                  ↳ScrollView, 0x11c520280, {{0.0, 0.0}, {402.0, 874.0}}
                   ↳Other, 0x11c521cc0, {{0.0, 67.3}, {402.0, 826.7}}
                    ↳Button, 0x11c523980, {{38.0, 537.7}, {326.0, 40.3}}, identifier: 'InsulinConcentrationLink', label: 'Insulin Concentration', value: U-100
                     ↳StaticText, 0x11c523c00, {{80.0, 537.7}, {161.3, 20.3}}, label: 'Insulin Concentration'
Query chain:
 →Find: Target Application 'dev.ericslutz.PumpSync'
  Output: {
    Application, 0x11c53f0c0, pid: 75007, label: 'PumpSync'
  }
  ↪︎Find: Descendant with identity binding to AX element pid: 75007, elementOrHash.elementID: 4462877248.140
    Output: {
      StaticText, 0x11c53b200, {{80.0, 537.7}, {161.3, 20.3}}, label: 'Insulin Concentration'
    }

    t =    72.49s Find the Any (Descendant with identity binding to AX element pid: 75007, elementOrHash.elementID: 4463102144.144)
    t =    72.54s Requesting snapshot of accessibility hierarchy for app with pid 75007
    t =    72.61s Find: Descendant with identity binding to AX element pid: 75007, elementOrHash.elementID: 4463102144.144
    t =    72.79s Requesting snapshot of accessibility hierarchy for app with pid 75007
    t =    72.85s Find: Descendant with identity binding to AX element pid: 75007, elementOrHash.elementID: 4463102144.144
    t =    72.86s Requesting snapshot of accessibility hierarchy for app with pid 75007
AUDIT_ISSUE dark-selfhost | 1 | Contrast nearly passed | Contrast is not high enough for SwiftUI.AccessibilityNode unless font size is larger. | Attributes: StaticText, 0x11c530280, {{80.0, 590.3}, {107.7, 20.3}}, label: 'Data Handling'
Element subtree:
 →StaticText, 0x11c530280, {{80.0, 590.3}, {107.7, 20.3}}, label: 'Data Handling'
Path to element:
 →Application, 0x11c51be80, pid: 75007, label: 'PumpSync'
  ↳Window (Main), 0x11c51bd40, {{0.0, 0.0}, {402.0, 874.0}}
   ↳Other, 0x11c51bc00, {{0.0, 0.0}, {402.0, 874.0}}
    ↳Other, 0x11c51b980, {{0.0, 0.0}, {402.0, 874.0}}
     ↳Other, 0x11c51b5c0, {{0.0, 0.0}, {402.0, 874.0}}
      ↳Other, 0x11c51b840, {{0.0, 0.0}, {402.0, 874.0}}
       ↳Other, 0x11c51b700, {{0.0, 0.0}, {402.0, 874.0}}
        ↳Other, 0x11c51b200, {{0.0, 0.0}, {402.0, 874.0}}
         ↳Other, 0x11c51b480, {{0.0, 0.0}, {402.0, 874.0}}
          ↳Other, 0x11c51b340, {{0.0, 0.0}, {402.0, 874.0}}
           ↳Other, 0x11c51b0c0, {{0.0, 0.0}, {402.0, 874.0}}
            ↳Other, 0x11c51ad00, {{0.0, 0.0}, {402.0, 874.0}}
             ↳Other, 0x11c51a300, {{0.0, 0.0}, {402.0, 874.0}}
              ↳Other, 0x11c51abc0, {{0.0, 0.0}, {402.0, 874.0}}
               ↳Other, 0x11c51a1c0, {{0.0, 0.0}, {402.0, 874.0}}
                ↳Other, 0x11c520000, {{0.0, 0.0}, {402.0, 874.0}}
                 ↳Other, 0x11c520140, {{0.0, 0.0}, {402.0, 874.0}}
                  ↳ScrollView, 0x11c520280, {{0.0, 0.0}, {402.0, 874.0}}
                   ↳Other, 0x11c521cc0, {{0.0, 67.3}, {402.0, 826.7}}
                    ↳Button, 0x11c530000, {{38.0, 590.3}, {326.0, 60.3}}, identifier: 'DataHandlingLink', label: 'Data Handling', value: Privacy, retention...
                     ↳StaticText, 0x11c530280, {{80.0, 590.3}, {107.7, 20.3}}, label: 'Data Handling'
Query chain:
 →Find: Target Application 'dev.ericslutz.PumpSync'
  Output: {
    Application, 0x11c53f0c0, pid: 75007, label: 'PumpSync'
  }
  ↪︎Find: Descendant with identity binding to AX element pid: 75007, elementOrHash.elementID: 4463102144.144
    Output: {
      StaticText, 0x11c53b840, {{80.0, 590.3}, {107.7, 20.3}}, label: 'Data Handling'
    }

    t =    72.94s Find the Any (Descendant with identity binding to AX element pid: 75007, elementOrHash.elementID: 4463104832.148)
    t =    72.98s Requesting snapshot of accessibility hierarchy for app with pid 75007
    t =    73.04s Find: Descendant with identity binding to AX element pid: 75007, elementOrHash.elementID: 4463104832.148
    t =    73.19s Requesting snapshot of accessibility hierarchy for app with pid 75007
    t =    73.25s Find: Descendant with identity binding to AX element pid: 75007, elementOrHash.elementID: 4463104832.148
    t =    73.25s Requesting snapshot of accessibility hierarchy for app with pid 75007
AUDIT_ISSUE dark-selfhost | 1 | Contrast failed | Contrast failed for SwiftUI.AccessibilityNode | Attributes: StaticText, 0x11c5308c0, {{80.0, 663.0}, {132.3, 20.3}}, label: 'About PumpSync'
Element subtree:
 →StaticText, 0x11c5308c0, {{80.0, 663.0}, {132.3, 20.3}}, label: 'About PumpSync'
Path to element:
 →Application, 0x11c51be80, pid: 75007, label: 'PumpSync'
  ↳Window (Main), 0x11c51bd40, {{0.0, 0.0}, {402.0, 874.0}}
   ↳Other, 0x11c51bc00, {{0.0, 0.0}, {402.0, 874.0}}
    ↳Other, 0x11c51b980, {{0.0, 0.0}, {402.0, 874.0}}
     ↳Other, 0x11c51b5c0, {{0.0, 0.0}, {402.0, 874.0}}
      ↳Other, 0x11c51b840, {{0.0, 0.0}, {402.0, 874.0}}
       ↳Other, 0x11c51b700, {{0.0, 0.0}, {402.0, 874.0}}
        ↳Other, 0x11c51b200, {{0.0, 0.0}, {402.0, 874.0}}
         ↳Other, 0x11c51b480, {{0.0, 0.0}, {402.0, 874.0}}
          ↳Other, 0x11c51b340, {{0.0, 0.0}, {402.0, 874.0}}
           ↳Other, 0x11c51b0c0, {{0.0, 0.0}, {402.0, 874.0}}
            ↳Other, 0x11c51ad00, {{0.0, 0.0}, {402.0, 874.0}}
             ↳Other, 0x11c51a300, {{0.0, 0.0}, {402.0, 874.0}}
              ↳Other, 0x11c51af80, {{0.0, 0.0}, {402.0, 874.0}}
               ↳Other, 0x11c51ae40, {{0.0, 0.0}, {402.0, 874.0}}
                ↳Other, 0x11c520000, {{0.0, 0.0}, {402.0, 874.0}}
                 ↳Other, 0x11c520140, {{0.0, 0.0}, {402.0, 874.0}}
                  ↳ScrollView, 0x11c520280, {{0.0, 0.0}, {402.0, 874.0}}
                   ↳Other, 0x11c521cc0, {{0.0, 67.3}, {402.0, 826.7}}
                    ↳Button, 0x11c530640, {{38.0, 663.0}, {326.0, 40.3}}, identifier: 'AboutPumpSyncLink', label: 'About PumpSync', value: How syncing works
                     ↳StaticText, 0x11c5308c0, {{80.0, 663.0}, {132.3, 20.3}}, label: 'About PumpSync'
Query chain:
 →Find: Target Application 'dev.ericslutz.PumpSync'
  Output: {
    Application, 0x11c53f0c0, pid: 75007, label: 'PumpSync'
  }
  ↪︎Find: Descendant with identity binding to AX element pid: 75007, elementOrHash.elementID: 4463104832.148
    Output: {
      StaticText, 0x11c53be80, {{80.0, 663.0}, {132.3, 20.3}}, label: 'About PumpSync'
    }

    t =    73.32s Tap "Server URL" TextField
    t =    73.32s     Wait for dev.ericslutz.PumpSync to idle
    t =    73.32s     Find the "Server URL" TextField
    t =    74.38s         Find the "Server URL" TextField (retry 1)
    t =    75.44s         Find the "Server URL" TextField (retry 2)
    t =    75.50s Requesting snapshot of accessibility hierarchy for app with pid 75007
/tmp/pumpsync-ui-audit-harness/PumpSyncUITests/PumpSyncUITests.swift:35: error: -[PumpSyncUITests.PumpSyncAuditTests testDarkFlows] : Failed to tap "Server URL" TextField: No matches found for Descendants matching type TextField from input {(
    Application, pid: 75007, label: 'PumpSync'
)}
    t =    75.58s Tear Down
Test Case '-[PumpSyncUITests.PumpSyncAuditTests testDarkFlows]' failed (76.232 seconds).
Test Case '-[PumpSyncUITests.PumpSyncAuditTests testLightFlows]' started.
    t =     0.00s Start Test at 2026-10-01 11:31:21.656
    t =     0.07s Set Up
    t =     0.07s Open dev.ericslutz.PumpSync
    t =     0.07s     Launch dev.ericslutz.PumpSync
    t =     0.08s         Terminate dev.ericslutz.PumpSync:75007
2026-10-01 11:31:22.826 xcodebuild[74778:2939132] [MT] IDELaunchParametersSnapshot: debugger version lookup failed for path '<nil>': noURL
2026-10-01 11:31:22.826 xcodebuild[74778:2939132] [MT] IDELaunchParametersSnapshot: no debugger version
    t =     1.61s         Setting up automation session
    t =     3.34s         Wait for dev.ericslutz.PumpSync to idle
    t =     5.24s Waiting 3.0s for "Cancel" Button to exist
    t =     6.25s     Checking `Expect predicate `existsNoRetry == 1` for object "Cancel" Button`
    t =     6.25s         Checking existence of `"Cancel" Button`
    t =     6.33s Tap "Cancel" Button
    t =     6.33s     Wait for com.apple.springboard to idle
    t =     6.33s     Find the "Cancel" Button
    t =     6.39s     Check for interrupting elements affecting "Cancel" Button
    t =     6.45s     Synthesize event
    t =     6.75s     Wait for com.apple.springboard to idle
    t =     7.01s Checking existence of `"Don’t Allow" Button`
    t =     7.13s Waiting 10.0s for "Settings" Button to exist
    t =     8.17s     Checking `Expect predicate `existsNoRetry == 1` for object "Settings" Button`
    t =     8.17s         Checking existence of `"Settings" Button`
    t =     8.21s Find the Target Application 'dev.ericslutz.PumpSync'
    t =     8.33s Added attachment named 'light-01-sync.png'
    t =     8.33s Requesting snapshot of accessibility hierarchy for app with pid 76136
    t =     8.56s Requesting snapshot of accessibility hierarchy for app with pid 76136
    t =     8.60s Added attachment named 'light-01-sync-tree.txt'
    t =    10.72s Find the Any (Descendant with identity binding to AX element pid: 76136, elementOrHash.elementID: 4437679104.63)
    t =    10.74s Requesting snapshot of accessibility hierarchy for app with pid 76136
    t =    10.78s Find: Descendant with identity binding to AX element pid: 76136, elementOrHash.elementID: 4437679104.63
    t =    10.89s Requesting snapshot of accessibility hierarchy for app with pid 76136
    t =    10.93s Find: Descendant with identity binding to AX element pid: 76136, elementOrHash.elementID: 4437679104.63
    t =    10.93s Requesting snapshot of accessibility hierarchy for app with pid 76136
AUDIT_ISSUE light-01-sync | 1 | Contrast nearly passed | Contrast is not high enough for SwiftUI.AccessibilityNode unless font size is larger. | Attributes: StaticText, 0x1070a9a40, {{24.0, 333.0}, {100.3, 20.3}}, label: 'Initial Import'
Element subtree:
 →StaticText, 0x1070a9a40, {{24.0, 333.0}, {100.3, 20.3}}, label: 'Initial Import'
Path to element:
 →Application, 0x11c53fd40, pid: 76136, label: 'PumpSync'
  ↳Window (Main), 0x11c53fe80, {{0.0, 0.0}, {402.0, 874.0}}
   ↳Other, 0x11c53f840, {{0.0, 0.0}, {402.0, 874.0}}
    ↳Other, 0x11c53fc00, {{0.0, 0.0}, {402.0, 874.0}}
     ↳Other, 0x11c53fac0, {{0.0, 0.0}, {402.0, 874.0}}
      ↳Other, 0x11c53f980, {{0.0, 0.0}, {402.0, 874.0}}
       ↳Other, 0x11c53ed00, {{0.0, 0.0}, {402.0, 874.0}}
        ↳Other, 0x11c53ee40, {{0.0, 0.0}, {402.0, 874.0}}
         ↳Other, 0x11c53f340, {{0.0, 0.0}, {402.0, 874.0}}
          ↳Other, 0x11c53f5c0, {{0.0, 0.0}, {402.0, 874.0}}
           ↳Other, 0x11c53f480, {{0.0, 0.0}, {402.0, 874.0}}
            ↳Other, 0x11c53f0c0, {{0.0, 0.0}, {402.0, 874.0}}
             ↳Other, 0x11c53f200, {{0.0, 0.0}, {402.0, 874.0}}
              ↳Other, 0x11c53ebc0, {{0.0, 0.0}, {402.0, 874.0}}
               ↳Other, 0x11c53ea80, {{0.0, 0.0}, {402.0, 874.0}}
                ↳Other, 0x11c53e080, {{0.0, 0.0}, {402.0, 874.0}}
                 ↳Other, 0x11c53e1c0, {{0.0, 0.0}, {402.0, 874.0}}
                  ↳ScrollView, 0x1070a8000, {{0.0, 0.0}, {402.0, 874.0}}
                   ↳Other, 0x1070a8f00, {{0.0, 168.0}, {402.0, 743.0}}
                    ↳StaticText, 0x1070a9a40, {{24.0, 333.0}, {100.3, 20.3}}, label: 'Initial Import'
Query chain:
 →Find: Target Application 'dev.ericslutz.PumpSync'
  Output: {
    Application, 0x114ba26c0, pid: 76136, label: 'PumpSync'
  }
  ↪︎Find: Descendant with identity binding to AX element pid: 76136, elementOrHash.elementID: 4437679104.63
    Output: {
      StaticText, 0x11c53d400, {{24.0, 333.0}, {100.3, 20.3}}, label: 'Initial Import'
    }

    t =    10.99s Find the Any (Descendant with identity binding to AX element pid: 76136, elementOrHash.elementID: 4437682240.65)
    t =    11.02s Requesting snapshot of accessibility hierarchy for app with pid 76136
    t =    11.06s Find: Descendant with identity binding to AX element pid: 76136, elementOrHash.elementID: 4437682240.65
    t =    11.15s Requesting snapshot of accessibility hierarchy for app with pid 76136
    t =    11.19s Find: Descendant with identity binding to AX element pid: 76136, elementOrHash.elementID: 4437682240.65
    t =    11.19s Requesting snapshot of accessibility hierarchy for app with pid 76136
AUDIT_ISSUE light-01-sync | 1 | Contrast nearly passed | Contrast is not high enough for SwiftUI.AccessibilityNode unless font size is larger. | Attributes: StaticText, 0x1070aa300, {{38.0, 425.7}, {323.3, 108.3}}, label: 'Choose how much pump history to import the first time. Future syncs import new data only. Keep PumpSync open while a sync is running; you can move around within PumpSync.'
Element subtree:
 →StaticText, 0x1070aa300, {{38.0, 425.7}, {323.3, 108.3}}, label: 'Choose how much pump history to import the first time. Future syncs import new data only. Keep PumpSync open while a sync is running; you can move around within PumpSync.'
Path to element:
 →Application, 0x11c53fd40, pid: 76136, label: 'PumpSync'
  ↳Window (Main), 0x11c53fe80, {{0.0, 0.0}, {402.0, 874.0}}
   ↳Other, 0x11c53f840, {{0.0, 0.0}, {402.0, 874.0}}
    ↳Other, 0x11c53fc00, {{0.0, 0.0}, {402.0, 874.0}}
     ↳Other, 0x11c53fac0, {{0.0, 0.0}, {402.0, 874.0}}
      ↳Other, 0x11c53f980, {{0.0, 0.0}, {402.0, 874.0}}
       ↳Other, 0x11c53ed00, {{0.0, 0.0}, {402.0, 874.0}}
        ↳Other, 0x11c53ee40, {{0.0, 0.0}, {402.0, 874.0}}
         ↳Other, 0x11c53f340, {{0.0, 0.0}, {402.0, 874.0}}
          ↳Other, 0x11c53f5c0, {{0.0, 0.0}, {402.0, 874.0}}
           ↳Other, 0x11c53f480, {{0.0, 0.0}, {402.0, 874.0}}
            ↳Other, 0x11c53f0c0, {{0.0, 0.0}, {402.0, 874.0}}
             ↳Other, 0x11c53f200, {{0.0, 0.0}, {402.0, 874.0}}
              ↳Other, 0x11c53e080, {{0.0, 0.0}, {402.0, 874.0}}
               ↳Other, 0x11c53e1c0, {{0.0, 0.0}, {402.0, 874.0}}
                ↳Other, 0x11c53ef80, {{0.0, 0.0}, {402.0, 874.0}}
                 ↳Other, 0x11c53e940, {{0.0, 0.0}, {402.0, 874.0}}
                  ↳ScrollView, 0x1070a8000, {{0.0, 0.0}, {402.0, 874.0}}
                   ↳Other, 0x1070a8f00, {{0.0, 168.0}, {402.0, 743.0}}
                    ↳StaticText, 0x1070aa300, {{38.0, 425.7}, {323.3, 108.3}}, label: 'Choose how much pump history to import the first time. Future syncs import new data only. Keep PumpSync open while a sync is running; you can move around within PumpSync.'
Query chain:
 →Find: Target Application 'dev.ericslutz.PumpSync'
  Output: {
    Application, 0x114ba26c0, pid: 76136, label: 'PumpSync'
  }
  ↪︎Find: Descendant with identity binding to AX element pid: 76136, elementOrHash.elementID: 4437682240.65
    Output: {
      StaticText, 0x11c53db80, {{38.0, 425.7}, {323.3, 108.3}}, label: 'Choose how much pump history to import the first time. Future syncs import new data only. Keep PumpSync open while a sync is running; you can move around within PumpSync.'
    }

    t =    11.24s Find the Any (Descendant with identity binding to AX element pid: 76136, elementOrHash.elementID: 4437684032.67)
    t =    11.27s Requesting snapshot of accessibility hierarchy for app with pid 76136
    t =    11.31s Find: Descendant with identity binding to AX element pid: 76136, elementOrHash.elementID: 4437684032.67
    t =    11.42s Requesting snapshot of accessibility hierarchy for app with pid 76136
    t =    11.46s Find: Descendant with identity binding to AX element pid: 76136, elementOrHash.elementID: 4437684032.67
    t =    11.46s Requesting snapshot of accessibility hierarchy for app with pid 76136
AUDIT_ISSUE light-01-sync | 1 | Contrast nearly passed | Contrast is not high enough for SwiftUI.AccessibilityNode unless font size is larger. | Attributes: StaticText, 0x1070aa800, {{38.0, 674.0}, {322.7, 64.3}}, label: 'Your PumpSync subscription could not be verified. Review your subscription to reconnect.'
Element subtree:
 →StaticText, 0x1070aa800, {{38.0, 674.0}, {322.7, 64.3}}, label: 'Your PumpSync subscription could not be verified. Review your subscription to reconnect.'
Path to element:
 →Application, 0x11c53fd40, pid: 76136, label: 'PumpSync'
  ↳Window (Main), 0x11c53fe80, {{0.0, 0.0}, {402.0, 874.0}}
   ↳Other, 0x11c53f840, {{0.0, 0.0}, {402.0, 874.0}}
    ↳Other, 0x11c53fc00, {{0.0, 0.0}, {402.0, 874.0}}
     ↳Other, 0x11c53fac0, {{0.0, 0.0}, {402.0, 874.0}}
      ↳Other, 0x11c53f980, {{0.0, 0.0}, {402.0, 874.0}}
       ↳Other, 0x11c53ed00, {{0.0, 0.0}, {402.0, 874.0}}
        ↳Other, 0x11c53ee40, {{0.0, 0.0}, {402.0, 874.0}}
         ↳Other, 0x11c53f340, {{0.0, 0.0}, {402.0, 874.0}}
          ↳Other, 0x11c53f5c0, {{0.0, 0.0}, {402.0, 874.0}}
           ↳Other, 0x11c53f480, {{0.0, 0.0}, {402.0, 874.0}}
            ↳Other, 0x11c53f0c0, {{0.0, 0.0}, {402.0, 874.0}}
             ↳Other, 0x11c53f200, {{0.0, 0.0}, {402.0, 874.0}}
              ↳Other, 0x11c53ef80, {{0.0, 0.0}, {402.0, 874.0}}
               ↳Other, 0x11c53e940, {{0.0, 0.0}, {402.0, 874.0}}
                ↳Other, 0x11c53ebc0, {{0.0, 0.0}, {402.0, 874.0}}
                 ↳Other, 0x11c53ea80, {{0.0, 0.0}, {402.0, 874.0}}
                  ↳ScrollView, 0x1070a8000, {{0.0, 0.0}, {402.0, 874.0}}
                   ↳Other, 0x1070a8f00, {{0.0, 168.0}, {402.0, 743.0}}
                    ↳StaticText, 0x1070aa800, {{38.0, 674.0}, {322.7, 64.3}}, label: 'Your PumpSync subscription could not be verified. Review your subscription to reconnect.'
Query chain:
 →Find: Target Application 'dev.ericslutz.PumpSync'
  Output: {
    Application, 0x114ba26c0, pid: 76136, label: 'PumpSync'
  }
  ↪︎Find: Descendant with identity binding to AX element pid: 76136, elementOrHash.elementID: 4437684032.67
    Output: {
      StaticText, 0x11c53e440, {{38.0, 674.0}, {322.7, 64.3}}, label: 'Your PumpSync subscription could not be verified. Review your subscription to reconnect.'
    }

    t =    11.51s Find the Any (Descendant with identity binding to AX element pid: 76136, elementOrHash.elementID: 4437684480.68)
    t =    11.54s Requesting snapshot of accessibility hierarchy for app with pid 76136
    t =    11.58s Find: Descendant with identity binding to AX element pid: 76136, elementOrHash.elementID: 4437684480.68
    t =    11.70s Requesting snapshot of accessibility hierarchy for app with pid 76136
    t =    11.74s Find: Descendant with identity binding to AX element pid: 76136, elementOrHash.elementID: 4437684480.68
    t =    11.74s Requesting snapshot of accessibility hierarchy for app with pid 76136
AUDIT_ISSUE light-01-sync | 1 | Contrast nearly passed | Contrast is not high enough for SwiftUI.AccessibilityNode unless font size is larger. | Attributes: Button, 0x1070aa940, {{38.0, 738.3}, {137.0, 20.3}}, label: 'View Subscription'
Element subtree:
 →Button, 0x1070aa940, {{38.0, 738.3}, {137.0, 20.3}}, label: 'View Subscription'
Path to element:
 →Application, 0x11c53fd40, pid: 76136, label: 'PumpSync'
  ↳Window (Main), 0x11c53fe80, {{0.0, 0.0}, {402.0, 874.0}}
   ↳Other, 0x11c53f840, {{0.0, 0.0}, {402.0, 874.0}}
    ↳Other, 0x11c53fc00, {{0.0, 0.0}, {402.0, 874.0}}
     ↳Other, 0x11c53fac0, {{0.0, 0.0}, {402.0, 874.0}}
      ↳Other, 0x11c53f980, {{0.0, 0.0}, {402.0, 874.0}}
       ↳Other, 0x11c53ed00, {{0.0, 0.0}, {402.0, 874.0}}
        ↳Other, 0x11c53ee40, {{0.0, 0.0}, {402.0, 874.0}}
         ↳Other, 0x11c53f340, {{0.0, 0.0}, {402.0, 874.0}}
          ↳Other, 0x11c53f5c0, {{0.0, 0.0}, {402.0, 874.0}}
           ↳Other, 0x11c53f480, {{0.0, 0.0}, {402.0, 874.0}}
            ↳Other, 0x11c53f0c0, {{0.0, 0.0}, {402.0, 874.0}}
             ↳Other, 0x11c53f200, {{0.0, 0.0}, {402.0, 874.0}}
              ↳Other, 0x11c53ebc0, {{0.0, 0.0}, {402.0, 874.0}}
               ↳Other, 0x11c53ea80, {{0.0, 0.0}, {402.0, 874.0}}
                ↳Other, 0x11c53e080, {{0.0, 0.0}, {402.0, 874.0}}
                 ↳Other, 0x11c53e1c0, {{0.0, 0.0}, {402.0, 874.0}}
                  ↳ScrollView, 0x1070a8000, {{0.0, 0.0}, {402.0, 874.0}}
                   ↳Other, 0x1070a8f00, {{0.0, 168.0}, {402.0, 743.0}}
                    ↳Button, 0x1070aa940, {{38.0, 738.3}, {137.0, 20.3}}, label: 'View Subscription'
Query chain:
 →Find: Target Application 'dev.ericslutz.PumpSync'
  Output: {
    Application, 0x114ba26c0, pid: 76136, label: 'PumpSync'
  }
  ↪︎Find: Descendant with identity binding to AX element pid: 76136, elementOrHash.elementID: 4437684480.68
    Output: {
      Button, 0x11c53e800, {{38.0, 738.3}, {137.0, 20.3}}, label: 'View Subscription'
    }

    t =    11.79s Find the Any (Descendant with identity binding to AX element pid: 76136, elementOrHash.elementID: 4437684928.69)
    t =    11.83s Requesting snapshot of accessibility hierarchy for app with pid 76136
    t =    11.86s Find: Descendant with identity binding to AX element pid: 76136, elementOrHash.elementID: 4437684928.69
    t =    11.99s Requesting snapshot of accessibility hierarchy for app with pid 76136
    t =    12.03s Find: Descendant with identity binding to AX element pid: 76136, elementOrHash.elementID: 4437684928.69
    t =    12.03s Requesting snapshot of accessibility hierarchy for app with pid 76136
AUDIT_ISSUE light-01-sync | 1 | Contrast failed | Contrast failed for SwiftUI.AccessibilityNode | Attributes: Button, 0x1070aaa80, {{38.0, 758.7}, {154.7, 20.3}}, label: 'Connection Settings'
Element subtree:
 →Button, 0x1070aaa80, {{38.0, 758.7}, {154.7, 20.3}}, label: 'Connection Settings'
Path to element:
 →Application, 0x11c53fd40, pid: 76136, label: 'PumpSync'
  ↳Window (Main), 0x11c53fe80, {{0.0, 0.0}, {402.0, 874.0}}
   ↳Other, 0x11c53f840, {{0.0, 0.0}, {402.0, 874.0}}
    ↳Other, 0x11c53fc00, {{0.0, 0.0}, {402.0, 874.0}}
     ↳Other, 0x11c53fac0, {{0.0, 0.0}, {402.0, 874.0}}
      ↳Other, 0x11c53f980, {{0.0, 0.0}, {402.0, 874.0}}
       ↳Other, 0x11c53ed00, {{0.0, 0.0}, {402.0, 874.0}}
        ↳Other, 0x11c53ee40, {{0.0, 0.0}, {402.0, 874.0}}
         ↳Other, 0x11c53f340, {{0.0, 0.0}, {402.0, 874.0}}
          ↳Other, 0x11c53f5c0, {{0.0, 0.0}, {402.0, 874.0}}
           ↳Other, 0x11c53f480, {{0.0, 0.0}, {402.0, 874.0}}
            ↳Other, 0x11c53f0c0, {{0.0, 0.0}, {402.0, 874.0}}
             ↳Other, 0x11c53f200, {{0.0, 0.0}, {402.0, 874.0}}
              ↳Other, 0x11c53e080, {{0.0, 0.0}, {402.0, 874.0}}
               ↳Other, 0x11c53e1c0, {{0.0, 0.0}, {402.0, 874.0}}
                ↳Other, 0x11c53ef80, {{0.0, 0.0}, {402.0, 874.0}}
                 ↳Other, 0x11c53e940, {{0.0, 0.0}, {402.0, 874.0}}
                  ↳ScrollView, 0x1070a8000, {{0.0, 0.0}, {402.0, 874.0}}
                   ↳Other, 0x1070a8f00, {{0.0, 168.0}, {402.0, 743.0}}
                    ↳Button, 0x1070aaa80, {{38.0, 758.7}, {154.7, 20.3}}, label: 'Connection Settings'
Query chain:
 →Find: Target Application 'dev.ericslutz.PumpSync'
  Output: {
    Application, 0x114ba26c0, pid: 76136, label: 'PumpSync'
  }
  ↪︎Find: Descendant with identity binding to AX element pid: 76136, elementOrHash.elementID: 4437684928.69
    Output: {
      Button, 0x11c53d040, {{38.0, 758.7}, {154.7, 20.3}}, label: 'Connection Settings'
    }

    t =    12.08s Find the Any (Descendant with identity binding to AX element pid: 76136, elementOrHash.elementID: 4437675072.75)
    t =    12.11s Requesting snapshot of accessibility hierarchy for app with pid 76136
    t =    12.15s Find: Descendant with identity binding to AX element pid: 76136, elementOrHash.elementID: 4437675072.75
    t =    12.26s Requesting snapshot of accessibility hierarchy for app with pid 76136
    t =    12.30s Find: Descendant with identity binding to AX element pid: 76136, elementOrHash.elementID: 4437675072.75
    t =    12.30s Requesting snapshot of accessibility hierarchy for app with pid 76136
AUDIT_ISSUE light-01-sync | 1 | Contrast nearly passed | Contrast is not high enough for SwiftUI.AccessibilityNode unless font size is larger. | Attributes: StaticText, 0x1070a9540, {{80.0, 220.3}, {101.7, 18.0}}, label: 'Not connected'
Element subtree:
 →StaticText, 0x1070a9540, {{80.0, 220.3}, {101.7, 18.0}}, label: 'Not connected'
Path to element:
 →Application, 0x11c53fe80, pid: 76136, label: 'PumpSync'
  ↳Window (Main), 0x11c53f840, {{0.0, 0.0}, {402.0, 874.0}}
   ↳Other, 0x11c53fc00, {{0.0, 0.0}, {402.0, 874.0}}
    ↳Other, 0x11c53fac0, {{0.0, 0.0}, {402.0, 874.0}}
     ↳Other, 0x11c53f980, {{0.0, 0.0}, {402.0, 874.0}}
      ↳Other, 0x11c53ed00, {{0.0, 0.0}, {402.0, 874.0}}
       ↳Other, 0x11c53ee40, {{0.0, 0.0}, {402.0, 874.0}}
        ↳Other, 0x11c53f340, {{0.0, 0.0}, {402.0, 874.0}}
         ↳Other, 0x11c53f5c0, {{0.0, 0.0}, {402.0, 874.0}}
          ↳Other, 0x11c53f480, {{0.0, 0.0}, {402.0, 874.0}}
           ↳Other, 0x11c53f0c0, {{0.0, 0.0}, {402.0, 874.0}}
            ↳Other, 0x11c53f200, {{0.0, 0.0}, {402.0, 874.0}}
             ↳Other, 0x11c53e080, {{0.0, 0.0}, {402.0, 874.0}}
              ↳Other, 0x11c53e940, {{0.0, 0.0}, {402.0, 874.0}}
               ↳Other, 0x11c53ebc0, {{0.0, 0.0}, {402.0, 874.0}}
                ↳Other, 0x11c53ea80, {{0.0, 0.0}, {402.0, 874.0}}
                 ↳Other, 0x1070a8000, {{0.0, 0.0}, {402.0, 874.0}}
                  ↳ScrollView, 0x1070a8140, {{0.0, 0.0}, {402.0, 874.0}}
                   ↳Other, 0x1070a9040, {{0.0, 168.0}, {402.0, 743.0}}
                    ↳Other, 0x1070a9180, {{41.7, 198.0}, {140.0, 40.3}}, label: 'Connection', value: Not connected
                     ↳StaticText, 0x1070a9540, {{80.0, 220.3}, {101.7, 18.0}}, label: 'Not connected'
Query chain:
 →Find: Target Application 'dev.ericslutz.PumpSync'
  Output: {
    Application, 0x114ba26c0, pid: 76136, label: 'PumpSync'
  }
  ↪︎Find: Descendant with identity binding to AX element pid: 76136, elementOrHash.elementID: 4437675072.75
    Output: {
      StaticText, 0x11c53fd40, {{80.0, 220.3}, {101.7, 18.0}}, label: 'Not connected'
    }

    t =    12.35s Find the Any (Descendant with identity binding to AX element pid: 76136, elementOrHash.elementID: 4437677760.78)
    t =    12.38s Requesting snapshot of accessibility hierarchy for app with pid 76136
    t =    12.43s Find: Descendant with identity binding to AX element pid: 76136, elementOrHash.elementID: 4437677760.78
    t =    12.58s Requesting snapshot of accessibility hierarchy for app with pid 76136
    t =    12.62s Find: Descendant with identity binding to AX element pid: 76136, elementOrHash.elementID: 4437677760.78
    t =    12.62s Requesting snapshot of accessibility hierarchy for app with pid 76136
AUDIT_ISSUE light-01-sync | 1 | Contrast nearly passed | Contrast is not high enough for SwiftUI.AccessibilityNode unless font size is larger. | Attributes: StaticText, 0x1070a9a40, {{80.0, 273.0}, {103.0, 18.0}}, label: 'Not configured'
Element subtree:
 →StaticText, 0x1070a9a40, {{80.0, 273.0}, {103.0, 18.0}}, label: 'Not configured'
Path to element:
 →Application, 0x11c53fe80, pid: 76136, label: 'PumpSync'
  ↳Window (Main), 0x11c53f840, {{0.0, 0.0}, {402.0, 874.0}}
   ↳Other, 0x11c53fc00, {{0.0, 0.0}, {402.0, 874.0}}
    ↳Other, 0x11c53fac0, {{0.0, 0.0}, {402.0, 874.0}}
     ↳Other, 0x11c53f980, {{0.0, 0.0}, {402.0, 874.0}}
      ↳Other, 0x11c53ed00, {{0.0, 0.0}, {402.0, 874.0}}
       ↳Other, 0x11c53ee40, {{0.0, 0.0}, {402.0, 874.0}}
        ↳Other, 0x11c53f340, {{0.0, 0.0}, {402.0, 874.0}}
         ↳Other, 0x11c53f5c0, {{0.0, 0.0}, {402.0, 874.0}}
          ↳Other, 0x11c53f480, {{0.0, 0.0}, {402.0, 874.0}}
           ↳Other, 0x11c53f0c0, {{0.0, 0.0}, {402.0, 874.0}}
            ↳Other, 0x11c53f200, {{0.0, 0.0}, {402.0, 874.0}}
             ↳Other, 0x11c53e080, {{0.0, 0.0}, {402.0, 874.0}}
              ↳Other, 0x11c53ea80, {{0.0, 0.0}, {402.0, 874.0}}
               ↳Other, 0x11c53e1c0, {{0.0, 0.0}, {402.0, 874.0}}
                ↳Other, 0x11c53ef80, {{0.0, 0.0}, {402.0, 874.0}}
                 ↳Other, 0x1070a8000, {{0.0, 0.0}, {402.0, 874.0}}
                  ↳ScrollView, 0x1070a8140, {{0.0, 0.0}, {402.0, 874.0}}
                   ↳Other, 0x1070a9040, {{0.0, 168.0}, {402.0, 743.0}}
                    ↳Other, 0x1070a9680, {{40.3, 250.7}, {142.7, 40.3}}, label: 'Pump data', value: Not configured
                     ↳StaticText, 0x1070a9a40, {{80.0, 273.0}, {103.0, 18.0}}, label: 'Not configured'
Query chain:
 →Find: Target Application 'dev.ericslutz.PumpSync'
  Output: {
    Application, 0x114ba26c0, pid: 76136, label: 'PumpSync'
  }
  ↪︎Find: Descendant with identity binding to AX element pid: 76136, elementOrHash.elementID: 4437677760.78
    Output: {
      StaticText, 0x11c53e6c0, {{80.0, 273.0}, {103.0, 18.0}}, label: 'Not configured'
    }

    t =    12.67s Find the Any (Descendant with identity binding to AX element pid: 76136, elementOrHash.elementID: 4437680448.88)
    t =    12.70s Requesting snapshot of accessibility hierarchy for app with pid 76136
    t =    12.75s Find: Descendant with identity binding to AX element pid: 76136, elementOrHash.elementID: 4437680448.88
    t =    12.89s Requesting snapshot of accessibility hierarchy for app with pid 76136
    t =    12.94s Find: Descendant with identity binding to AX element pid: 76136, elementOrHash.elementID: 4437680448.88
    t =    12.94s Requesting snapshot of accessibility hierarchy for app with pid 76136
AUDIT_ISSUE light-01-sync | 1 | Contrast nearly passed | Contrast is not high enough for SwiftUI.AccessibilityNode unless font size is larger. | Attributes: StaticText, 0x1070aa300, {{78.0, 398.0}, {78.3, 18.0}}, label: 'Past 7 days'
Element subtree:
 →StaticText, 0x1070aa300, {{78.0, 398.0}, {78.3, 18.0}}, label: 'Past 7 days'
Path to element:
 →Application, 0x11c53f840, pid: 76136, label: 'PumpSync'
  ↳Window (Main), 0x11c53fc00, {{0.0, 0.0}, {402.0, 874.0}}
   ↳Other, 0x11c53fac0, {{0.0, 0.0}, {402.0, 874.0}}
    ↳Other, 0x11c53f980, {{0.0, 0.0}, {402.0, 874.0}}
     ↳Other, 0x11c53ed00, {{0.0, 0.0}, {402.0, 874.0}}
      ↳Other, 0x11c53ee40, {{0.0, 0.0}, {402.0, 874.0}}
       ↳Other, 0x11c53f340, {{0.0, 0.0}, {402.0, 874.0}}
        ↳Other, 0x11c53f5c0, {{0.0, 0.0}, {402.0, 874.0}}
         ↳Other, 0x11c53f480, {{0.0, 0.0}, {402.0, 874.0}}
          ↳Other, 0x11c53f0c0, {{0.0, 0.0}, {402.0, 874.0}}
           ↳Other, 0x11c53f200, {{0.0, 0.0}, {402.0, 874.0}}
            ↳Other, 0x11c53e080, {{0.0, 0.0}, {402.0, 874.0}}
             ↳Other, 0x11c53ea80, {{0.0, 0.0}, {402.0, 874.0}}
              ↳Other, 0x11c53e940, {{0.0, 0.0}, {402.0, 874.0}}
               ↳Other, 0x11c53ebc0, {{0.0, 0.0}, {402.0, 874.0}}
                ↳Other, 0x1070a8000, {{0.0, 0.0}, {402.0, 874.0}}
                 ↳Other, 0x1070a8140, {{0.0, 0.0}, {402.0, 874.0}}
                  ↳ScrollView, 0x1070a8280, {{0.0, 0.0}, {402.0, 874.0}}
                   ↳Other, 0x1070a9180, {{0.0, 168.0}, {402.0, 743.0}}
                    ↳Button, 0x1070a9e00, {{38.0, 373.3}, {326.0, 44.0}}, label: 'History range', value: Past 7 days
                     ↳Button, 0x1070a9f40, {{38.0, 373.3}, {326.0, 44.0}}
                      ↳StaticText, 0x1070aa300, {{78.0, 398.0}, {78.3, 18.0}}, label: 'Past 7 days'
Query chain:
 →Find: Target Application 'dev.ericslutz.PumpSync'
  Output: {
    Application, 0x114ba26c0, pid: 76136, label: 'PumpSync'
  }
  ↪︎Find: Descendant with identity binding to AX element pid: 76136, elementOrHash.elementID: 4437680448.88
    Output: {
      StaticText, 0x11c53df40, {{78.0, 398.0}, {78.3, 18.0}}, label: 'Past 7 days'
    }

    t =    12.99s Find the Any (Descendant with identity binding to AX element pid: 76136, elementOrHash.elementID: 4437680896.89)
    t =    13.03s Requesting snapshot of accessibility hierarchy for app with pid 76136
    t =    13.07s Find: Descendant with identity binding to AX element pid: 76136, elementOrHash.elementID: 4437680896.89
    t =    13.21s Requesting snapshot of accessibility hierarchy for app with pid 76136
    t =    13.26s Find: Descendant with identity binding to AX element pid: 76136, elementOrHash.elementID: 4437680896.89
    t =    13.26s Requesting snapshot of accessibility hierarchy for app with pid 76136
AUDIT_ISSUE light-01-sync | 1 | Contrast nearly passed | Contrast is not high enough for SwiftUI.AccessibilityNode unless font size is larger. | Attributes: StaticText, 0x1070aa440, {{309.0, 386.3}, {55.0, 18.0}}, label: 'Change'
Element subtree:
 →StaticText, 0x1070aa440, {{309.0, 386.3}, {55.0, 18.0}}, label: 'Change'
Path to element:
 →Application, 0x11c53f840, pid: 76136, label: 'PumpSync'
  ↳Window (Main), 0x11c53fc00, {{0.0, 0.0}, {402.0, 874.0}}
   ↳Other, 0x11c53fac0, {{0.0, 0.0}, {402.0, 874.0}}
    ↳Other, 0x11c53f980, {{0.0, 0.0}, {402.0, 874.0}}
     ↳Other, 0x11c53ed00, {{0.0, 0.0}, {402.0, 874.0}}
      ↳Other, 0x11c53ee40, {{0.0, 0.0}, {402.0, 874.0}}
       ↳Other, 0x11c53f340, {{0.0, 0.0}, {402.0, 874.0}}
        ↳Other, 0x11c53f5c0, {{0.0, 0.0}, {402.0, 874.0}}
         ↳Other, 0x11c53f480, {{0.0, 0.0}, {402.0, 874.0}}
          ↳Other, 0x11c53f0c0, {{0.0, 0.0}, {402.0, 874.0}}
           ↳Other, 0x11c53f200, {{0.0, 0.0}, {402.0, 874.0}}
            ↳Other, 0x11c53e080, {{0.0, 0.0}, {402.0, 874.0}}
             ↳Other, 0x11c53ea80, {{0.0, 0.0}, {402.0, 874.0}}
              ↳Other, 0x11c53e1c0, {{0.0, 0.0}, {402.0, 874.0}}
               ↳Other, 0x11c53ef80, {{0.0, 0.0}, {402.0, 874.0}}
                ↳Other, 0x1070a8000, {{0.0, 0.0}, {402.0, 874.0}}
                 ↳Other, 0x1070a8140, {{0.0, 0.0}, {402.0, 874.0}}
                  ↳ScrollView, 0x1070a8280, {{0.0, 0.0}, {402.0, 874.0}}
                   ↳Other, 0x1070a9180, {{0.0, 168.0}, {402.0, 743.0}}
                    ↳Button, 0x1070a9e00, {{38.0, 373.3}, {326.0, 44.0}}, label: 'History range', value: Past 7 days
                     ↳Button, 0x1070a9f40, {{38.0, 373.3}, {326.0, 44.0}}
                      ↳StaticText, 0x1070aa440, {{309.0, 386.3}, {55.0, 18.0}}, label: 'Change'
Query chain:
 →Find: Target Application 'dev.ericslutz.PumpSync'
  Output: {
    Application, 0x114ba26c0, pid: 76136, label: 'PumpSync'
  }
  ↪︎Find: Descendant with identity binding to AX element pid: 76136, elementOrHash.elementID: 4437680896.89
    Output: {
      StaticText, 0x11c53df40, {{309.0, 386.3}, {55.0, 18.0}}, label: 'Change'
    }

    t =    13.31s Tap "Settings" Button
    t =    13.31s     Wait for dev.ericslutz.PumpSync to idle
    t =    13.32s     Find the "Settings" Button
    t =    13.36s     Check for interrupting elements affecting "Settings" Button
    t =    13.39s     Synthesize event
    t =    13.70s     Wait for dev.ericslutz.PumpSync to idle
    t =    14.83s Find the Target Application 'dev.ericslutz.PumpSync'
    t =    14.99s Added attachment named 'light-02-settings.png'
    t =    14.99s Requesting snapshot of accessibility hierarchy for app with pid 76136
    t =    15.30s Requesting snapshot of accessibility hierarchy for app with pid 76136
    t =    15.35s Added attachment named 'light-02-settings-tree.txt'
    t =    17.58s Find the Any (Descendant with identity binding to AX element pid: 76136, elementOrHash.elementID: 4382210496.110)
    t =    17.62s Requesting snapshot of accessibility hierarchy for app with pid 76136
    t =    17.67s Find: Descendant with identity binding to AX element pid: 76136, elementOrHash.elementID: 4382210496.110
    t =    17.80s Requesting snapshot of accessibility hierarchy for app with pid 76136
    t =    17.85s Find: Descendant with identity binding to AX element pid: 76136, elementOrHash.elementID: 4382210496.110
    t =    17.86s Requesting snapshot of accessibility hierarchy for app with pid 76136
AUDIT_ISSUE light-02-settings | 1 | Contrast nearly passed | Contrast is not high enough for SwiftUI.AccessibilityNode unless font size is larger. | Attributes: StaticText, 0x1070aa940, {{24.0, 180.0}, {91.3, 20.3}}, label: 'Connection'
Element subtree:
 →StaticText, 0x1070aa940, {{24.0, 180.0}, {91.3, 20.3}}, label: 'Connection'
Path to element:
 →Application, 0x1070a8140, pid: 76136, label: 'PumpSync'
  ↳Window (Main), 0x1070a8280, {{0.0, 0.0}, {402.0, 874.0}}
   ↳Other, 0x1070a83c0, {{0.0, 0.0}, {402.0, 874.0}}
    ↳Other, 0x1070a8500, {{0.0, 0.0}, {402.0, 874.0}}
     ↳Other, 0x1070a8640, {{0.0, 0.0}, {402.0, 874.0}}
      ↳Other, 0x1070a8780, {{0.0, 0.0}, {402.0, 874.0}}
       ↳Other, 0x1070a88c0, {{0.0, 0.0}, {402.0, 874.0}}
        ↳Other, 0x1070a8a00, {{0.0, 0.0}, {402.0, 874.0}}
         ↳Other, 0x1070a8b40, {{0.0, 0.0}, {402.0, 874.0}}
          ↳Other, 0x1070a8c80, {{0.0, 0.0}, {402.0, 874.0}}
           ↳Other, 0x1070a8dc0, {{0.0, 0.0}, {402.0, 874.0}}
            ↳Other, 0x1070a8f00, {{0.0, 0.0}, {402.0, 874.0}}
             ↳Other, 0x1070a9040, {{0.0, 0.0}, {402.0, 874.0}}
              ↳Other, 0x1070a9400, {{0.0, 0.0}, {402.0, 874.0}}
               ↳Other, 0x1070a9540, {{0.0, 0.0}, {402.0, 874.0}}
                ↳Other, 0x1070a9680, {{0.0, 0.0}, {402.0, 874.0}}
                 ↳Other, 0x1070a97c0, {{0.0, 0.0}, {402.0, 874.0}}
                  ↳ScrollView, 0x1070a9900, {{0.0, 0.0}, {402.0, 874.0}}
                   ↳Other, 0x1070aa800, {{0.0, 168.0}, {402.0, 826.7}}
                    ↳StaticText, 0x1070aa940, {{24.0, 180.0}, {91.3, 20.3}}, label: 'Connection'
Query chain:
 →Find: Target Application 'dev.ericslutz.PumpSync'
  Output: {
    Application, 0x11f9af200, pid: 76136, label: 'PumpSync'
  }
  ↪︎Find: Descendant with identity binding to AX element pid: 76136, elementOrHash.elementID: 4382210496.110
    Output: {
      StaticText, 0x114ba2e40, {{24.0, 180.0}, {91.3, 20.3}}, label: 'Connection'
    }

    t =    17.92s Find the Any (Descendant with identity binding to AX element pid: 76136, elementOrHash.elementID: 4382196160.112)
    t =    17.95s Requesting snapshot of accessibility hierarchy for app with pid 76136
    t =    18.01s Find: Descendant with identity binding to AX element pid: 76136, elementOrHash.elementID: 4382196160.112
    t =    18.14s Requesting snapshot of accessibility hierarchy for app with pid 76136
    t =    18.19s Find: Descendant with identity binding to AX element pid: 76136, elementOrHash.elementID: 4382196160.112
    t =    18.19s Requesting snapshot of accessibility hierarchy for app with pid 76136
AUDIT_ISSUE light-02-settings | 1 | Contrast nearly passed | Contrast is not high enough for SwiftUI.AccessibilityNode unless font size is larger. | Attributes: StaticText, 0x1070aae40, {{38.0, 270.3}, {315.0, 108.3}}, label: 'Subscribe to PumpSync to securely sync pump data to Apple Health without managing your own server. Data is transmitted only during active sync operations.'
Element subtree:
 →StaticText, 0x1070aae40, {{38.0, 270.3}, {315.0, 108.3}}, label: 'Subscribe to PumpSync to securely sync pump data to Apple Health without managing your own server. Data is transmitted only during active sync operations.'
Path to element:
 →Application, 0x1070a8140, pid: 76136, label: 'PumpSync'
  ↳Window (Main), 0x1070a8280, {{0.0, 0.0}, {402.0, 874.0}}
   ↳Other, 0x1070a83c0, {{0.0, 0.0}, {402.0, 874.0}}
    ↳Other, 0x1070a8500, {{0.0, 0.0}, {402.0, 874.0}}
     ↳Other, 0x1070a8640, {{0.0, 0.0}, {402.0, 874.0}}
      ↳Other, 0x1070a8780, {{0.0, 0.0}, {402.0, 874.0}}
       ↳Other, 0x1070a88c0, {{0.0, 0.0}, {402.0, 874.0}}
        ↳Other, 0x1070a8a00, {{0.0, 0.0}, {402.0, 874.0}}
         ↳Other, 0x1070a8b40, {{0.0, 0.0}, {402.0, 874.0}}
          ↳Other, 0x1070a8c80, {{0.0, 0.0}, {402.0, 874.0}}
           ↳Other, 0x1070a8dc0, {{0.0, 0.0}, {402.0, 874.0}}
            ↳Other, 0x1070a8f00, {{0.0, 0.0}, {402.0, 874.0}}
             ↳Other, 0x1070a9040, {{0.0, 0.0}, {402.0, 874.0}}
              ↳Other, 0x1070a9400, {{0.0, 0.0}, {402.0, 874.0}}
               ↳Other, 0x1070a9540, {{0.0, 0.0}, {402.0, 874.0}}
                ↳Other, 0x1070a9680, {{0.0, 0.0}, {402.0, 874.0}}
                 ↳Other, 0x1070a97c0, {{0.0, 0.0}, {402.0, 874.0}}
                  ↳ScrollView, 0x1070a9900, {{0.0, 0.0}, {402.0, 874.0}}
                   ↳Other, 0x1070aa800, {{0.0, 168.0}, {402.0, 826.7}}
                    ↳StaticText, 0x1070aae40, {{38.0, 270.3}, {315.0, 108.3}}, label: 'Subscribe to PumpSync to securely sync pump data to Apple Health without managing your own server. Data is transmitted only during active sync operations.'
Query chain:
 →Find: Target Application 'dev.ericslutz.PumpSync'
  Output: {
    Application, 0x11f9af200, pid: 76136, label: 'PumpSync'
  }
  ↪︎Find: Descendant with identity binding to AX element pid: 76136, elementOrHash.elementID: 4382196160.112
    Output: {
      StaticText, 0x114ba3340, {{38.0, 270.3}, {315.0, 108.3}}, label: 'Subscribe to PumpSync to securely sync pump data to Apple Health without managing your own server. Data is transmitted only during active sync operations.'
    }

    t =    18.26s Find the Any (Descendant with identity binding to AX element pid: 76136, elementOrHash.elementID: 4437708736.115)
    t =    18.29s Requesting snapshot of accessibility hierarchy for app with pid 76136
    t =    18.34s Find: Descendant with identity binding to AX element pid: 76136, elementOrHash.elementID: 4437708736.115
    t =    18.47s Requesting snapshot of accessibility hierarchy for app with pid 76136
    t =    18.52s Find: Descendant with identity binding to AX element pid: 76136, elementOrHash.elementID: 4437708736.115
    t =    18.52s Requesting snapshot of accessibility hierarchy for app with pid 76136
AUDIT_ISSUE light-02-settings | 1 | Contrast nearly passed | Contrast is not high enough for SwiftUI.AccessibilityNode unless font size is larger. | Attributes: StaticText, 0x1070ab700, {{24.0, 486.7}, {85.7, 20.3}}, label: 'PumpSync'
Element subtree:
 →StaticText, 0x1070ab700, {{24.0, 486.7}, {85.7, 20.3}}, label: 'PumpSync'
Path to element:
 →Application, 0x1070a8140, pid: 76136, label: 'PumpSync'
  ↳Window (Main), 0x1070a8280, {{0.0, 0.0}, {402.0, 874.0}}
   ↳Other, 0x1070a83c0, {{0.0, 0.0}, {402.0, 874.0}}
    ↳Other, 0x1070a8500, {{0.0, 0.0}, {402.0, 874.0}}
     ↳Other, 0x1070a8640, {{0.0, 0.0}, {402.0, 874.0}}
      ↳Other, 0x1070a8780, {{0.0, 0.0}, {402.0, 874.0}}
       ↳Other, 0x1070a88c0, {{0.0, 0.0}, {402.0, 874.0}}
        ↳Other, 0x1070a8a00, {{0.0, 0.0}, {402.0, 874.0}}
         ↳Other, 0x1070a8b40, {{0.0, 0.0}, {402.0, 874.0}}
          ↳Other, 0x1070a8c80, {{0.0, 0.0}, {402.0, 874.0}}
           ↳Other, 0x1070a8dc0, {{0.0, 0.0}, {402.0, 874.0}}
            ↳Other, 0x1070a8f00, {{0.0, 0.0}, {402.0, 874.0}}
             ↳Other, 0x1070a9040, {{0.0, 0.0}, {402.0, 874.0}}
              ↳Other, 0x1070a9400, {{0.0, 0.0}, {402.0, 874.0}}
               ↳Other, 0x1070a9540, {{0.0, 0.0}, {402.0, 874.0}}
                ↳Other, 0x1070a9680, {{0.0, 0.0}, {402.0, 874.0}}
                 ↳Other, 0x1070a97c0, {{0.0, 0.0}, {402.0, 874.0}}
                  ↳ScrollView, 0x1070a9900, {{0.0, 0.0}, {402.0, 874.0}}
                   ↳Other, 0x1070aa800, {{0.0, 168.0}, {402.0, 826.7}}
                    ↳StaticText, 0x1070ab700, {{24.0, 486.7}, {85.7, 20.3}}, label: 'PumpSync'
Query chain:
 →Find: Target Application 'dev.ericslutz.PumpSync'
  Output: {
    Application, 0x11f9af200, pid: 76136, label: 'PumpSync'
  }
  ↪︎Find: Descendant with identity binding to AX element pid: 76136, elementOrHash.elementID: 4437708736.115
    Output: {
      StaticText, 0x114ba3c00, {{24.0, 486.7}, {85.7, 20.3}}, label: 'PumpSync'
    }

    t =    18.59s Find the Any (Descendant with identity binding to AX element pid: 76136, elementOrHash.elementID: 4437711872.133)
    t =    18.62s Requesting snapshot of accessibility hierarchy for app with pid 76136
    t =    18.68s Find: Descendant with identity binding to AX element pid: 76136, elementOrHash.elementID: 4437711872.133
    t =    18.81s Requesting snapshot of accessibility hierarchy for app with pid 76136
    t =    18.86s Find: Descendant with identity binding to AX element pid: 76136, elementOrHash.elementID: 4437711872.133
    t =    18.86s Requesting snapshot of accessibility hierarchy for app with pid 76136
AUDIT_ISSUE light-02-settings | 1 | Contrast nearly passed | Contrast is not high enough for SwiftUI.AccessibilityNode unless font size is larger. | Attributes: StaticText, 0x1070abd40, {{80.0, 555.3}, {103.0, 18.0}}, label: 'Not configured'
Element subtree:
 →StaticText, 0x1070abd40, {{80.0, 555.3}, {103.0, 18.0}}, label: 'Not configured'
Path to element:
 →Application, 0x1070a8280, pid: 76136, label: 'PumpSync'
  ↳Window (Main), 0x1070a83c0, {{0.0, 0.0}, {402.0, 874.0}}
   ↳Other, 0x1070a8500, {{0.0, 0.0}, {402.0, 874.0}}
    ↳Other, 0x1070a8640, {{0.0, 0.0}, {402.0, 874.0}}
     ↳Other, 0x1070a8780, {{0.0, 0.0}, {402.0, 874.0}}
      ↳Other, 0x1070a88c0, {{0.0, 0.0}, {402.0, 874.0}}
       ↳Other, 0x1070a8a00, {{0.0, 0.0}, {402.0, 874.0}}
        ↳Other, 0x1070a8b40, {{0.0, 0.0}, {402.0, 874.0}}
         ↳Other, 0x1070a8c80, {{0.0, 0.0}, {402.0, 874.0}}
          ↳Other, 0x1070a8dc0, {{0.0, 0.0}, {402.0, 874.0}}
           ↳Other, 0x1070a8f00, {{0.0, 0.0}, {402.0, 874.0}}
            ↳Other, 0x1070a9040, {{0.0, 0.0}, {402.0, 874.0}}
             ↳Other, 0x1070a9180, {{0.0, 0.0}, {402.0, 874.0}}
              ↳Other, 0x1070a9540, {{0.0, 0.0}, {402.0, 874.0}}
               ↳Other, 0x1070a9680, {{0.0, 0.0}, {402.0, 874.0}}
                ↳Other, 0x1070a97c0, {{0.0, 0.0}, {402.0, 874.0}}
                 ↳Other, 0x1070a9900, {{0.0, 0.0}, {402.0, 874.0}}
                  ↳ScrollView, 0x1070a9a40, {{0.0, 0.0}, {402.0, 874.0}}
                   ↳Other, 0x1070aa940, {{0.0, 168.0}, {402.0, 826.7}}
                    ↳Button, 0x1070ab980, {{38.0, 533.0}, {326.0, 40.3}}, identifier: 'TandemAccountLink', label: 'Tandem Account', value: Not configured
                     ↳StaticText, 0x1070abd40, {{80.0, 555.3}, {103.0, 18.0}}, label: 'Not configured'
Query chain:
 →Find: Target Application 'dev.ericslutz.PumpSync'
  Output: {
    Application, 0x11f9af200, pid: 76136, label: 'PumpSync'
  }
  ↪︎Find: Descendant with identity binding to AX element pid: 76136, elementOrHash.elementID: 4437711872.133
    Output: {
      StaticText, 0x11c53b700, {{80.0, 555.3}, {103.0, 18.0}}, label: 'Not configured'
    }

    t =    18.94s Find the Any (Descendant with identity binding to AX element pid: 76136, elementOrHash.elementID: 4437716352.137)
    t =    18.97s Requesting snapshot of accessibility hierarchy for app with pid 76136
    t =    19.02s Find: Descendant with identity binding to AX element pid: 76136, elementOrHash.elementID: 4437716352.137
    t =    19.18s Requesting snapshot of accessibility hierarchy for app with pid 76136
    t =    19.24s Find: Descendant with identity binding to AX element pid: 76136, elementOrHash.elementID: 4437716352.137
    t =    19.24s Requesting snapshot of accessibility hierarchy for app with pid 76136
AUDIT_ISSUE light-02-settings | 1 | Contrast nearly passed | Contrast is not high enough for SwiftUI.AccessibilityNode unless font size is larger. | Attributes: StaticText, 0x1074503c0, {{80.0, 608.0}, {176.3, 18.0}}, label: 'Insulin and carbohydrates'
Element subtree:
 →StaticText, 0x1074503c0, {{80.0, 608.0}, {176.3, 18.0}}, label: 'Insulin and carbohydrates'
Path to element:
 →Application, 0x1070a8280, pid: 76136, label: 'PumpSync'
  ↳Window (Main), 0x1070a83c0, {{0.0, 0.0}, {402.0, 874.0}}
   ↳Other, 0x1070a8500, {{0.0, 0.0}, {402.0, 874.0}}
    ↳Other, 0x1070a8640, {{0.0, 0.0}, {402.0, 874.0}}
     ↳Other, 0x1070a8780, {{0.0, 0.0}, {402.0, 874.0}}
      ↳Other, 0x1070a88c0, {{0.0, 0.0}, {402.0, 874.0}}
       ↳Other, 0x1070a8a00, {{0.0, 0.0}, {402.0, 874.0}}
        ↳Other, 0x1070a8b40, {{0.0, 0.0}, {402.0, 874.0}}
         ↳Other, 0x1070a8c80, {{0.0, 0.0}, {402.0, 874.0}}
          ↳Other, 0x1070a8dc0, {{0.0, 0.0}, {402.0, 874.0}}
           ↳Other, 0x1070a8f00, {{0.0, 0.0}, {402.0, 874.0}}
            ↳Other, 0x1070a9040, {{0.0, 0.0}, {402.0, 874.0}}
             ↳Other, 0x1070a9180, {{0.0, 0.0}, {402.0, 874.0}}
              ↳Other, 0x1070a9540, {{0.0, 0.0}, {402.0, 874.0}}
               ↳Other, 0x1070a9680, {{0.0, 0.0}, {402.0, 874.0}}
                ↳Other, 0x1070a97c0, {{0.0, 0.0}, {402.0, 874.0}}
                 ↳Other, 0x1070a9900, {{0.0, 0.0}, {402.0, 874.0}}
                  ↳ScrollView, 0x1070a9a40, {{0.0, 0.0}, {402.0, 874.0}}
                   ↳Other, 0x1070aa940, {{0.0, 168.0}, {402.0, 826.7}}
                    ↳Button, 0x107450000, {{38.0, 585.7}, {326.0, 40.3}}, identifier: 'AppleHealthLink', label: 'Apple Health', value: Insulin and carboh...
                     ↳StaticText, 0x1074503c0, {{80.0, 608.0}, {176.3, 18.0}}, label: 'Insulin and carbohydrates'
Query chain:
 →Find: Target Application 'dev.ericslutz.PumpSync'
  Output: {
    Application, 0x11f9af200, pid: 76136, label: 'PumpSync'
  }
  ↪︎Find: Descendant with identity binding to AX element pid: 76136, elementOrHash.elementID: 4437716352.137
    Output: {
      StaticText, 0x11c53aa80, {{80.0, 608.0}, {176.3, 18.0}}, label: 'Insulin and carbohydrates'
    }

    t =    19.31s Find the Any (Descendant with identity binding to AX element pid: 76136, elementOrHash.elementID: 4437786624.141)
    t =    19.35s Requesting snapshot of accessibility hierarchy for app with pid 76136
    t =    19.40s Find: Descendant with identity binding to AX element pid: 76136, elementOrHash.elementID: 4437786624.141
    t =    19.55s Requesting snapshot of accessibility hierarchy for app with pid 76136
    t =    19.61s Find: Descendant with identity binding to AX element pid: 76136, elementOrHash.elementID: 4437786624.141
    t =    19.62s Requesting snapshot of accessibility hierarchy for app with pid 76136
AUDIT_ISSUE light-02-settings | 1 | Contrast nearly passed | Contrast is not high enough for SwiftUI.AccessibilityNode unless font size is larger. | Attributes: StaticText, 0x107450a00, {{80.0, 660.7}, {43.0, 18.0}}, label: 'U-100'
Element subtree:
 →StaticText, 0x107450a00, {{80.0, 660.7}, {43.0, 18.0}}, label: 'U-100'
Path to element:
 →Application, 0x1070a8280, pid: 76136, label: 'PumpSync'
  ↳Window (Main), 0x1070a83c0, {{0.0, 0.0}, {402.0, 874.0}}
   ↳Other, 0x1070a8500, {{0.0, 0.0}, {402.0, 874.0}}
    ↳Other, 0x1070a8640, {{0.0, 0.0}, {402.0, 874.0}}
     ↳Other, 0x1070a8780, {{0.0, 0.0}, {402.0, 874.0}}
      ↳Other, 0x1070a88c0, {{0.0, 0.0}, {402.0, 874.0}}
       ↳Other, 0x1070a8a00, {{0.0, 0.0}, {402.0, 874.0}}
        ↳Other, 0x1070a8b40, {{0.0, 0.0}, {402.0, 874.0}}
         ↳Other, 0x1070a8c80, {{0.0, 0.0}, {402.0, 874.0}}
          ↳Other, 0x1070a8dc0, {{0.0, 0.0}, {402.0, 874.0}}
           ↳Other, 0x1070a8f00, {{0.0, 0.0}, {402.0, 874.0}}
            ↳Other, 0x1070a9040, {{0.0, 0.0}, {402.0, 874.0}}
             ↳Other, 0x1070a9180, {{0.0, 0.0}, {402.0, 874.0}}
              ↳Other, 0x1070a9540, {{0.0, 0.0}, {402.0, 874.0}}
               ↳Other, 0x1070a9680, {{0.0, 0.0}, {402.0, 874.0}}
                ↳Other, 0x1070a97c0, {{0.0, 0.0}, {402.0, 874.0}}
                 ↳Other, 0x1070a9900, {{0.0, 0.0}, {402.0, 874.0}}
                  ↳ScrollView, 0x1070a9a40, {{0.0, 0.0}, {402.0, 874.0}}
                   ↳Other, 0x1070aa940, {{0.0, 168.0}, {402.0, 826.7}}
                    ↳Button, 0x107450640, {{38.0, 638.3}, {326.0, 40.3}}, identifier: 'InsulinConcentrationLink', label: 'Insulin Concentration', value: U-100
                     ↳StaticText, 0x107450a00, {{80.0, 660.7}, {43.0, 18.0}}, label: 'U-100'
Query chain:
 →Find: Target Application 'dev.ericslutz.PumpSync'
  Output: {
    Application, 0x11f9af200, pid: 76136, label: 'PumpSync'
  }
  ↪︎Find: Descendant with identity binding to AX element pid: 76136, elementOrHash.elementID: 4437786624.141
    Output: {
      StaticText, 0x11c53aa80, {{80.0, 660.7}, {43.0, 18.0}}, label: 'U-100'
    }

    t =    19.69s Find the Any (Descendant with identity binding to AX element pid: 76136, elementOrHash.elementID: 4437789312.145)
    t =    19.73s Requesting snapshot of accessibility hierarchy for app with pid 76136
    t =    19.79s Find: Descendant with identity binding to AX element pid: 76136, elementOrHash.elementID: 4437789312.145
    t =    19.93s Requesting snapshot of accessibility hierarchy for app with pid 76136
    t =    19.99s Find: Descendant with identity binding to AX element pid: 76136, elementOrHash.elementID: 4437789312.145
    t =    19.99s Requesting snapshot of accessibility hierarchy for app with pid 76136
AUDIT_ISSUE light-02-settings | 1 | Contrast nearly passed | Contrast is not high enough for SwiftUI.AccessibilityNode unless font size is larger. | Attributes: StaticText, 0x107451040, {{80.0, 713.3}, {205.0, 38.0}}, label: 'Privacy, retention, and Health data flow'
Element subtree:
 →StaticText, 0x107451040, {{80.0, 713.3}, {205.0, 38.0}}, label: 'Privacy, retention, and Health data flow'
Path to element:
 →Application, 0x1070a8280, pid: 76136, label: 'PumpSync'
  ↳Window (Main), 0x1070a83c0, {{0.0, 0.0}, {402.0, 874.0}}
   ↳Other, 0x1070a8500, {{0.0, 0.0}, {402.0, 874.0}}
    ↳Other, 0x1070a8640, {{0.0, 0.0}, {402.0, 874.0}}
     ↳Other, 0x1070a8780, {{0.0, 0.0}, {402.0, 874.0}}
      ↳Other, 0x1070a88c0, {{0.0, 0.0}, {402.0, 874.0}}
       ↳Other, 0x1070a8a00, {{0.0, 0.0}, {402.0, 874.0}}
        ↳Other, 0x1070a8b40, {{0.0, 0.0}, {402.0, 874.0}}
         ↳Other, 0x1070a8c80, {{0.0, 0.0}, {402.0, 874.0}}
          ↳Other, 0x1070a8dc0, {{0.0, 0.0}, {402.0, 874.0}}
           ↳Other, 0x1070a8f00, {{0.0, 0.0}, {402.0, 874.0}}
            ↳Other, 0x1070a9040, {{0.0, 0.0}, {402.0, 874.0}}
             ↳Other, 0x1070a9180, {{0.0, 0.0}, {402.0, 874.0}}
              ↳Other, 0x1070a9540, {{0.0, 0.0}, {402.0, 874.0}}
               ↳Other, 0x1070a9680, {{0.0, 0.0}, {402.0, 874.0}}
                ↳Other, 0x1070a97c0, {{0.0, 0.0}, {402.0, 874.0}}
                 ↳Other, 0x1070a9900, {{0.0, 0.0}, {402.0, 874.0}}
                  ↳ScrollView, 0x1070a9a40, {{0.0, 0.0}, {402.0, 874.0}}
                   ↳Other, 0x1070aa940, {{0.0, 168.0}, {402.0, 826.7}}
                    ↳Button, 0x107450c80, {{38.0, 691.0}, {326.0, 60.3}}, identifier: 'DataHandlingLink', label: 'Data Handling', value: Privacy, retention...
                     ↳StaticText, 0x107451040, {{80.0, 713.3}, {205.0, 38.0}}, label: 'Privacy, retention, and Health data flow'
Query chain:
 →Find: Target Application 'dev.ericslutz.PumpSync'
  Output: {
    Application, 0x11f9af200, pid: 76136, label: 'PumpSync'
  }
  ↪︎Find: Descendant with identity binding to AX element pid: 76136, elementOrHash.elementID: 4437789312.145
    Output: {
      StaticText, 0x11c53bac0, {{80.0, 713.3}, {205.0, 38.0}}, label: 'Privacy, retention, and Health data flow'
    }

    t =    20.06s Find the Any (Descendant with identity binding to AX element pid: 76136, elementOrHash.elementID: 4437791552.148)
    t =    20.09s Requesting snapshot of accessibility hierarchy for app with pid 76136
    t =    20.15s Find: Descendant with identity binding to AX element pid: 76136, elementOrHash.elementID: 4437791552.148
    t =    20.29s Requesting snapshot of accessibility hierarchy for app with pid 76136
    t =    20.34s Find: Descendant with identity binding to AX element pid: 76136, elementOrHash.elementID: 4437791552.148
    t =    20.34s Requesting snapshot of accessibility hierarchy for app with pid 76136
AUDIT_ISSUE light-02-settings | 1 | Contrast failed | Contrast failed for SwiftUI.AccessibilityNode | Attributes: StaticText, 0x107451540, {{80.0, 763.7}, {132.3, 20.3}}, label: 'About PumpSync'
Element subtree:
 →StaticText, 0x107451540, {{80.0, 763.7}, {132.3, 20.3}}, label: 'About PumpSync'
Path to element:
 →Application, 0x1070a8280, pid: 76136, label: 'PumpSync'
  ↳Window (Main), 0x1070a83c0, {{0.0, 0.0}, {402.0, 874.0}}
   ↳Other, 0x1070a8500, {{0.0, 0.0}, {402.0, 874.0}}
    ↳Other, 0x1070a8640, {{0.0, 0.0}, {402.0, 874.0}}
     ↳Other, 0x1070a8780, {{0.0, 0.0}, {402.0, 874.0}}
      ↳Other, 0x1070a88c0, {{0.0, 0.0}, {402.0, 874.0}}
       ↳Other, 0x1070a8a00, {{0.0, 0.0}, {402.0, 874.0}}
        ↳Other, 0x1070a8b40, {{0.0, 0.0}, {402.0, 874.0}}
         ↳Other, 0x1070a8c80, {{0.0, 0.0}, {402.0, 874.0}}
          ↳Other, 0x1070a8dc0, {{0.0, 0.0}, {402.0, 874.0}}
           ↳Other, 0x1070a8f00, {{0.0, 0.0}, {402.0, 874.0}}
            ↳Other, 0x1070a9040, {{0.0, 0.0}, {402.0, 874.0}}
             ↳Other, 0x1070a9180, {{0.0, 0.0}, {402.0, 874.0}}
              ↳Other, 0x1070a9540, {{0.0, 0.0}, {402.0, 874.0}}
               ↳Other, 0x1070a9680, {{0.0, 0.0}, {402.0, 874.0}}
                ↳Other, 0x1070a97c0, {{0.0, 0.0}, {402.0, 874.0}}
                 ↳Other, 0x1070a9900, {{0.0, 0.0}, {402.0, 874.0}}
                  ↳ScrollView, 0x1070a9a40, {{0.0, 0.0}, {402.0, 874.0}}
                   ↳Other, 0x1070aa940, {{0.0, 168.0}, {402.0, 826.7}}
                    ↳Button, 0x1074512c0, {{38.0, 763.7}, {326.0, 40.3}}, identifier: 'AboutPumpSyncLink', label: 'About PumpSync', value: How syncing works
                     ↳StaticText, 0x107451540, {{80.0, 763.7}, {132.3, 20.3}}, label: 'About PumpSync'
Query chain:
 →Find: Target Application 'dev.ericslutz.PumpSync'
  Output: {
    Application, 0x11f9af200, pid: 76136, label: 'PumpSync'
  }
  ↪︎Find: Descendant with identity binding to AX element pid: 76136, elementOrHash.elementID: 4437791552.148
    Output: {
      StaticText, 0x11f9ac000, {{80.0, 763.7}, {132.3, 20.3}}, label: 'About PumpSync'
    }

    t =    20.41s Find the Any (Descendant with identity binding to AX element pid: 76136, elementOrHash.elementID: 4437792000.149)
    t =    20.45s Requesting snapshot of accessibility hierarchy for app with pid 76136
    t =    20.51s Find: Descendant with identity binding to AX element pid: 76136, elementOrHash.elementID: 4437792000.149
    t =    20.70s Requesting snapshot of accessibility hierarchy for app with pid 76136
    t =    20.76s Find: Descendant with identity binding to AX element pid: 76136, elementOrHash.elementID: 4437792000.149
    t =    20.76s Requesting snapshot of accessibility hierarchy for app with pid 76136
AUDIT_ISSUE light-02-settings | 1 | Contrast failed | Contrast failed for SwiftUI.AccessibilityNode | Attributes: StaticText, 0x107451680, {{80.0, 786.0}, {132.0, 18.0}}, label: 'How syncing works'
Element subtree:
 →StaticText, 0x107451680, {{80.0, 786.0}, {132.0, 18.0}}, label: 'How syncing works'
Path to element:
 →Application, 0x1070a8280, pid: 76136, label: 'PumpSync'
  ↳Window (Main), 0x1070a83c0, {{0.0, 0.0}, {402.0, 874.0}}
   ↳Other, 0x1070a8500, {{0.0, 0.0}, {402.0, 874.0}}
    ↳Other, 0x1070a8640, {{0.0, 0.0}, {402.0, 874.0}}
     ↳Other, 0x1070a8780, {{0.0, 0.0}, {402.0, 874.0}}
      ↳Other, 0x1070a88c0, {{0.0, 0.0}, {402.0, 874.0}}
       ↳Other, 0x1070a8a00, {{0.0, 0.0}, {402.0, 874.0}}
        ↳Other, 0x1070a8b40, {{0.0, 0.0}, {402.0, 874.0}}
         ↳Other, 0x1070a8c80, {{0.0, 0.0}, {402.0, 874.0}}
          ↳Other, 0x1070a8dc0, {{0.0, 0.0}, {402.0, 874.0}}
           ↳Other, 0x1070a8f00, {{0.0, 0.0}, {402.0, 874.0}}
            ↳Other, 0x1070a9040, {{0.0, 0.0}, {402.0, 874.0}}
             ↳Other, 0x1070a9180, {{0.0, 0.0}, {402.0, 874.0}}
              ↳Other, 0x1070a9540, {{0.0, 0.0}, {402.0, 874.0}}
               ↳Other, 0x1070a9680, {{0.0, 0.0}, {402.0, 874.0}}
                ↳Other, 0x1070a97c0, {{0.0, 0.0}, {402.0, 874.0}}
                 ↳Other, 0x1070a9900, {{0.0, 0.0}, {402.0, 874.0}}
                  ↳ScrollView, 0x1070a9a40, {{0.0, 0.0}, {402.0, 874.0}}
                   ↳Other, 0x1070aa940, {{0.0, 168.0}, {402.0, 826.7}}
                    ↳Button, 0x1074512c0, {{38.0, 763.7}, {326.0, 40.3}}, identifier: 'AboutPumpSyncLink', label: 'About PumpSync', value: How syncing works
                     ↳StaticText, 0x107451680, {{80.0, 786.0}, {132.0, 18.0}}, label: 'How syncing works'
Query chain:
 →Find: Target Application 'dev.ericslutz.PumpSync'
  Output: {
    Application, 0x11f9af200, pid: 76136, label: 'PumpSync'
  }
  ↪︎Find: Descendant with identity binding to AX element pid: 76136, elementOrHash.elementID: 4437792000.149
    Output: {
      StaticText, 0x11f9ac140, {{80.0, 786.0}, {132.0, 18.0}}, label: 'How syncing works'
    }

    t =    20.86s Find the Any (Descendant with identity binding to AX element pid: 76136, elementOrHash.elementID: 4437793792.152)
    t =    20.91s Requesting snapshot of accessibility hierarchy for app with pid 76136
    t =    20.97s Find: Descendant with identity binding to AX element pid: 76136, elementOrHash.elementID: 4437793792.152
    t =    21.16s Requesting snapshot of accessibility hierarchy for app with pid 76136
    t =    21.21s Find: Descendant with identity binding to AX element pid: 76136, elementOrHash.elementID: 4437793792.152
    t =    21.22s Requesting snapshot of accessibility hierarchy for app with pid 76136
AUDIT_ISSUE light-02-settings | 1 | Contrast failed | Contrast failed for SwiftUI.AccessibilityNode | Attributes: StaticText, 0x107451b80, {{80.0, 816.3}, {77.7, 20.3}}, label: 'Developer'
Element subtree:
 →StaticText, 0x107451b80, {{80.0, 816.3}, {77.7, 20.3}}, label: 'Developer'
Path to element:
 →Application, 0x1070a8280, pid: 76136, label: 'PumpSync'
  ↳Window (Main), 0x1070a83c0, {{0.0, 0.0}, {402.0, 874.0}}
   ↳Other, 0x1070a8500, {{0.0, 0.0}, {402.0, 874.0}}
    ↳Other, 0x1070a8640, {{0.0, 0.0}, {402.0, 874.0}}
     ↳Other, 0x1070a8780, {{0.0, 0.0}, {402.0, 874.0}}
      ↳Other, 0x1070a88c0, {{0.0, 0.0}, {402.0, 874.0}}
       ↳Other, 0x1070a8a00, {{0.0, 0.0}, {402.0, 874.0}}
        ↳Other, 0x1070a8b40, {{0.0, 0.0}, {402.0, 874.0}}
         ↳Other, 0x1070a8c80, {{0.0, 0.0}, {402.0, 874.0}}
          ↳Other, 0x1070a8dc0, {{0.0, 0.0}, {402.0, 874.0}}
           ↳Other, 0x1070a8f00, {{0.0, 0.0}, {402.0, 874.0}}
            ↳Other, 0x1070a9040, {{0.0, 0.0}, {402.0, 874.0}}
             ↳Other, 0x1070a9180, {{0.0, 0.0}, {402.0, 874.0}}
              ↳Other, 0x1070a9540, {{0.0, 0.0}, {402.0, 874.0}}
               ↳Other, 0x1070a9680, {{0.0, 0.0}, {402.0, 874.0}}
                ↳Other, 0x1070a97c0, {{0.0, 0.0}, {402.0, 874.0}}
                 ↳Other, 0x1070a9900, {{0.0, 0.0}, {402.0, 874.0}}
                  ↳ScrollView, 0x1070a9a40, {{0.0, 0.0}, {402.0, 874.0}}
                   ↳Other, 0x1070aa940, {{0.0, 168.0}, {402.0, 826.7}}
                    ↳Button, 0x107451900, {{38.0, 816.3}, {326.0, 40.3}}, identifier: 'DeveloperLink', label: 'Developer', value: Diagnostics, build...
                     ↳StaticText, 0x107451b80, {{80.0, 816.3}, {77.7, 20.3}}, label: 'Developer'
Query chain:
 →Find: Target Application 'dev.ericslutz.PumpSync'
  Output: {
    Application, 0x11f9af200, pid: 76136, label: 'PumpSync'
  }
  ↪︎Find: Descendant with identity binding to AX element pid: 76136, elementOrHash.elementID: 4437793792.152
    Output: {
      StaticText, 0x11f9ac640, {{80.0, 816.3}, {77.7, 20.3}}, label: 'Developer'
    }

    t =    21.32s Find the Any (Descendant with identity binding to AX element pid: 76136, elementOrHash.elementID: 4437794240.153)
    t =    21.36s Requesting snapshot of accessibility hierarchy for app with pid 76136
    t =    21.42s Find: Descendant with identity binding to AX element pid: 76136, elementOrHash.elementID: 4437794240.153
    t =    21.67s Requesting snapshot of accessibility hierarchy for app with pid 76136
    t =    21.75s Find: Descendant with identity binding to AX element pid: 76136, elementOrHash.elementID: 4437794240.153
    t =    21.75s Requesting snapshot of accessibility hierarchy for app with pid 76136
AUDIT_ISSUE light-02-settings | 1 | Contrast failed | Contrast failed for SwiftUI.AccessibilityNode | Attributes: StaticText, 0x107451cc0, {{80.0, 838.7}, {241.0, 18.0}}, label: 'Diagnostics, build, and sync details'
Element subtree:
 →StaticText, 0x107451cc0, {{80.0, 838.7}, {241.0, 18.0}}, label: 'Diagnostics, build, and sync details'
Path to element:
 →Application, 0x1070a8280, pid: 76136, label: 'PumpSync'
  ↳Window (Main), 0x1070a83c0, {{0.0, 0.0}, {402.0, 874.0}}
   ↳Other, 0x1070a8500, {{0.0, 0.0}, {402.0, 874.0}}
    ↳Other, 0x1070a8640, {{0.0, 0.0}, {402.0, 874.0}}
     ↳Other, 0x1070a8780, {{0.0, 0.0}, {402.0, 874.0}}
      ↳Other, 0x1070a88c0, {{0.0, 0.0}, {402.0, 874.0}}
       ↳Other, 0x1070a8a00, {{0.0, 0.0}, {402.0, 874.0}}
        ↳Other, 0x1070a8b40, {{0.0, 0.0}, {402.0, 874.0}}
         ↳Other, 0x1070a8c80, {{0.0, 0.0}, {402.0, 874.0}}
          ↳Other, 0x1070a8dc0, {{0.0, 0.0}, {402.0, 874.0}}
           ↳Other, 0x1070a8f00, {{0.0, 0.0}, {402.0, 874.0}}
            ↳Other, 0x1070a9040, {{0.0, 0.0}, {402.0, 874.0}}
             ↳Other, 0x1070a9180, {{0.0, 0.0}, {402.0, 874.0}}
              ↳Other, 0x1070a9540, {{0.0, 0.0}, {402.0, 874.0}}
               ↳Other, 0x1070a9680, {{0.0, 0.0}, {402.0, 874.0}}
                ↳Other, 0x1070a97c0, {{0.0, 0.0}, {402.0, 874.0}}
                 ↳Other, 0x1070a9900, {{0.0, 0.0}, {402.0, 874.0}}
                  ↳ScrollView, 0x1070a9a40, {{0.0, 0.0}, {402.0, 874.0}}
                   ↳Other, 0x1070aa940, {{0.0, 168.0}, {402.0, 826.7}}
                    ↳Button, 0x107451900, {{38.0, 816.3}, {326.0, 40.3}}, identifier: 'DeveloperLink', label: 'Developer', value: Diagnostics, build...
                     ↳StaticText, 0x107451cc0, {{80.0, 838.7}, {241.0, 18.0}}, label: 'Diagnostics, build, and sync details'
Query chain:
 →Find: Target Application 'dev.ericslutz.PumpSync'
  Output: {
    Application, 0x11f9af200, pid: 76136, label: 'PumpSync'
  }
  ↪︎Find: Descendant with identity binding to AX element pid: 76136, elementOrHash.elementID: 4437794240.153
    Output: {
      StaticText, 0x11f9ac780, {{80.0, 838.7}, {241.0, 18.0}}, label: 'Diagnostics, build, and sync details'
    }

    t =    21.84s Find the "TandemAccountLink" Button
    t =    21.93s Find the "TandemAccountLink" Button
    t =    22.02s Tap "TandemAccountLink" Button
    t =    22.02s     Wait for dev.ericslutz.PumpSync to idle
    t =    22.03s     Find the "TandemAccountLink" Button
    t =    22.08s     Check for interrupting elements affecting "TandemAccountLink" Button
    t =    22.13s     Synthesize event
    t =    22.47s     Wait for dev.ericslutz.PumpSync to idle
    t =    23.48s Find the Target Application 'dev.ericslutz.PumpSync'
    t =    23.67s Added attachment named 'light-tandem.png'
    t =    23.67s Requesting snapshot of accessibility hierarchy for app with pid 76136
    t =    24.09s Requesting snapshot of accessibility hierarchy for app with pid 76136
    t =    24.16s Added attachment named 'light-tandem-tree.txt'
    t =    26.15s Find the Any (Descendant with identity binding to AX element pid: 76136, elementOrHash.elementID: 4437895232.171)
    t =    26.20s Requesting snapshot of accessibility hierarchy for app with pid 76136
    t =    26.24s Find: Descendant with identity binding to AX element pid: 76136, elementOrHash.elementID: 4437895232.171
    t =    26.46s Requesting snapshot of accessibility hierarchy for app with pid 76136
    t =    26.51s Find: Descendant with identity binding to AX element pid: 76136, elementOrHash.elementID: 4437895232.171
    t =    26.51s Requesting snapshot of accessibility hierarchy for app with pid 76136
AUDIT_ISSUE light-tandem | 1 | Contrast nearly passed | Contrast is not high enough for SwiftUI.AccessibilityNode unless font size is larger. | Attributes: StaticText, 0x11c538c80, {{24.0, 180.0}, {123.7, 20.3}}, label: 'Tandem Source'
Element subtree:
 →StaticText, 0x11c538c80, {{24.0, 180.0}, {123.7, 20.3}}, label: 'Tandem Source'
Path to element:
 →Application, 0x11c53fe80, pid: 76136, label: 'PumpSync'
  ↳Window (Main), 0x11c53f980, {{0.0, 0.0}, {402.0, 874.0}}
   ↳Other, 0x11c53fc00, {{0.0, 0.0}, {402.0, 874.0}}
    ↳Other, 0x11c53fd40, {{0.0, 0.0}, {402.0, 874.0}}
     ↳Other, 0x11c53fac0, {{0.0, 0.0}, {402.0, 874.0}}
      ↳Other, 0x11c53f840, {{0.0, 0.0}, {402.0, 874.0}}
       ↳Other, 0x11c53f700, {{0.0, 0.0}, {402.0, 874.0}}
        ↳Other, 0x11c53f5c0, {{0.0, 0.0}, {402.0, 874.0}}
         ↳Other, 0x11c53f480, {{0.0, 0.0}, {402.0, 874.0}}
          ↳Other, 0x11c53f200, {{0.0, 0.0}, {402.0, 874.0}}
           ↳Other, 0x11c53ee40, {{0.0, 0.0}, {402.0, 874.0}}
            ↳Other, 0x11c53f0c0, {{0.0, 0.0}, {402.0, 874.0}}
             ↳Other, 0x11c53ef80, {{0.0, 0.0}, {402.0, 874.0}}
              ↳Other, 0x11c538000, {{0.0, 0.0}, {402.0, 874.0}}
               ↳Other, 0x11c538140, {{0.0, 0.0}, {402.0, 874.0}}
                ↳Other, 0x11c538280, {{0.0, 0.0}, {402.0, 874.0}}
                 ↳Other, 0x11c5383c0, {{0.0, 0.0}, {402.0, 874.0}}
                  ↳ScrollView, 0x11c538500, {{0.0, 0.0}, {402.0, 874.0}}
                   ↳Other, 0x11c538b40, {{0.0, 168.0}, {402.0, 434.3}}
                    ↳StaticText, 0x11c538c80, {{24.0, 180.0}, {123.7, 20.3}}, label: 'Tandem Source'
Query chain:
 →Find: Target Application 'dev.ericslutz.PumpSync'
  Output: {
    Application, 0x114ba0000, pid: 76136, label: 'PumpSync'
  }
  ↪︎Find: Descendant with identity binding to AX element pid: 76136, elementOrHash.elementID: 4437895232.171
    Output: {
      StaticText, 0x107452300, {{24.0, 180.0}, {123.7, 20.3}}, label: 'Tandem Source'
    }

    t =    26.58s Find the Any (Descendant with identity binding to AX element pid: 76136, elementOrHash.elementID: 4437898816.180)
    t =    26.63s Requesting snapshot of accessibility hierarchy for app with pid 76136
    t =    26.66s Find: Descendant with identity binding to AX element pid: 76136, elementOrHash.elementID: 4437898816.180
    t =    26.92s Requesting snapshot of accessibility hierarchy for app with pid 76136
    t =    26.97s Find: Descendant with identity binding to AX element pid: 76136, elementOrHash.elementID: 4437898816.180
    t =    26.97s Requesting snapshot of accessibility hierarchy for app with pid 76136
AUDIT_ISSUE light-tandem | 1 | Contrast failed | Contrast failed for SwiftUI.AccessibilityNode | Attributes: StaticText, 0x11c539a40, {{80.0, 442.2}, {127.7, 20.3}}, label: 'Save Credentials', Disabled
Element subtree:
 →StaticText, 0x11c539a40, {{80.0, 442.2}, {127.7, 20.3}}, label: 'Save Credentials', Disabled
Path to element:
 →Application, 0x11c53f980, pid: 76136, label: 'PumpSync'
  ↳Window (Main), 0x11c53fc00, {{0.0, 0.0}, {402.0, 874.0}}
   ↳Other, 0x11c53fd40, {{0.0, 0.0}, {402.0, 874.0}}
    ↳Other, 0x11c53fac0, {{0.0, 0.0}, {402.0, 874.0}}
     ↳Other, 0x11c53f840, {{0.0, 0.0}, {402.0, 874.0}}
      ↳Other, 0x11c53f700, {{0.0, 0.0}, {402.0, 874.0}}
       ↳Other, 0x11c53f5c0, {{0.0, 0.0}, {402.0, 874.0}}
        ↳Other, 0x11c53f480, {{0.0, 0.0}, {402.0, 874.0}}
         ↳Other, 0x11c53f200, {{0.0, 0.0}, {402.0, 874.0}}
          ↳Other, 0x11c53ee40, {{0.0, 0.0}, {402.0, 874.0}}
           ↳Other, 0x11c53f0c0, {{0.0, 0.0}, {402.0, 874.0}}
            ↳Other, 0x11c53ef80, {{0.0, 0.0}, {402.0, 874.0}}
             ↳Other, 0x11c53e440, {{0.0, 0.0}, {402.0, 874.0}}
              ↳Other, 0x11c538140, {{0.0, 0.0}, {402.0, 874.0}}
               ↳Other, 0x11c538280, {{0.0, 0.0}, {402.0, 874.0}}
                ↳Other, 0x11c5383c0, {{0.0, 0.0}, {402.0, 874.0}}
                 ↳Other, 0x11c538500, {{0.0, 0.0}, {402.0, 874.0}}
                  ↳ScrollView, 0x11c538640, {{0.0, 0.0}, {402.0, 874.0}}
                   ↳Other, 0x11c538c80, {{0.0, 168.0}, {402.0, 434.3}}
                    ↳Button, 0x11c5397c0, {{20.0, 422.3}, {362.0, 60.0}}, label: 'Save Credentials', Disabled
                     ↳StaticText, 0x11c539a40, {{80.0, 442.2}, {127.7, 20.3}}, label: 'Save Credentials', Disabled
Query chain:
 →Find: Target Application 'dev.ericslutz.PumpSync'
  Output: {
    Application, 0x114ba0000, pid: 76136, label: 'PumpSync'
  }
  ↪︎Find: Descendant with identity binding to AX element pid: 76136, elementOrHash.elementID: 4437898816.180
    Output: {
      StaticText, 0x1074530c0, {{80.0, 442.2}, {127.7, 20.3}}, label: 'Save Credentials', Disabled
    }

    t =    27.07s Tap Button (First Match)
    t =    27.07s     Wait for dev.ericslutz.PumpSync to idle
    t =    27.07s     Find the Button (First Match)
    t =    27.18s     Check for interrupting elements affecting "BackButton" Button
    t =    27.21s     Synthesize event
    t =    27.55s     Wait for dev.ericslutz.PumpSync to idle
    t =    27.87s Find the "AppleHealthLink" Button
    t =    27.97s Find the "AppleHealthLink" Button
    t =    28.07s Tap "AppleHealthLink" Button
    t =    28.07s     Wait for dev.ericslutz.PumpSync to idle
    t =    28.08s     Find the "AppleHealthLink" Button
    t =    28.17s     Check for interrupting elements affecting "AppleHealthLink" Button
    t =    28.25s     Synthesize event
    t =    28.57s     Wait for dev.ericslutz.PumpSync to idle
    t =    29.45s Find the Target Application 'dev.ericslutz.PumpSync'
    t =    29.60s Added attachment named 'light-health.png'
    t =    29.60s Requesting snapshot of accessibility hierarchy for app with pid 76136
    t =    30.11s Requesting snapshot of accessibility hierarchy for app with pid 76136
    t =    30.18s Added attachment named 'light-health-tree.txt'
    t =    32.37s Find the Any (Descendant with identity binding to AX element pid: 76136, elementOrHash.elementID: 4382207808.200)
    t =    32.45s Requesting snapshot of accessibility hierarchy for app with pid 76136
    t =    32.51s Find: Descendant with identity binding to AX element pid: 76136, elementOrHash.elementID: 4382207808.200
    t =    32.70s Requesting snapshot of accessibility hierarchy for app with pid 76136
    t =    32.76s Find: Descendant with identity binding to AX element pid: 76136, elementOrHash.elementID: 4382207808.200
    t =    32.76s Requesting snapshot of accessibility hierarchy for app with pid 76136
AUDIT_ISSUE light-health | 1 | Contrast nearly passed | Contrast is not high enough for SwiftUI.AccessibilityNode unless font size is larger. | Attributes: StaticText, 0x11c53a940, {{24.0, 180.0}, {354.0, 64.3}}, label: 'PumpSync writes insulin delivery and carbohydrate samples to Apple Health. It does not read other Health data.'
Element subtree:
 →StaticText, 0x11c53a940, {{24.0, 180.0}, {354.0, 64.3}}, label: 'PumpSync writes insulin delivery and carbohydrate samples to Apple Health. It does not read other Health data.'
Path to element:
 →Application, 0x11c538000, pid: 76136, label: 'PumpSync'
  ↳Window (Main), 0x11c538140, {{0.0, 0.0}, {402.0, 874.0}}
   ↳Other, 0x11c538280, {{0.0, 0.0}, {402.0, 874.0}}
    ↳Other, 0x11c5383c0, {{0.0, 0.0}, {402.0, 874.0}}
     ↳Other, 0x11c538500, {{0.0, 0.0}, {402.0, 874.0}}
      ↳Other, 0x11c538640, {{0.0, 0.0}, {402.0, 874.0}}
       ↳Other, 0x11c538780, {{0.0, 0.0}, {402.0, 874.0}}
        ↳Other, 0x11c5388c0, {{0.0, 0.0}, {402.0, 874.0}}
         ↳Other, 0x11c538a00, {{0.0, 0.0}, {402.0, 874.0}}
          ↳Other, 0x11c538b40, {{0.0, 0.0}, {402.0, 874.0}}
           ↳Other, 0x11c538c80, {{0.0, 0.0}, {402.0, 874.0}}
            ↳Other, 0x11c538dc0, {{0.0, 0.0}, {402.0, 874.0}}
             ↳Other, 0x11c538f00, {{0.0, 0.0}, {402.0, 874.0}}
              ↳Other, 0x11c539400, {{0.0, 0.0}, {402.0, 874.0}}
               ↳Other, 0x11c539540, {{0.0, 0.0}, {402.0, 874.0}}
                ↳Other, 0x11c539680, {{0.0, 0.0}, {402.0, 874.0}}
                 ↳Other, 0x11c5397c0, {{0.0, 0.0}, {402.0, 874.0}}
                  ↳ScrollView, 0x11c539900, {{0.0, 0.0}, {402.0, 874.0}}
                   ↳Other, 0x11c53a800, {{0.0, 168.0}, {402.0, 667.7}}
                    ↳StaticText, 0x11c53a940, {{24.0, 180.0}, {354.0, 64.3}}, label: 'PumpSync writes insulin delivery and carbohydrate samples to Apple Health. It does not read other Health data.'
Query chain:
 →Find: Target Application 'dev.ericslutz.PumpSync'
  Output: {
    Application, 0x114ba3c00, pid: 76136, label: 'PumpSync'
  }
  ↪︎Find: Descendant with identity binding to AX element pid: 76136, elementOrHash.elementID: 4382207808.200
    Output: {
      StaticText, 0x1070a9b80, {{24.0, 180.0}, {354.0, 64.3}}, label: 'PumpSync writes insulin delivery and carbohydrate samples to Apple Health. It does not read other Health data.'
    }

    t =    32.83s Find the Any (Descendant with identity binding to AX element pid: 76136, elementOrHash.elementID: 4382207360.201)
    t =    32.87s Requesting snapshot of accessibility hierarchy for app with pid 76136
    t =    32.91s Find: Descendant with identity binding to AX element pid: 76136, elementOrHash.elementID: 4382207360.201
    t =    33.06s Requesting snapshot of accessibility hierarchy for app with pid 76136
    t =    33.11s Find: Descendant with identity binding to AX element pid: 76136, elementOrHash.elementID: 4382207360.201
    t =    33.12s Requesting snapshot of accessibility hierarchy for app with pid 76136
AUDIT_ISSUE light-health | 1 | Contrast nearly passed | Contrast is not high enough for SwiftUI.AccessibilityNode unless font size is larger. | Attributes: StaticText, 0x11c53aa80, {{24.0, 268.3}, {143.7, 20.3}}, label: 'Write Permissions'
Element subtree:
 →StaticText, 0x11c53aa80, {{24.0, 268.3}, {143.7, 20.3}}, label: 'Write Permissions'
Path to element:
 →Application, 0x11c538000, pid: 76136, label: 'PumpSync'
  ↳Window (Main), 0x11c538140, {{0.0, 0.0}, {402.0, 874.0}}
   ↳Other, 0x11c538280, {{0.0, 0.0}, {402.0, 874.0}}
    ↳Other, 0x11c5383c0, {{0.0, 0.0}, {402.0, 874.0}}
     ↳Other, 0x11c538500, {{0.0, 0.0}, {402.0, 874.0}}
      ↳Other, 0x11c538640, {{0.0, 0.0}, {402.0, 874.0}}
       ↳Other, 0x11c538780, {{0.0, 0.0}, {402.0, 874.0}}
        ↳Other, 0x11c5388c0, {{0.0, 0.0}, {402.0, 874.0}}
         ↳Other, 0x11c538a00, {{0.0, 0.0}, {402.0, 874.0}}
          ↳Other, 0x11c538b40, {{0.0, 0.0}, {402.0, 874.0}}
           ↳Other, 0x11c538c80, {{0.0, 0.0}, {402.0, 874.0}}
            ↳Other, 0x11c538dc0, {{0.0, 0.0}, {402.0, 874.0}}
             ↳Other, 0x11c538f00, {{0.0, 0.0}, {402.0, 874.0}}
              ↳Other, 0x11c539400, {{0.0, 0.0}, {402.0, 874.0}}
               ↳Other, 0x11c539540, {{0.0, 0.0}, {402.0, 874.0}}
                ↳Other, 0x11c539680, {{0.0, 0.0}, {402.0, 874.0}}
                 ↳Other, 0x11c5397c0, {{0.0, 0.0}, {402.0, 874.0}}
                  ↳ScrollView, 0x11c539900, {{0.0, 0.0}, {402.0, 874.0}}
                   ↳Other, 0x11c53a800, {{0.0, 168.0}, {402.0, 667.7}}
                    ↳StaticText, 0x11c53aa80, {{24.0, 268.3}, {143.7, 20.3}}, label: 'Write Permissions'
Query chain:
 →Find: Target Application 'dev.ericslutz.PumpSync'
  Output: {
    Application, 0x114ba3c00, pid: 76136, label: 'PumpSync'
  }
  ↪︎Find: Descendant with identity binding to AX element pid: 76136, elementOrHash.elementID: 4382207360.201
    Output: {
      StaticText, 0x1070ab840, {{24.0, 268.3}, {143.7, 20.3}}, label: 'Write Permissions'
    }

    t =    33.18s Find the Any (Descendant with identity binding to AX element pid: 76136, elementOrHash.elementID: 4437932928.204)
    t =    33.22s Requesting snapshot of accessibility hierarchy for app with pid 76136
    t =    33.27s Find: Descendant with identity binding to AX element pid: 76136, elementOrHash.elementID: 4437932928.204
    t =    33.41s Requesting snapshot of accessibility hierarchy for app with pid 76136
    t =    33.46s Find: Descendant with identity binding to AX element pid: 76136, elementOrHash.elementID: 4437932928.204
    t =    33.46s Requesting snapshot of accessibility hierarchy for app with pid 76136
AUDIT_ISSUE light-health | 1 | Contrast nearly passed | Contrast is not high enough for SwiftUI.AccessibilityNode unless font size is larger. | Attributes: Button, 0x11c53b5c0, {{20.0, 449.7}, {362.0, 50.3}}, label: 'Allow Access to Health'
Element subtree:
 →Button, 0x11c53b5c0, {{20.0, 449.7}, {362.0, 50.3}}, label: 'Allow Access to Health'
Path to element:
 →Application, 0x11c538000, pid: 76136, label: 'PumpSync'
  ↳Window (Main), 0x11c538140, {{0.0, 0.0}, {402.0, 874.0}}
   ↳Other, 0x11c538280, {{0.0, 0.0}, {402.0, 874.0}}
    ↳Other, 0x11c5383c0, {{0.0, 0.0}, {402.0, 874.0}}
     ↳Other, 0x11c538500, {{0.0, 0.0}, {402.0, 874.0}}
      ↳Other, 0x11c538640, {{0.0, 0.0}, {402.0, 874.0}}
       ↳Other, 0x11c538780, {{0.0, 0.0}, {402.0, 874.0}}
        ↳Other, 0x11c5388c0, {{0.0, 0.0}, {402.0, 874.0}}
         ↳Other, 0x11c538a00, {{0.0, 0.0}, {402.0, 874.0}}
          ↳Other, 0x11c538b40, {{0.0, 0.0}, {402.0, 874.0}}
           ↳Other, 0x11c538c80, {{0.0, 0.0}, {402.0, 874.0}}
            ↳Other, 0x11c538dc0, {{0.0, 0.0}, {402.0, 874.0}}
             ↳Other, 0x11c538f00, {{0.0, 0.0}, {402.0, 874.0}}
              ↳Other, 0x11c539400, {{0.0, 0.0}, {402.0, 874.0}}
               ↳Other, 0x11c539540, {{0.0, 0.0}, {402.0, 874.0}}
                ↳Other, 0x11c539680, {{0.0, 0.0}, {402.0, 874.0}}
                 ↳Other, 0x11c5397c0, {{0.0, 0.0}, {402.0, 874.0}}
                  ↳ScrollView, 0x11c539900, {{0.0, 0.0}, {402.0, 874.0}}
                   ↳Other, 0x11c53a800, {{0.0, 168.0}, {402.0, 667.7}}
                    ↳Button, 0x11c53b5c0, {{20.0, 449.7}, {362.0, 50.3}}, label: 'Allow Access to Health'
Query chain:
 →Find: Target Application 'dev.ericslutz.PumpSync'
  Output: {
    Application, 0x114ba3c00, pid: 76136, label: 'PumpSync'
  }
  ↪︎Find: Descendant with identity binding to AX element pid: 76136, elementOrHash.elementID: 4437932928.204
    Output: {
      Button, 0x114ba0780, {{20.0, 449.7}, {362.0, 50.3}}, label: 'Allow Access to Health'
    }

    t =    33.52s Find the Any (Descendant with identity binding to AX element pid: 76136, elementOrHash.elementID: 4437918592.205)
    t =    33.56s Requesting snapshot of accessibility hierarchy for app with pid 76136
    t =    33.62s Find: Descendant with identity binding to AX element pid: 76136, elementOrHash.elementID: 4437918592.205
    t =    33.86s Requesting snapshot of accessibility hierarchy for app with pid 76136
    t =    33.91s Find: Descendant with identity binding to AX element pid: 76136, elementOrHash.elementID: 4437918592.205
    t =    33.91s Requesting snapshot of accessibility hierarchy for app with pid 76136
AUDIT_ISSUE light-health | 1 | Contrast nearly passed | Contrast is not high enough for SwiftUI.AccessibilityNode unless font size is larger. | Attributes: StaticText, 0x11c53b700, {{24.0, 524.0}, {122.7, 20.3}}, label: 'Change Access'
Element subtree:
 →StaticText, 0x11c53b700, {{24.0, 524.0}, {122.7, 20.3}}, label: 'Change Access'
Path to element:
 →Application, 0x11c538000, pid: 76136, label: 'PumpSync'
  ↳Window (Main), 0x11c538140, {{0.0, 0.0}, {402.0, 874.0}}
   ↳Other, 0x11c538280, {{0.0, 0.0}, {402.0, 874.0}}
    ↳Other, 0x11c5383c0, {{0.0, 0.0}, {402.0, 874.0}}
     ↳Other, 0x11c538500, {{0.0, 0.0}, {402.0, 874.0}}
      ↳Other, 0x11c538640, {{0.0, 0.0}, {402.0, 874.0}}
       ↳Other, 0x11c538780, {{0.0, 0.0}, {402.0, 874.0}}
        ↳Other, 0x11c5388c0, {{0.0, 0.0}, {402.0, 874.0}}
         ↳Other, 0x11c538a00, {{0.0, 0.0}, {402.0, 874.0}}
          ↳Other, 0x11c538b40, {{0.0, 0.0}, {402.0, 874.0}}
           ↳Other, 0x11c538c80, {{0.0, 0.0}, {402.0, 874.0}}
            ↳Other, 0x11c538dc0, {{0.0, 0.0}, {402.0, 874.0}}
             ↳Other, 0x11c538f00, {{0.0, 0.0}, {402.0, 874.0}}
              ↳Other, 0x11c539400, {{0.0, 0.0}, {402.0, 874.0}}
               ↳Other, 0x11c539540, {{0.0, 0.0}, {402.0, 874.0}}
                ↳Other, 0x11c539680, {{0.0, 0.0}, {402.0, 874.0}}
                 ↳Other, 0x11c5397c0, {{0.0, 0.0}, {402.0, 874.0}}
                  ↳ScrollView, 0x11c539900, {{0.0, 0.0}, {402.0, 874.0}}
                   ↳Other, 0x11c53a800, {{0.0, 168.0}, {402.0, 667.7}}
                    ↳StaticText, 0x11c53b700, {{24.0, 524.0}, {122.7, 20.3}}, label: 'Change Access'
Query chain:
 →Find: Target Application 'dev.ericslutz.PumpSync'
  Output: {
    Application, 0x114ba3c00, pid: 76136, label: 'PumpSync'
  }
  ↪︎Find: Descendant with identity binding to AX element pid: 76136, elementOrHash.elementID: 4437918592.205
    Output: {
      StaticText, 0x114ba08c0, {{24.0, 524.0}, {122.7, 20.3}}, label: 'Change Access'
    }

    t =    33.98s Find the Any (Descendant with identity binding to AX element pid: 76136, elementOrHash.elementID: 4437921728.206)
    t =    34.02s Requesting snapshot of accessibility hierarchy for app with pid 76136
    t =    34.07s Find: Descendant with identity binding to AX element pid: 76136, elementOrHash.elementID: 4437921728.206
    t =    34.20s Requesting snapshot of accessibility hierarchy for app with pid 76136
    t =    34.25s Find: Descendant with identity binding to AX element pid: 76136, elementOrHash.elementID: 4437921728.206
    t =    34.25s Requesting snapshot of accessibility hierarchy for app with pid 76136
AUDIT_ISSUE light-health | 1 | Contrast nearly passed | Contrast is not high enough for SwiftUI.AccessibilityNode unless font size is larger. | Attributes: StaticText, 0x11c53b840, {{44.3, 566.3}, {7.3, 18.0}}, label: '1'
Element subtree:
 →StaticText, 0x11c53b840, {{44.3, 566.3}, {7.3, 18.0}}, label: '1'
Path to element:
 →Application, 0x11c538000, pid: 76136, label: 'PumpSync'
  ↳Window (Main), 0x11c538140, {{0.0, 0.0}, {402.0, 874.0}}
   ↳Other, 0x11c538280, {{0.0, 0.0}, {402.0, 874.0}}
    ↳Other, 0x11c5383c0, {{0.0, 0.0}, {402.0, 874.0}}
     ↳Other, 0x11c538500, {{0.0, 0.0}, {402.0, 874.0}}
      ↳Other, 0x11c538640, {{0.0, 0.0}, {402.0, 874.0}}
       ↳Other, 0x11c538780, {{0.0, 0.0}, {402.0, 874.0}}
        ↳Other, 0x11c5388c0, {{0.0, 0.0}, {402.0, 874.0}}
         ↳Other, 0x11c538a00, {{0.0, 0.0}, {402.0, 874.0}}
          ↳Other, 0x11c538b40, {{0.0, 0.0}, {402.0, 874.0}}
           ↳Other, 0x11c538c80, {{0.0, 0.0}, {402.0, 874.0}}
            ↳Other, 0x11c538dc0, {{0.0, 0.0}, {402.0, 874.0}}
             ↳Other, 0x11c538f00, {{0.0, 0.0}, {402.0, 874.0}}
              ↳Other, 0x11c539400, {{0.0, 0.0}, {402.0, 874.0}}
               ↳Other, 0x11c539540, {{0.0, 0.0}, {402.0, 874.0}}
                ↳Other, 0x11c539680, {{0.0, 0.0}, {402.0, 874.0}}
                 ↳Other, 0x11c5397c0, {{0.0, 0.0}, {402.0, 874.0}}
                  ↳ScrollView, 0x11c539900, {{0.0, 0.0}, {402.0, 874.0}}
                   ↳Other, 0x11c53a800, {{0.0, 168.0}, {402.0, 667.7}}
                    ↳StaticText, 0x11c53b840, {{44.3, 566.3}, {7.3, 18.0}}, label: '1'
Query chain:
 →Find: Target Application 'dev.ericslutz.PumpSync'
  Output: {
    Application, 0x114ba3c00, pid: 76136, label: 'PumpSync'
  }
  ↪︎Find: Descendant with identity binding to AX element pid: 76136, elementOrHash.elementID: 4437921728.206
    Output: {
      StaticText, 0x114ba0a00, {{44.3, 566.3}, {7.3, 18.0}}, label: '1'
    }

    t =    34.31s Find the Any (Descendant with identity binding to AX element pid: 76136, elementOrHash.elementID: 4437927552.207)
    t =    34.35s Requesting snapshot of accessibility hierarchy for app with pid 76136
    t =    34.40s Find: Descendant with identity binding to AX element pid: 76136, elementOrHash.elementID: 4437927552.207
    t =    34.53s Requesting snapshot of accessibility hierarchy for app with pid 76136
    t =    34.58s Find: Descendant with identity binding to AX element pid: 76136, elementOrHash.elementID: 4437927552.207
    t =    34.58s Requesting snapshot of accessibility hierarchy for app with pid 76136
AUDIT_ISSUE light-health | 1 | Contrast nearly passed | Contrast is not high enough for SwiftUI.AccessibilityNode unless font size is larger. | Attributes: StaticText, 0x11c53b980, {{70.0, 564.3}, {113.3, 20.3}}, label: 'Open Settings.'
Element subtree:
 →StaticText, 0x11c53b980, {{70.0, 564.3}, {113.3, 20.3}}, label: 'Open Settings.'
Path to element:
 →Application, 0x11c538000, pid: 76136, label: 'PumpSync'
  ↳Window (Main), 0x11c538140, {{0.0, 0.0}, {402.0, 874.0}}
   ↳Other, 0x11c538280, {{0.0, 0.0}, {402.0, 874.0}}
    ↳Other, 0x11c5383c0, {{0.0, 0.0}, {402.0, 874.0}}
     ↳Other, 0x11c538500, {{0.0, 0.0}, {402.0, 874.0}}
      ↳Other, 0x11c538640, {{0.0, 0.0}, {402.0, 874.0}}
       ↳Other, 0x11c538780, {{0.0, 0.0}, {402.0, 874.0}}
        ↳Other, 0x11c5388c0, {{0.0, 0.0}, {402.0, 874.0}}
         ↳Other, 0x11c538a00, {{0.0, 0.0}, {402.0, 874.0}}
          ↳Other, 0x11c538b40, {{0.0, 0.0}, {402.0, 874.0}}
           ↳Other, 0x11c538c80, {{0.0, 0.0}, {402.0, 874.0}}
            ↳Other, 0x11c538dc0, {{0.0, 0.0}, {402.0, 874.0}}
             ↳Other, 0x11c538f00, {{0.0, 0.0}, {402.0, 874.0}}
              ↳Other, 0x11c539400, {{0.0, 0.0}, {402.0, 874.0}}
               ↳Other, 0x11c539540, {{0.0, 0.0}, {402.0, 874.0}}
                ↳Other, 0x11c539680, {{0.0, 0.0}, {402.0, 874.0}}
                 ↳Other, 0x11c5397c0, {{0.0, 0.0}, {402.0, 874.0}}
                  ↳ScrollView, 0x11c539900, {{0.0, 0.0}, {402.0, 874.0}}
                   ↳Other, 0x11c53a800, {{0.0, 168.0}, {402.0, 667.7}}
                    ↳StaticText, 0x11c53b980, {{70.0, 564.3}, {113.3, 20.3}}, label: 'Open Settings.'
Query chain:
 →Find: Target Application 'dev.ericslutz.PumpSync'
  Output: {
    Application, 0x114ba3c00, pid: 76136, label: 'PumpSync'
  }
  ↪︎Find: Descendant with identity binding to AX element pid: 76136, elementOrHash.elementID: 4437927552.207
    Output: {
      StaticText, 0x114ba0b40, {{70.0, 564.3}, {113.3, 20.3}}, label: 'Open Settings.'
    }

    t =    34.64s Find the Any (Descendant with identity binding to AX element pid: 76136, elementOrHash.elementID: 4437918144.208)
    t =    34.68s Requesting snapshot of accessibility hierarchy for app with pid 76136
    t =    34.73s Find: Descendant with identity binding to AX element pid: 76136, elementOrHash.elementID: 4437918144.208
    t =    34.87s Requesting snapshot of accessibility hierarchy for app with pid 76136
    t =    34.92s Find: Descendant with identity binding to AX element pid: 76136, elementOrHash.elementID: 4437918144.208
    t =    34.93s Requesting snapshot of accessibility hierarchy for app with pid 76136
AUDIT_ISSUE light-health | 1 | Contrast nearly passed | Contrast is not high enough for SwiftUI.AccessibilityNode unless font size is larger. | Attributes: StaticText, 0x11c53bac0, {{43.3, 598.7}, {9.3, 18.0}}, label: '2'
Element subtree:
 →StaticText, 0x11c53bac0, {{43.3, 598.7}, {9.3, 18.0}}, label: '2'
Path to element:
 →Application, 0x11c538000, pid: 76136, label: 'PumpSync'
  ↳Window (Main), 0x11c538140, {{0.0, 0.0}, {402.0, 874.0}}
   ↳Other, 0x11c538280, {{0.0, 0.0}, {402.0, 874.0}}
    ↳Other, 0x11c5383c0, {{0.0, 0.0}, {402.0, 874.0}}
     ↳Other, 0x11c538500, {{0.0, 0.0}, {402.0, 874.0}}
      ↳Other, 0x11c538640, {{0.0, 0.0}, {402.0, 874.0}}
       ↳Other, 0x11c538780, {{0.0, 0.0}, {402.0, 874.0}}
        ↳Other, 0x11c5388c0, {{0.0, 0.0}, {402.0, 874.0}}
         ↳Other, 0x11c538a00, {{0.0, 0.0}, {402.0, 874.0}}
          ↳Other, 0x11c538b40, {{0.0, 0.0}, {402.0, 874.0}}
           ↳Other, 0x11c538c80, {{0.0, 0.0}, {402.0, 874.0}}
            ↳Other, 0x11c538dc0, {{0.0, 0.0}, {402.0, 874.0}}
             ↳Other, 0x11c538f00, {{0.0, 0.0}, {402.0, 874.0}}
              ↳Other, 0x11c539400, {{0.0, 0.0}, {402.0, 874.0}}
               ↳Other, 0x11c539540, {{0.0, 0.0}, {402.0, 874.0}}
                ↳Other, 0x11c539680, {{0.0, 0.0}, {402.0, 874.0}}
                 ↳Other, 0x11c5397c0, {{0.0, 0.0}, {402.0, 874.0}}
                  ↳ScrollView, 0x11c539900, {{0.0, 0.0}, {402.0, 874.0}}
                   ↳Other, 0x11c53a800, {{0.0, 168.0}, {402.0, 667.7}}
                    ↳StaticText, 0x11c53bac0, {{43.3, 598.7}, {9.3, 18.0}}, label: '2'
Query chain:
 →Find: Target Application 'dev.ericslutz.PumpSync'
  Output: {
    Application, 0x114ba3c00, pid: 76136, label: 'PumpSync'
  }
  ↪︎Find: Descendant with identity binding to AX element pid: 76136, elementOrHash.elementID: 4437918144.208
    Output: {
      StaticText, 0x114ba0c80, {{43.3, 598.7}, {9.3, 18.0}}, label: '2'
    }

    t =    34.99s Find the Any (Descendant with identity binding to AX element pid: 76136, elementOrHash.elementID: 4437917696.209)
    t =    35.03s Requesting snapshot of accessibility hierarchy for app with pid 76136
    t =    35.07s Find: Descendant with identity binding to AX element pid: 76136, elementOrHash.elementID: 4437917696.209
    t =    35.21s Requesting snapshot of accessibility hierarchy for app with pid 76136
    t =    35.26s Find: Descendant with identity binding to AX element pid: 76136, elementOrHash.elementID: 4437917696.209
    t =    35.27s Requesting snapshot of accessibility hierarchy for app with pid 76136
AUDIT_ISSUE light-health | 1 | Contrast nearly passed | Contrast is not high enough for SwiftUI.AccessibilityNode unless font size is larger. | Attributes: StaticText, 0x11c53bc00, {{70.0, 596.7}, {270.7, 20.3}}, label: 'Tap Privacy & Security, then Health.'
Element subtree:
 →StaticText, 0x11c53bc00, {{70.0, 596.7}, {270.7, 20.3}}, label: 'Tap Privacy & Security, then Health.'
Path to element:
 →Application, 0x11c538000, pid: 76136, label: 'PumpSync'
  ↳Window (Main), 0x11c538140, {{0.0, 0.0}, {402.0, 874.0}}
   ↳Other, 0x11c538280, {{0.0, 0.0}, {402.0, 874.0}}
    ↳Other, 0x11c5383c0, {{0.0, 0.0}, {402.0, 874.0}}
     ↳Other, 0x11c538500, {{0.0, 0.0}, {402.0, 874.0}}
      ↳Other, 0x11c538640, {{0.0, 0.0}, {402.0, 874.0}}
       ↳Other, 0x11c538780, {{0.0, 0.0}, {402.0, 874.0}}
        ↳Other, 0x11c5388c0, {{0.0, 0.0}, {402.0, 874.0}}
         ↳Other, 0x11c538a00, {{0.0, 0.0}, {402.0, 874.0}}
          ↳Other, 0x11c538b40, {{0.0, 0.0}, {402.0, 874.0}}
           ↳Other, 0x11c538c80, {{0.0, 0.0}, {402.0, 874.0}}
            ↳Other, 0x11c538dc0, {{0.0, 0.0}, {402.0, 874.0}}
             ↳Other, 0x11c538f00, {{0.0, 0.0}, {402.0, 874.0}}
              ↳Other, 0x11c539400, {{0.0, 0.0}, {402.0, 874.0}}
               ↳Other, 0x11c539540, {{0.0, 0.0}, {402.0, 874.0}}
                ↳Other, 0x11c539680, {{0.0, 0.0}, {402.0, 874.0}}
                 ↳Other, 0x11c5397c0, {{0.0, 0.0}, {402.0, 874.0}}
                  ↳ScrollView, 0x11c539900, {{0.0, 0.0}, {402.0, 874.0}}
                   ↳Other, 0x11c53a800, {{0.0, 168.0}, {402.0, 667.7}}
                    ↳StaticText, 0x11c53bc00, {{70.0, 596.7}, {270.7, 20.3}}, label: 'Tap Privacy & Security, then Health.'
Query chain:
 →Find: Target Application 'dev.ericslutz.PumpSync'
  Output: {
    Application, 0x114ba3c00, pid: 76136, label: 'PumpSync'
  }
  ↪︎Find: Descendant with identity binding to AX element pid: 76136, elementOrHash.elementID: 4437917696.209
    Output: {
      StaticText, 0x114ba0dc0, {{70.0, 596.7}, {270.7, 20.3}}, label: 'Tap Privacy & Security, then Health.'
    }

    t =    35.33s Find the Any (Descendant with identity binding to AX element pid: 76136, elementOrHash.elementID: 4437931584.210)
    t =    35.37s Requesting snapshot of accessibility hierarchy for app with pid 76136
    t =    35.41s Find: Descendant with identity binding to AX element pid: 76136, elementOrHash.elementID: 4437931584.210
    t =    35.52s Requesting snapshot of accessibility hierarchy for app with pid 76136
    t =    35.56s Find: Descendant with identity binding to AX element pid: 76136, elementOrHash.elementID: 4437931584.210
    t =    35.56s Requesting snapshot of accessibility hierarchy for app with pid 76136
AUDIT_ISSUE light-health | 1 | Contrast nearly passed | Contrast is not high enough for SwiftUI.AccessibilityNode unless font size is larger. | Attributes: StaticText, 0x11c53bd40, {{43.2, 631.0}, {9.7, 18.0}}, label: '3'
Element subtree:
 →StaticText, 0x11c53bd40, {{43.2, 631.0}, {9.7, 18.0}}, label: '3'
Path to element:
 →Application, 0x11c538000, pid: 76136, label: 'PumpSync'
  ↳Window (Main), 0x11c538140, {{0.0, 0.0}, {402.0, 874.0}}
   ↳Other, 0x11c538280, {{0.0, 0.0}, {402.0, 874.0}}
    ↳Other, 0x11c5383c0, {{0.0, 0.0}, {402.0, 874.0}}
     ↳Other, 0x11c538500, {{0.0, 0.0}, {402.0, 874.0}}
      ↳Other, 0x11c538640, {{0.0, 0.0}, {402.0, 874.0}}
       ↳Other, 0x11c538780, {{0.0, 0.0}, {402.0, 874.0}}
        ↳Other, 0x11c5388c0, {{0.0, 0.0}, {402.0, 874.0}}
         ↳Other, 0x11c538a00, {{0.0, 0.0}, {402.0, 874.0}}
          ↳Other, 0x11c538b40, {{0.0, 0.0}, {402.0, 874.0}}
           ↳Other, 0x11c538c80, {{0.0, 0.0}, {402.0, 874.0}}
            ↳Other, 0x11c538dc0, {{0.0, 0.0}, {402.0, 874.0}}
             ↳Other, 0x11c538f00, {{0.0, 0.0}, {402.0, 874.0}}
              ↳Other, 0x11c539400, {{0.0, 0.0}, {402.0, 874.0}}
               ↳Other, 0x11c539540, {{0.0, 0.0}, {402.0, 874.0}}
                ↳Other, 0x11c539680, {{0.0, 0.0}, {402.0, 874.0}}
                 ↳Other, 0x11c5397c0, {{0.0, 0.0}, {402.0, 874.0}}
                  ↳ScrollView, 0x11c539900, {{0.0, 0.0}, {402.0, 874.0}}
                   ↳Other, 0x11c53a800, {{0.0, 168.0}, {402.0, 667.7}}
                    ↳StaticText, 0x11c53bd40, {{43.2, 631.0}, {9.7, 18.0}}, label: '3'
Query chain:
 →Find: Target Application 'dev.ericslutz.PumpSync'
  Output: {
    Application, 0x114ba3c00, pid: 76136, label: 'PumpSync'
  }
  ↪︎Find: Descendant with identity binding to AX element pid: 76136, elementOrHash.elementID: 4437931584.210
    Output: {
      StaticText, 0x114ba0f00, {{43.2, 631.0}, {9.7, 18.0}}, label: '3'
    }

    t =    35.62s Find the Any (Descendant with identity binding to AX element pid: 76136, elementOrHash.elementID: 4437921280.211)
    t =    35.66s Requesting snapshot of accessibility hierarchy for app with pid 76136
    t =    35.71s Find: Descendant with identity binding to AX element pid: 76136, elementOrHash.elementID: 4437921280.211
    t =    35.84s Requesting snapshot of accessibility hierarchy for app with pid 76136
    t =    35.89s Find: Descendant with identity binding to AX element pid: 76136, elementOrHash.elementID: 4437921280.211
    t =    35.89s Requesting snapshot of accessibility hierarchy for app with pid 76136
AUDIT_ISSUE light-health | 1 | Contrast nearly passed | Contrast is not high enough for SwiftUI.AccessibilityNode unless font size is larger. | Attributes: StaticText, 0x11c53be80, {{70.0, 629.0}, {139.0, 20.3}}, label: 'Select PumpSync.'
Element subtree:
 →StaticText, 0x11c53be80, {{70.0, 629.0}, {139.0, 20.3}}, label: 'Select PumpSync.'
Path to element:
 →Application, 0x11c538000, pid: 76136, label: 'PumpSync'
  ↳Window (Main), 0x11c538140, {{0.0, 0.0}, {402.0, 874.0}}
   ↳Other, 0x11c538280, {{0.0, 0.0}, {402.0, 874.0}}
    ↳Other, 0x11c5383c0, {{0.0, 0.0}, {402.0, 874.0}}
     ↳Other, 0x11c538500, {{0.0, 0.0}, {402.0, 874.0}}
      ↳Other, 0x11c538640, {{0.0, 0.0}, {402.0, 874.0}}
       ↳Other, 0x11c538780, {{0.0, 0.0}, {402.0, 874.0}}
        ↳Other, 0x11c5388c0, {{0.0, 0.0}, {402.0, 874.0}}
         ↳Other, 0x11c538a00, {{0.0, 0.0}, {402.0, 874.0}}
          ↳Other, 0x11c538b40, {{0.0, 0.0}, {402.0, 874.0}}
           ↳Other, 0x11c538c80, {{0.0, 0.0}, {402.0, 874.0}}
            ↳Other, 0x11c538dc0, {{0.0, 0.0}, {402.0, 874.0}}
             ↳Other, 0x11c538f00, {{0.0, 0.0}, {402.0, 874.0}}
              ↳Other, 0x11c539400, {{0.0, 0.0}, {402.0, 874.0}}
               ↳Other, 0x11c539540, {{0.0, 0.0}, {402.0, 874.0}}
                ↳Other, 0x11c539680, {{0.0, 0.0}, {402.0, 874.0}}
                 ↳Other, 0x11c5397c0, {{0.0, 0.0}, {402.0, 874.0}}
                  ↳ScrollView, 0x11c539900, {{0.0, 0.0}, {402.0, 874.0}}
                   ↳Other, 0x11c53a800, {{0.0, 168.0}, {402.0, 667.7}}
                    ↳StaticText, 0x11c53be80, {{70.0, 629.0}, {139.0, 20.3}}, label: 'Select PumpSync.'
Query chain:
 →Find: Target Application 'dev.ericslutz.PumpSync'
  Output: {
    Application, 0x114ba3c00, pid: 76136, label: 'PumpSync'
  }
  ↪︎Find: Descendant with identity binding to AX element pid: 76136, elementOrHash.elementID: 4437921280.211
    Output: {
      StaticText, 0x114ba1040, {{70.0, 629.0}, {139.0, 20.3}}, label: 'Select PumpSync.'
    }

    t =    35.95s Find the Any (Descendant with identity binding to AX element pid: 76136, elementOrHash.elementID: 4437920832.212)
    t =    35.99s Requesting snapshot of accessibility hierarchy for app with pid 76136
    t =    36.04s Find: Descendant with identity binding to AX element pid: 76136, elementOrHash.elementID: 4437920832.212
    t =    36.16s Requesting snapshot of accessibility hierarchy for app with pid 76136
    t =    36.21s Find: Descendant with identity binding to AX element pid: 76136, elementOrHash.elementID: 4437920832.212
    t =    36.22s Requesting snapshot of accessibility hierarchy for app with pid 76136
AUDIT_ISSUE light-health | 1 | Contrast nearly passed | Contrast is not high enough for SwiftUI.AccessibilityNode unless font size is larger. | Attributes: StaticText, 0x107450000, {{43.0, 663.3}, {10.0, 18.0}}, label: '4'
Element subtree:
 →StaticText, 0x107450000, {{43.0, 663.3}, {10.0, 18.0}}, label: '4'
Path to element:
 →Application, 0x11c538000, pid: 76136, label: 'PumpSync'
  ↳Window (Main), 0x11c538140, {{0.0, 0.0}, {402.0, 874.0}}
   ↳Other, 0x11c538280, {{0.0, 0.0}, {402.0, 874.0}}
    ↳Other, 0x11c5383c0, {{0.0, 0.0}, {402.0, 874.0}}
     ↳Other, 0x11c538500, {{0.0, 0.0}, {402.0, 874.0}}
      ↳Other, 0x11c538640, {{0.0, 0.0}, {402.0, 874.0}}
       ↳Other, 0x11c538780, {{0.0, 0.0}, {402.0, 874.0}}
        ↳Other, 0x11c5388c0, {{0.0, 0.0}, {402.0, 874.0}}
         ↳Other, 0x11c538a00, {{0.0, 0.0}, {402.0, 874.0}}
          ↳Other, 0x11c538b40, {{0.0, 0.0}, {402.0, 874.0}}
           ↳Other, 0x11c538c80, {{0.0, 0.0}, {402.0, 874.0}}
            ↳Other, 0x11c538dc0, {{0.0, 0.0}, {402.0, 874.0}}
             ↳Other, 0x11c538f00, {{0.0, 0.0}, {402.0, 874.0}}
              ↳Other, 0x11c539400, {{0.0, 0.0}, {402.0, 874.0}}
               ↳Other, 0x11c539540, {{0.0, 0.0}, {402.0, 874.0}}
                ↳Other, 0x11c539680, {{0.0, 0.0}, {402.0, 874.0}}
                 ↳Other, 0x11c5397c0, {{0.0, 0.0}, {402.0, 874.0}}
                  ↳ScrollView, 0x11c539900, {{0.0, 0.0}, {402.0, 874.0}}
                   ↳Other, 0x11c53a800, {{0.0, 168.0}, {402.0, 667.7}}
                    ↳StaticText, 0x107450000, {{43.0, 663.3}, {10.0, 18.0}}, label: '4'
Query chain:
 →Find: Target Application 'dev.ericslutz.PumpSync'
  Output: {
    Application, 0x114ba3c00, pid: 76136, label: 'PumpSync'
  }
  ↪︎Find: Descendant with identity binding to AX element pid: 76136, elementOrHash.elementID: 4437920832.212
    Output: {
      StaticText, 0x114ba1180, {{43.0, 663.3}, {10.0, 18.0}}, label: '4'
    }

    t =    36.27s Find the Any (Descendant with identity binding to AX element pid: 76136, elementOrHash.elementID: 4437919936.213)
    t =    36.31s Requesting snapshot of accessibility hierarchy for app with pid 76136
    t =    36.35s Find: Descendant with identity binding to AX element pid: 76136, elementOrHash.elementID: 4437919936.213
    t =    36.49s Requesting snapshot of accessibility hierarchy for app with pid 76136
    t =    36.54s Find: Descendant with identity binding to AX element pid: 76136, elementOrHash.elementID: 4437919936.213
    t =    36.54s Requesting snapshot of accessibility hierarchy for app with pid 76136
AUDIT_ISSUE light-health | 1 | Contrast nearly passed | Contrast is not high enough for SwiftUI.AccessibilityNode unless font size is larger. | Attributes: StaticText, 0x107450140, {{70.0, 661.3}, {190.3, 42.3}}, label: 'Turn Insulin Delivery and Carbohydrates on or off.'
Element subtree:
 →StaticText, 0x107450140, {{70.0, 661.3}, {190.3, 42.3}}, label: 'Turn Insulin Delivery and Carbohydrates on or off.'
Path to element:
 →Application, 0x11c538000, pid: 76136, label: 'PumpSync'
  ↳Window (Main), 0x11c538140, {{0.0, 0.0}, {402.0, 874.0}}
   ↳Other, 0x11c538280, {{0.0, 0.0}, {402.0, 874.0}}
    ↳Other, 0x11c5383c0, {{0.0, 0.0}, {402.0, 874.0}}
     ↳Other, 0x11c538500, {{0.0, 0.0}, {402.0, 874.0}}
      ↳Other, 0x11c538640, {{0.0, 0.0}, {402.0, 874.0}}
       ↳Other, 0x11c538780, {{0.0, 0.0}, {402.0, 874.0}}
        ↳Other, 0x11c5388c0, {{0.0, 0.0}, {402.0, 874.0}}
         ↳Other, 0x11c538a00, {{0.0, 0.0}, {402.0, 874.0}}
          ↳Other, 0x11c538b40, {{0.0, 0.0}, {402.0, 874.0}}
           ↳Other, 0x11c538c80, {{0.0, 0.0}, {402.0, 874.0}}
            ↳Other, 0x11c538dc0, {{0.0, 0.0}, {402.0, 874.0}}
             ↳Other, 0x11c538f00, {{0.0, 0.0}, {402.0, 874.0}}
              ↳Other, 0x11c539400, {{0.0, 0.0}, {402.0, 874.0}}
               ↳Other, 0x11c539540, {{0.0, 0.0}, {402.0, 874.0}}
                ↳Other, 0x11c539680, {{0.0, 0.0}, {402.0, 874.0}}
                 ↳Other, 0x11c5397c0, {{0.0, 0.0}, {402.0, 874.0}}
                  ↳ScrollView, 0x11c539900, {{0.0, 0.0}, {402.0, 874.0}}
                   ↳Other, 0x11c53a800, {{0.0, 168.0}, {402.0, 667.7}}
                    ↳StaticText, 0x107450140, {{70.0, 661.3}, {190.3, 42.3}}, label: 'Turn Insulin Delivery and Carbohydrates on or off.'
Query chain:
 →Find: Target Application 'dev.ericslutz.PumpSync'
  Output: {
    Application, 0x114ba3c00, pid: 76136, label: 'PumpSync'
  }
  ↪︎Find: Descendant with identity binding to AX element pid: 76136, elementOrHash.elementID: 4437919936.213
    Output: {
      StaticText, 0x114ba12c0, {{70.0, 661.3}, {190.3, 42.3}}, label: 'Turn Insulin Delivery and Carbohydrates on or off.'
    }

    t =    36.60s Find the Any (Descendant with identity binding to AX element pid: 76136, elementOrHash.elementID: 4437816896.219)
    t =    36.64s Requesting snapshot of accessibility hierarchy for app with pid 76136
    t =    36.69s Find: Descendant with identity binding to AX element pid: 76136, elementOrHash.elementID: 4437816896.219
    t =    36.81s Requesting snapshot of accessibility hierarchy for app with pid 76136
    t =    36.85s Find: Descendant with identity binding to AX element pid: 76136, elementOrHash.elementID: 4437816896.219
    t =    36.85s Requesting snapshot of accessibility hierarchy for app with pid 76136
AUDIT_ISSUE light-health | 1 | Contrast nearly passed | Contrast is not high enough for SwiftUI.AccessibilityNode unless font size is larger. | Attributes: StaticText, 0x11c53b0c0, {{80.0, 337.0}, {50.0, 18.0}}, label: 'Not set'
Element subtree:
 →StaticText, 0x11c53b0c0, {{80.0, 337.0}, {50.0, 18.0}}, label: 'Not set'
Path to element:
 →Application, 0x11c538140, pid: 76136, label: 'PumpSync'
  ↳Window (Main), 0x11c538280, {{0.0, 0.0}, {402.0, 874.0}}
   ↳Other, 0x11c5383c0, {{0.0, 0.0}, {402.0, 874.0}}
    ↳Other, 0x11c538500, {{0.0, 0.0}, {402.0, 874.0}}
     ↳Other, 0x11c538640, {{0.0, 0.0}, {402.0, 874.0}}
      ↳Other, 0x11c538780, {{0.0, 0.0}, {402.0, 874.0}}
       ↳Other, 0x11c5388c0, {{0.0, 0.0}, {402.0, 874.0}}
        ↳Other, 0x11c538a00, {{0.0, 0.0}, {402.0, 874.0}}
         ↳Other, 0x11c538b40, {{0.0, 0.0}, {402.0, 874.0}}
          ↳Other, 0x11c538c80, {{0.0, 0.0}, {402.0, 874.0}}
           ↳Other, 0x11c538dc0, {{0.0, 0.0}, {402.0, 874.0}}
            ↳Other, 0x11c538f00, {{0.0, 0.0}, {402.0, 874.0}}
             ↳Other, 0x11c539040, {{0.0, 0.0}, {402.0, 874.0}}
              ↳Other, 0x11c539540, {{0.0, 0.0}, {402.0, 874.0}}
               ↳Other, 0x11c539680, {{0.0, 0.0}, {402.0, 874.0}}
                ↳Other, 0x11c5397c0, {{0.0, 0.0}, {402.0, 874.0}}
                 ↳Other, 0x11c539900, {{0.0, 0.0}, {402.0, 874.0}}
                  ↳ScrollView, 0x11c539a40, {{0.0, 0.0}, {402.0, 874.0}}
                   ↳Other, 0x11c53a940, {{0.0, 168.0}, {402.0, 667.7}}
                    ↳Other, 0x11c53ad00, {{40.7, 314.7}, {152.0, 40.3}}, label: 'Insulin delivery', value: Not set
                     ↳StaticText, 0x11c53b0c0, {{80.0, 337.0}, {50.0, 18.0}}, label: 'Not set'
Query chain:
 →Find: Target Application 'dev.ericslutz.PumpSync'
  Output: {
    Application, 0x114ba3c00, pid: 76136, label: 'PumpSync'
  }
  ↪︎Find: Descendant with identity binding to AX element pid: 76136, elementOrHash.elementID: 4437816896.219
    Output: {
      StaticText, 0x114ba0140, {{80.0, 337.0}, {50.0, 18.0}}, label: 'Not set'
    }

    t =    36.91s Find the Any (Descendant with identity binding to AX element pid: 76136, elementOrHash.elementID: 4437836224.222)
    t =    36.95s Requesting snapshot of accessibility hierarchy for app with pid 76136
    t =    36.99s Find: Descendant with identity binding to AX element pid: 76136, elementOrHash.elementID: 4437836224.222
    t =    37.13s Requesting snapshot of accessibility hierarchy for app with pid 76136
    t =    37.18s Find: Descendant with identity binding to AX element pid: 76136, elementOrHash.elementID: 4437836224.222
    t =    37.18s Requesting snapshot of accessibility hierarchy for app with pid 76136
AUDIT_ISSUE light-health | 1 | Contrast nearly passed | Contrast is not high enough for SwiftUI.AccessibilityNode unless font size is larger. | Attributes: StaticText, 0x11c53b5c0, {{80.0, 389.7}, {50.0, 18.0}}, label: 'Not set'
Element subtree:
 →StaticText, 0x11c53b5c0, {{80.0, 389.7}, {50.0, 18.0}}, label: 'Not set'
Path to element:
 →Application, 0x11c538140, pid: 76136, label: 'PumpSync'
  ↳Window (Main), 0x11c538280, {{0.0, 0.0}, {402.0, 874.0}}
   ↳Other, 0x11c5383c0, {{0.0, 0.0}, {402.0, 874.0}}
    ↳Other, 0x11c538500, {{0.0, 0.0}, {402.0, 874.0}}
     ↳Other, 0x11c538640, {{0.0, 0.0}, {402.0, 874.0}}
      ↳Other, 0x11c538780, {{0.0, 0.0}, {402.0, 874.0}}
       ↳Other, 0x11c5388c0, {{0.0, 0.0}, {402.0, 874.0}}
        ↳Other, 0x11c538a00, {{0.0, 0.0}, {402.0, 874.0}}
         ↳Other, 0x11c538b40, {{0.0, 0.0}, {402.0, 874.0}}
          ↳Other, 0x11c538c80, {{0.0, 0.0}, {402.0, 874.0}}
           ↳Other, 0x11c538dc0, {{0.0, 0.0}, {402.0, 874.0}}
            ↳Other, 0x11c538f00, {{0.0, 0.0}, {402.0, 874.0}}
             ↳Other, 0x11c539040, {{0.0, 0.0}, {402.0, 874.0}}
              ↳Other, 0x11c539540, {{0.0, 0.0}, {402.0, 874.0}}
               ↳Other, 0x11c539680, {{0.0, 0.0}, {402.0, 874.0}}
                ↳Other, 0x11c5397c0, {{0.0, 0.0}, {402.0, 874.0}}
                 ↳Other, 0x11c539900, {{0.0, 0.0}, {402.0, 874.0}}
                  ↳ScrollView, 0x11c539a40, {{0.0, 0.0}, {402.0, 874.0}}
                   ↳Other, 0x11c53a940, {{0.0, 168.0}, {402.0, 667.7}}
                    ↳Other, 0x11c53b200, {{45.3, 367.3}, {147.3, 40.3}}, label: 'Carbohydrates', value: Not set
                     ↳StaticText, 0x11c53b5c0, {{80.0, 389.7}, {50.0, 18.0}}, label: 'Not set'
Query chain:
 →Find: Target Application 'dev.ericslutz.PumpSync'
  Output: {
    Application, 0x114ba3c00, pid: 76136, label: 'PumpSync'
  }
  ↪︎Find: Descendant with identity binding to AX element pid: 76136, elementOrHash.elementID: 4437836224.222
    Output: {
      StaticText, 0x114ba0640, {{80.0, 389.7}, {50.0, 18.0}}, label: 'Not set'
    }

    t =    37.24s Tap Button (First Match)
    t =    37.24s     Wait for dev.ericslutz.PumpSync to idle
    t =    37.25s     Find the Button (First Match)
    t =    37.28s     Check for interrupting elements affecting "BackButton" Button
    t =    37.32s     Synthesize event
    t =    37.62s     Wait for dev.ericslutz.PumpSync to idle
    t =    38.06s Find the "InsulinConcentrationLink" Button
    t =    38.13s Find the "InsulinConcentrationLink" Button
    t =    38.19s Tap "InsulinConcentrationLink" Button
    t =    38.19s     Wait for dev.ericslutz.PumpSync to idle
    t =    38.20s     Find the "InsulinConcentrationLink" Button
    t =    38.25s     Check for interrupting elements affecting "InsulinConcentrationLink" Button
    t =    38.29s     Synthesize event
    t =    38.60s     Wait for dev.ericslutz.PumpSync to idle
    t =    39.43s Find the Target Application 'dev.ericslutz.PumpSync'
    t =    39.59s Added attachment named 'light-concentration.png'
    t =    39.59s Requesting snapshot of accessibility hierarchy for app with pid 76136
    t =    39.90s Requesting snapshot of accessibility hierarchy for app with pid 76136
    t =    39.96s Added attachment named 'light-concentration-tree.txt'
    t =    42.10s Find the Any (Descendant with identity binding to AX element pid: 76136, elementOrHash.elementID: 4437840256.242)
    t =    42.14s Requesting snapshot of accessibility hierarchy for app with pid 76136
    t =    42.19s Find: Descendant with identity binding to AX element pid: 76136, elementOrHash.elementID: 4437840256.242
    t =    42.32s Requesting snapshot of accessibility hierarchy for app with pid 76136
    t =    42.37s Find: Descendant with identity binding to AX element pid: 76136, elementOrHash.elementID: 4437840256.242
    t =    42.37s Requesting snapshot of accessibility hierarchy for app with pid 76136
AUDIT_ISSUE light-concentration | 1 | Contrast nearly passed | Contrast is not high enough for SwiftUI.AccessibilityNode unless font size is larger. | Attributes: StaticText, 0x107452e40, {{24.0, 180.0}, {122.7, 20.3}}, label: 'Current Setting'
Element subtree:
 →StaticText, 0x107452e40, {{24.0, 180.0}, {122.7, 20.3}}, label: 'Current Setting'
Path to element:
 →Application, 0x107450500, pid: 76136, label: 'PumpSync'
  ↳Window (Main), 0x107450640, {{0.0, 0.0}, {402.0, 874.0}}
   ↳Other, 0x107450780, {{0.0, 0.0}, {402.0, 874.0}}
    ↳Other, 0x1074508c0, {{0.0, 0.0}, {402.0, 874.0}}
     ↳Other, 0x107450a00, {{0.0, 0.0}, {402.0, 874.0}}
      ↳Other, 0x107450b40, {{0.0, 0.0}, {402.0, 874.0}}
       ↳Other, 0x107450c80, {{0.0, 0.0}, {402.0, 874.0}}
        ↳Other, 0x107450dc0, {{0.0, 0.0}, {402.0, 874.0}}
         ↳Other, 0x107450f00, {{0.0, 0.0}, {402.0, 874.0}}
          ↳Other, 0x107451040, {{0.0, 0.0}, {402.0, 874.0}}
           ↳Other, 0x107451180, {{0.0, 0.0}, {402.0, 874.0}}
            ↳Other, 0x1074512c0, {{0.0, 0.0}, {402.0, 874.0}}
             ↳Other, 0x107451400, {{0.0, 0.0}, {402.0, 874.0}}
              ↳Other, 0x107451900, {{0.0, 0.0}, {402.0, 874.0}}
               ↳Other, 0x107451a40, {{0.0, 0.0}, {402.0, 874.0}}
                ↳Other, 0x107451b80, {{0.0, 0.0}, {402.0, 874.0}}
                 ↳Other, 0x107451cc0, {{0.0, 0.0}, {402.0, 874.0}}
                  ↳ScrollView, 0x107451e00, {{0.0, 0.0}, {402.0, 874.0}}
                   ↳Other, 0x107452d00, {{0.0, 168.0}, {402.0, 755.0}}
                    ↳StaticText, 0x107452e40, {{24.0, 180.0}, {122.7, 20.3}}, label: 'Current Setting'
Query chain:
 →Find: Target Application 'dev.ericslutz.PumpSync'
  Output: {
    Application, 0x11f9acb40, pid: 76136, label: 'PumpSync'
  }
  ↪︎Find: Descendant with identity binding to AX element pid: 76136, elementOrHash.elementID: 4437840256.242
    Output: {
      StaticText, 0x114ba0500, {{24.0, 180.0}, {122.7, 20.3}}, label: 'Current Setting'
    }

    t =    42.43s Find the Any (Descendant with identity binding to AX element pid: 76136, elementOrHash.elementID: 4437844288.244)
    t =    42.47s Requesting snapshot of accessibility hierarchy for app with pid 76136
    t =    42.52s Find: Descendant with identity binding to AX element pid: 76136, elementOrHash.elementID: 4437844288.244
    t =    42.66s Requesting snapshot of accessibility hierarchy for app with pid 76136
    t =    42.71s Find: Descendant with identity binding to AX element pid: 76136, elementOrHash.elementID: 4437844288.244
    t =    42.72s Requesting snapshot of accessibility hierarchy for app with pid 76136
AUDIT_ISSUE light-concentration | 1 | Contrast nearly passed | Contrast is not high enough for SwiftUI.AccessibilityNode unless font size is larger. | Attributes: StaticText, 0x107453700, {{24.0, 292.3}, {55.0, 20.3}}, label: 'Details'
Element subtree:
 →StaticText, 0x107453700, {{24.0, 292.3}, {55.0, 20.3}}, label: 'Details'
Path to element:
 →Application, 0x107450500, pid: 76136, label: 'PumpSync'
  ↳Window (Main), 0x107450640, {{0.0, 0.0}, {402.0, 874.0}}
   ↳Other, 0x107450780, {{0.0, 0.0}, {402.0, 874.0}}
    ↳Other, 0x1074508c0, {{0.0, 0.0}, {402.0, 874.0}}
     ↳Other, 0x107450a00, {{0.0, 0.0}, {402.0, 874.0}}
      ↳Other, 0x107450b40, {{0.0, 0.0}, {402.0, 874.0}}
       ↳Other, 0x107450c80, {{0.0, 0.0}, {402.0, 874.0}}
        ↳Other, 0x107450dc0, {{0.0, 0.0}, {402.0, 874.0}}
         ↳Other, 0x107450f00, {{0.0, 0.0}, {402.0, 874.0}}
          ↳Other, 0x107451040, {{0.0, 0.0}, {402.0, 874.0}}
           ↳Other, 0x107451180, {{0.0, 0.0}, {402.0, 874.0}}
            ↳Other, 0x1074512c0, {{0.0, 0.0}, {402.0, 874.0}}
             ↳Other, 0x107451400, {{0.0, 0.0}, {402.0, 874.0}}
              ↳Other, 0x107451900, {{0.0, 0.0}, {402.0, 874.0}}
               ↳Other, 0x107451a40, {{0.0, 0.0}, {402.0, 874.0}}
                ↳Other, 0x107451b80, {{0.0, 0.0}, {402.0, 874.0}}
                 ↳Other, 0x107451cc0, {{0.0, 0.0}, {402.0, 874.0}}
                  ↳ScrollView, 0x107451e00, {{0.0, 0.0}, {402.0, 874.0}}
                   ↳Other, 0x107452d00, {{0.0, 168.0}, {402.0, 755.0}}
                    ↳StaticText, 0x107453700, {{24.0, 292.3}, {55.0, 20.3}}, label: 'Details'
Query chain:
 →Find: Target Application 'dev.ericslutz.PumpSync'
  Output: {
    Application, 0x11f9acb40, pid: 76136, label: 'PumpSync'
  }
  ↪︎Find: Descendant with identity binding to AX element pid: 76136, elementOrHash.elementID: 4437844288.244
    Output: {
      StaticText, 0x114ba0dc0, {{24.0, 292.3}, {55.0, 20.3}}, label: 'Details'
    }

    t =    42.78s Find the Any (Descendant with identity binding to AX element pid: 76136, elementOrHash.elementID: 4437850112.255)
    t =    42.82s Requesting snapshot of accessibility hierarchy for app with pid 76136
    t =    42.87s Find: Descendant with identity binding to AX element pid: 76136, elementOrHash.elementID: 4437850112.255
    t =    43.02s Requesting snapshot of accessibility hierarchy for app with pid 76136
    t =    43.07s Find: Descendant with identity binding to AX element pid: 76136, elementOrHash.elementID: 4437850112.255
    t =    43.08s Requesting snapshot of accessibility hierarchy for app with pid 76136
AUDIT_ISSUE light-concentration | 1 | Contrast nearly passed | Contrast is not high enough for SwiftUI.AccessibilityNode unless font size is larger. | Attributes: StaticText, 0x107453d40, {{80.0, 363.0}, {257.0, 98.0}}, label: 'Most rapid-acting insulin is U-100. Some people use more concentrated insulin, such as U-200 or U-500, where each pump-reported unit represents more insulin.'
Element subtree:
 →StaticText, 0x107453d40, {{80.0, 363.0}, {257.0, 98.0}}, label: 'Most rapid-acting insulin is U-100. Some people use more concentrated insulin, such as U-200 or U-500, where each pump-reported unit represents more insulin.'
Path to element:
 →Application, 0x107450640, pid: 76136, label: 'PumpSync'
  ↳Window (Main), 0x107450780, {{0.0, 0.0}, {402.0, 874.0}}
   ↳Other, 0x1074508c0, {{0.0, 0.0}, {402.0, 874.0}}
    ↳Other, 0x107450a00, {{0.0, 0.0}, {402.0, 874.0}}
     ↳Other, 0x107450b40, {{0.0, 0.0}, {402.0, 874.0}}
      ↳Other, 0x107450c80, {{0.0, 0.0}, {402.0, 874.0}}
       ↳Other, 0x107450dc0, {{0.0, 0.0}, {402.0, 874.0}}
        ↳Other, 0x107450f00, {{0.0, 0.0}, {402.0, 874.0}}
         ↳Other, 0x107451040, {{0.0, 0.0}, {402.0, 874.0}}
          ↳Other, 0x107451180, {{0.0, 0.0}, {402.0, 874.0}}
           ↳Other, 0x1074512c0, {{0.0, 0.0}, {402.0, 874.0}}
            ↳Other, 0x107451400, {{0.0, 0.0}, {402.0, 874.0}}
             ↳Other, 0x107451540, {{0.0, 0.0}, {402.0, 874.0}}
              ↳Other, 0x107451a40, {{0.0, 0.0}, {402.0, 874.0}}
               ↳Other, 0x107451b80, {{0.0, 0.0}, {402.0, 874.0}}
                ↳Other, 0x107451cc0, {{0.0, 0.0}, {402.0, 874.0}}
                 ↳Other, 0x107451e00, {{0.0, 0.0}, {402.0, 874.0}}
                  ↳ScrollView, 0x107451f40, {{0.0, 0.0}, {402.0, 874.0}}
                   ↳Other, 0x107452e40, {{0.0, 168.0}, {402.0, 755.0}}
                    ↳Other, 0x107453980, {{45.3, 338.7}, {291.7, 122.3}}, label: 'Match your insulin', value: Most rapid-acting ...
                     ↳StaticText, 0x107453d40, {{80.0, 363.0}, {257.0, 98.0}}, label: 'Most rapid-acting insulin is U-100. Some people use more concentrated insulin, such as U-200 or U-500, where each pump-reported unit represents more insulin.'
Query chain:
 →Find: Target Application 'dev.ericslutz.PumpSync'
  Output: {
    Application, 0x11f9acb40, pid: 76136, label: 'PumpSync'
  }
  ↪︎Find: Descendant with identity binding to AX element pid: 76136, elementOrHash.elementID: 4437850112.255
    Output: {
      StaticText, 0x114ba12c0, {{80.0, 363.0}, {257.0, 98.0}}, label: 'Most rapid-acting insulin is U-100. Some people use more concentrated insulin, such as U-200 or U-500, where each pump-reported unit represents more insulin.'
    }

    t =    43.13s Find the Any (Descendant with identity binding to AX element pid: 76136, elementOrHash.elementID: 4437839808.258)
    t =    43.17s Requesting snapshot of accessibility hierarchy for app with pid 76136
    t =    43.21s Find: Descendant with identity binding to AX element pid: 76136, elementOrHash.elementID: 4437839808.258
    t =    43.33s Requesting snapshot of accessibility hierarchy for app with pid 76136
    t =    43.39s Find: Descendant with identity binding to AX element pid: 76136, elementOrHash.elementID: 4437839808.258
    t =    43.39s Requesting snapshot of accessibility hierarchy for app with pid 76136
AUDIT_ISSUE light-concentration | 1 | Contrast nearly passed | Contrast is not high enough for SwiftUI.AccessibilityNode unless font size is larger. | Attributes: StaticText, 0x11c53c280, {{80.0, 497.7}, {268.7, 98.0}}, label: 'This changes how PumpSync converts pump-reported insulin amounts before saving them to Apple Health. It does not change your pump data, pump account, or pump settings.'
Element subtree:
 →StaticText, 0x11c53c280, {{80.0, 497.7}, {268.7, 98.0}}, label: 'This changes how PumpSync converts pump-reported insulin amounts before saving them to Apple Health. It does not change your pump data, pump account, or pump settings.'
Path to element:
 →Application, 0x107450640, pid: 76136, label: 'PumpSync'
  ↳Window (Main), 0x107450780, {{0.0, 0.0}, {402.0, 874.0}}
   ↳Other, 0x1074508c0, {{0.0, 0.0}, {402.0, 874.0}}
    ↳Other, 0x107450a00, {{0.0, 0.0}, {402.0, 874.0}}
     ↳Other, 0x107450b40, {{0.0, 0.0}, {402.0, 874.0}}
      ↳Other, 0x107450c80, {{0.0, 0.0}, {402.0, 874.0}}
       ↳Other, 0x107450dc0, {{0.0, 0.0}, {402.0, 874.0}}
        ↳Other, 0x107450f00, {{0.0, 0.0}, {402.0, 874.0}}
         ↳Other, 0x107451040, {{0.0, 0.0}, {402.0, 874.0}}
          ↳Other, 0x107451180, {{0.0, 0.0}, {402.0, 874.0}}
           ↳Other, 0x1074512c0, {{0.0, 0.0}, {402.0, 874.0}}
            ↳Other, 0x107451400, {{0.0, 0.0}, {402.0, 874.0}}
             ↳Other, 0x107451540, {{0.0, 0.0}, {402.0, 874.0}}
              ↳Other, 0x107451a40, {{0.0, 0.0}, {402.0, 874.0}}
               ↳Other, 0x107451b80, {{0.0, 0.0}, {402.0, 874.0}}
                ↳Other, 0x107451cc0, {{0.0, 0.0}, {402.0, 874.0}}
                 ↳Other, 0x107451e00, {{0.0, 0.0}, {402.0, 874.0}}
                  ↳ScrollView, 0x107451f40, {{0.0, 0.0}, {402.0, 874.0}}
                   ↳Other, 0x107452e40, {{0.0, 168.0}, {402.0, 755.0}}
                    ↳Other, 0x107453e80, {{39.7, 473.3}, {309.0, 122.3}}, label: 'Conversion only', value: This changes how P...
                     ↳StaticText, 0x11c53c280, {{80.0, 497.7}, {268.7, 98.0}}, label: 'This changes how PumpSync converts pump-reported insulin amounts before saving them to Apple Health. It does not change your pump data, pump account, or pump settings.'
Query chain:
 →Find: Target Application 'dev.ericslutz.PumpSync'
  Output: {
    Application, 0x11f9acb40, pid: 76136, label: 'PumpSync'
  }
  ↪︎Find: Descendant with identity binding to AX element pid: 76136, elementOrHash.elementID: 4437839808.258
    Output: {
      StaticText, 0x114ba17c0, {{80.0, 497.7}, {268.7, 98.0}}, label: 'This changes how PumpSync converts pump-reported insulin amounts before saving them to Apple Health. It does not change your pump data, pump account, or pump settings.'
    }

    t =    43.46s Find the Any (Descendant with identity binding to AX element pid: 76136, elementOrHash.elementID: 4437838464.261)
    t =    43.49s Requesting snapshot of accessibility hierarchy for app with pid 76136
    t =    43.54s Find: Descendant with identity binding to AX element pid: 76136, elementOrHash.elementID: 4437838464.261
    t =    43.65s Requesting snapshot of accessibility hierarchy for app with pid 76136
    t =    43.70s Find: Descendant with identity binding to AX element pid: 76136, elementOrHash.elementID: 4437838464.261
    t =    43.70s Requesting snapshot of accessibility hierarchy for app with pid 76136
AUDIT_ISSUE light-concentration | 1 | Contrast nearly passed | Contrast is not high enough for SwiftUI.AccessibilityNode unless font size is larger. | Attributes: StaticText, 0x11c53c780, {{80.0, 632.3}, {267.3, 58.0}}, label: 'PumpSync uses this setting only when writing insulin delivery data to Apple Health.'
Element subtree:
 →StaticText, 0x11c53c780, {{80.0, 632.3}, {267.3, 58.0}}, label: 'PumpSync uses this setting only when writing insulin delivery data to Apple Health.'
Path to element:
 →Application, 0x107450640, pid: 76136, label: 'PumpSync'
  ↳Window (Main), 0x107450780, {{0.0, 0.0}, {402.0, 874.0}}
   ↳Other, 0x1074508c0, {{0.0, 0.0}, {402.0, 874.0}}
    ↳Other, 0x107450a00, {{0.0, 0.0}, {402.0, 874.0}}
     ↳Other, 0x107450b40, {{0.0, 0.0}, {402.0, 874.0}}
      ↳Other, 0x107450c80, {{0.0, 0.0}, {402.0, 874.0}}
       ↳Other, 0x107450dc0, {{0.0, 0.0}, {402.0, 874.0}}
        ↳Other, 0x107450f00, {{0.0, 0.0}, {402.0, 874.0}}
         ↳Other, 0x107451040, {{0.0, 0.0}, {402.0, 874.0}}
          ↳Other, 0x107451180, {{0.0, 0.0}, {402.0, 874.0}}
           ↳Other, 0x1074512c0, {{0.0, 0.0}, {402.0, 874.0}}
            ↳Other, 0x107451400, {{0.0, 0.0}, {402.0, 874.0}}
             ↳Other, 0x107451540, {{0.0, 0.0}, {402.0, 874.0}}
              ↳Other, 0x107451a40, {{0.0, 0.0}, {402.0, 874.0}}
               ↳Other, 0x107451b80, {{0.0, 0.0}, {402.0, 874.0}}
                ↳Other, 0x107451cc0, {{0.0, 0.0}, {402.0, 874.0}}
                 ↳Other, 0x107451e00, {{0.0, 0.0}, {402.0, 874.0}}
                  ↳ScrollView, 0x107451f40, {{0.0, 0.0}, {402.0, 874.0}}
                   ↳Other, 0x107452e40, {{0.0, 168.0}, {402.0, 755.0}}
                    ↳Other, 0x11c53c3c0, {{42.3, 608.0}, {305.0, 82.3}}, label: 'Apple Health only', value: PumpSync uses this...
                     ↳StaticText, 0x11c53c780, {{80.0, 632.3}, {267.3, 58.0}}, label: 'PumpSync uses this setting only when writing insulin delivery data to Apple Health.'
Query chain:
 →Find: Target Application 'dev.ericslutz.PumpSync'
  Output: {
    Application, 0x11f9acb40, pid: 76136, label: 'PumpSync'
  }
  ↪︎Find: Descendant with identity binding to AX element pid: 76136, elementOrHash.elementID: 4437838464.261
    Output: {
      StaticText, 0x114ba1cc0, {{80.0, 632.3}, {267.3, 58.0}}, label: 'PumpSync uses this setting only when writing insulin delivery data to Apple Health.'
    }

    t =    43.77s Find the Any (Descendant with identity binding to AX element pid: 76136, elementOrHash.elementID: 4437840704.264)
    t =    43.80s Requesting snapshot of accessibility hierarchy for app with pid 76136
    t =    43.85s Find: Descendant with identity binding to AX element pid: 76136, elementOrHash.elementID: 4437840704.264
    t =    44.00s Requesting snapshot of accessibility hierarchy for app with pid 76136
    t =    44.05s Find: Descendant with identity binding to AX element pid: 76136, elementOrHash.elementID: 4437840704.264
    t =    44.06s Requesting snapshot of accessibility hierarchy for app with pid 76136
AUDIT_ISSUE light-concentration | 1 | Contrast failed | Contrast failed for SwiftUI.AccessibilityNode | Attributes: StaticText, 0x11c53cc80, {{80.0, 727.0}, {261.3, 58.0}}, label: 'Leave this set to U-100 until you confirm with your insulin prescription, pump settings, or care team.'
Element subtree:
 →StaticText, 0x11c53cc80, {{80.0, 727.0}, {261.3, 58.0}}, label: 'Leave this set to U-100 until you confirm with your insulin prescription, pump settings, or care team.'
Path to element:
 →Application, 0x107450640, pid: 76136, label: 'PumpSync'
  ↳Window (Main), 0x107450780, {{0.0, 0.0}, {402.0, 874.0}}
   ↳Other, 0x1074508c0, {{0.0, 0.0}, {402.0, 874.0}}
    ↳Other, 0x107450a00, {{0.0, 0.0}, {402.0, 874.0}}
     ↳Other, 0x107450b40, {{0.0, 0.0}, {402.0, 874.0}}
      ↳Other, 0x107450c80, {{0.0, 0.0}, {402.0, 874.0}}
       ↳Other, 0x107450dc0, {{0.0, 0.0}, {402.0, 874.0}}
        ↳Other, 0x107450f00, {{0.0, 0.0}, {402.0, 874.0}}
         ↳Other, 0x107451040, {{0.0, 0.0}, {402.0, 874.0}}
          ↳Other, 0x107451180, {{0.0, 0.0}, {402.0, 874.0}}
           ↳Other, 0x1074512c0, {{0.0, 0.0}, {402.0, 874.0}}
            ↳Other, 0x107451400, {{0.0, 0.0}, {402.0, 874.0}}
             ↳Other, 0x107451540, {{0.0, 0.0}, {402.0, 874.0}}
              ↳Other, 0x107451a40, {{0.0, 0.0}, {402.0, 874.0}}
               ↳Other, 0x107451b80, {{0.0, 0.0}, {402.0, 874.0}}
                ↳Other, 0x107451cc0, {{0.0, 0.0}, {402.0, 874.0}}
                 ↳Other, 0x107451e00, {{0.0, 0.0}, {402.0, 874.0}}
                  ↳ScrollView, 0x107451f40, {{0.0, 0.0}, {402.0, 874.0}}
                   ↳Other, 0x107452e40, {{0.0, 168.0}, {402.0, 755.0}}
                    ↳Other, 0x11c53c8c0, {{41.7, 702.7}, {299.7, 82.3}}, label: 'Not sure?', value: Leave this set to ...
                     ↳StaticText, 0x11c53cc80, {{80.0, 727.0}, {261.3, 58.0}}, label: 'Leave this set to U-100 until you confirm with your insulin prescription, pump settings, or care team.'
Query chain:
 →Find: Target Application 'dev.ericslutz.PumpSync'
  Output: {
    Application, 0x11f9acb40, pid: 76136, label: 'PumpSync'
  }
  ↪︎Find: Descendant with identity binding to AX element pid: 76136, elementOrHash.elementID: 4437840704.264
    Output: {
      StaticText, 0x114ba21c0, {{80.0, 727.0}, {261.3, 58.0}}, label: 'Leave this set to U-100 until you confirm with your insulin prescription, pump settings, or care team.'
    }

    t =    44.12s Find the Any (Descendant with identity binding to AX element pid: 76136, elementOrHash.elementID: 4437845632.271)
    t =    44.15s Requesting snapshot of accessibility hierarchy for app with pid 76136
    t =    44.20s Find: Descendant with identity binding to AX element pid: 76136, elementOrHash.elementID: 4437845632.271
    t =    44.35s Requesting snapshot of accessibility hierarchy for app with pid 76136
    t =    44.39s Find: Descendant with identity binding to AX element pid: 76136, elementOrHash.elementID: 4437845632.271
    t =    44.40s Requesting snapshot of accessibility hierarchy for app with pid 76136
AUDIT_ISSUE light-concentration | 1 | Contrast nearly passed | Contrast is not high enough for SwiftUI.AccessibilityNode unless font size is larger. | Attributes: StaticText, 0x107453700, {{80.0, 244.5}, {43.0, 18.0}}, label: 'U-100'
Element subtree:
 →StaticText, 0x107453700, {{80.0, 244.5}, {43.0, 18.0}}, label: 'U-100'
Path to element:
 →Application, 0x107450780, pid: 76136, label: 'PumpSync'
  ↳Window (Main), 0x1074508c0, {{0.0, 0.0}, {402.0, 874.0}}
   ↳Other, 0x107450a00, {{0.0, 0.0}, {402.0, 874.0}}
    ↳Other, 0x107450b40, {{0.0, 0.0}, {402.0, 874.0}}
     ↳Other, 0x107450c80, {{0.0, 0.0}, {402.0, 874.0}}
      ↳Other, 0x107450dc0, {{0.0, 0.0}, {402.0, 874.0}}
       ↳Other, 0x107450f00, {{0.0, 0.0}, {402.0, 874.0}}
        ↳Other, 0x107451040, {{0.0, 0.0}, {402.0, 874.0}}
         ↳Other, 0x107451180, {{0.0, 0.0}, {402.0, 874.0}}
          ↳Other, 0x1074512c0, {{0.0, 0.0}, {402.0, 874.0}}
           ↳Other, 0x107451400, {{0.0, 0.0}, {402.0, 874.0}}
            ↳Other, 0x107451540, {{0.0, 0.0}, {402.0, 874.0}}
             ↳Other, 0x107451680, {{0.0, 0.0}, {402.0, 874.0}}
              ↳Other, 0x107451b80, {{0.0, 0.0}, {402.0, 874.0}}
               ↳Other, 0x107451cc0, {{0.0, 0.0}, {402.0, 874.0}}
                ↳Other, 0x107451e00, {{0.0, 0.0}, {402.0, 874.0}}
                 ↳Other, 0x107451f40, {{0.0, 0.0}, {402.0, 874.0}}
                  ↳ScrollView, 0x107452080, {{0.0, 0.0}, {402.0, 874.0}}
                   ↳Other, 0x107452f80, {{0.0, 168.0}, {402.0, 755.0}}
                    ↳Button, 0x107453200, {{38.0, 220.3}, {326.0, 44.0}}, identifier: 'InsulinConcentrationPicker', label: 'Insulin Concentration', value: U-100
                     ↳Button, 0x107453340, {{38.0, 220.3}, {326.0, 44.0}}
                      ↳StaticText, 0x107453700, {{80.0, 244.5}, {43.0, 18.0}}, label: 'U-100'
Query chain:
 →Find: Target Application 'dev.ericslutz.PumpSync'
  Output: {
    Application, 0x11f9acb40, pid: 76136, label: 'PumpSync'
  }
  ↪︎Find: Descendant with identity binding to AX element pid: 76136, elementOrHash.elementID: 4437845632.271
    Output: {
      StaticText, 0x114ba0b40, {{80.0, 244.5}, {43.0, 18.0}}, label: 'U-100'
    }

    t =    44.46s Find the Any (Descendant with identity binding to AX element pid: 76136, elementOrHash.elementID: 4437846080.272)
    t =    44.50s Requesting snapshot of accessibility hierarchy for app with pid 76136
    t =    44.55s Find: Descendant with identity binding to AX element pid: 76136, elementOrHash.elementID: 4437846080.272
    t =    44.69s Requesting snapshot of accessibility hierarchy for app with pid 76136
    t =    44.74s Find: Descendant with identity binding to AX element pid: 76136, elementOrHash.elementID: 4437846080.272
    t =    44.74s Requesting snapshot of accessibility hierarchy for app with pid 76136
AUDIT_ISSUE light-concentration | 1 | Contrast nearly passed | Contrast is not high enough for SwiftUI.AccessibilityNode unless font size is larger. | Attributes: StaticText, 0x107453840, {{309.0, 233.3}, {55.0, 18.0}}, label: 'Change'
Element subtree:
 →StaticText, 0x107453840, {{309.0, 233.3}, {55.0, 18.0}}, label: 'Change'
Path to element:
 →Application, 0x107450780, pid: 76136, label: 'PumpSync'
  ↳Window (Main), 0x1074508c0, {{0.0, 0.0}, {402.0, 874.0}}
   ↳Other, 0x107450a00, {{0.0, 0.0}, {402.0, 874.0}}
    ↳Other, 0x107450b40, {{0.0, 0.0}, {402.0, 874.0}}
     ↳Other, 0x107450c80, {{0.0, 0.0}, {402.0, 874.0}}
      ↳Other, 0x107450dc0, {{0.0, 0.0}, {402.0, 874.0}}
       ↳Other, 0x107450f00, {{0.0, 0.0}, {402.0, 874.0}}
        ↳Other, 0x107451040, {{0.0, 0.0}, {402.0, 874.0}}
         ↳Other, 0x107451180, {{0.0, 0.0}, {402.0, 874.0}}
          ↳Other, 0x1074512c0, {{0.0, 0.0}, {402.0, 874.0}}
           ↳Other, 0x107451400, {{0.0, 0.0}, {402.0, 874.0}}
            ↳Other, 0x107451540, {{0.0, 0.0}, {402.0, 874.0}}
             ↳Other, 0x107451680, {{0.0, 0.0}, {402.0, 874.0}}
              ↳Other, 0x107451b80, {{0.0, 0.0}, {402.0, 874.0}}
               ↳Other, 0x107451cc0, {{0.0, 0.0}, {402.0, 874.0}}
                ↳Other, 0x107451e00, {{0.0, 0.0}, {402.0, 874.0}}
                 ↳Other, 0x107451f40, {{0.0, 0.0}, {402.0, 874.0}}
                  ↳ScrollView, 0x107452080, {{0.0, 0.0}, {402.0, 874.0}}
                   ↳Other, 0x107452f80, {{0.0, 168.0}, {402.0, 755.0}}
                    ↳Button, 0x107453200, {{38.0, 220.3}, {326.0, 44.0}}, identifier: 'InsulinConcentrationPicker', label: 'Insulin Concentration', value: U-100
                     ↳Button, 0x107453340, {{38.0, 220.3}, {326.0, 44.0}}
                      ↳StaticText, 0x107453840, {{309.0, 233.3}, {55.0, 18.0}}, label: 'Change'
Query chain:
 →Find: Target Application 'dev.ericslutz.PumpSync'
  Output: {
    Application, 0x11f9acb40, pid: 76136, label: 'PumpSync'
  }
  ↪︎Find: Descendant with identity binding to AX element pid: 76136, elementOrHash.elementID: 4437846080.272
    Output: {
      StaticText, 0x114ba0c80, {{309.0, 233.3}, {55.0, 18.0}}, label: 'Change'
    }

    t =    44.80s Tap Button (First Match)
    t =    44.80s     Wait for dev.ericslutz.PumpSync to idle
    t =    44.81s     Find the Button (First Match)
    t =    44.85s     Check for interrupting elements affecting "BackButton" Button
    t =    44.89s     Synthesize event
    t =    45.20s     Wait for dev.ericslutz.PumpSync to idle
    t =    45.53s Find the "DataHandlingLink" Button
    t =    45.60s Find the "DataHandlingLink" Button
    t =    45.67s Tap "DataHandlingLink" Button
    t =    45.67s     Wait for dev.ericslutz.PumpSync to idle
    t =    45.67s     Find the "DataHandlingLink" Button
    t =    45.73s     Check for interrupting elements affecting "DataHandlingLink" Button
    t =    45.76s     Synthesize event
    t =    46.08s     Wait for dev.ericslutz.PumpSync to idle
    t =    46.91s Find the Target Application 'dev.ericslutz.PumpSync'
    t =    47.06s Added attachment named 'light-privacy.png'
    t =    47.06s Requesting snapshot of accessibility hierarchy for app with pid 76136
    t =    47.39s Requesting snapshot of accessibility hierarchy for app with pid 76136
    t =    47.45s Added attachment named 'light-privacy-tree.txt'
    t =    49.62s Find the Any (Descendant with identity binding to AX element pid: 76136, elementOrHash.elementID: 4437842496.290)
    t =    49.66s Requesting snapshot of accessibility hierarchy for app with pid 76136
    t =    49.71s Find: Descendant with identity binding to AX element pid: 76136, elementOrHash.elementID: 4437842496.290
    t =    49.85s Requesting snapshot of accessibility hierarchy for app with pid 76136
    t =    49.90s Find: Descendant with identity binding to AX element pid: 76136, elementOrHash.elementID: 4437842496.290
    t =    49.90s Requesting snapshot of accessibility hierarchy for app with pid 76136
AUDIT_ISSUE light-privacy | 1 | Contrast nearly passed | Contrast is not high enough for SwiftUI.AccessibilityNode unless font size is larger. | Attributes: StaticText, 0x11c53b700, {{24.0, 180.0}, {91.3, 20.3}}, label: 'Credentials'
Element subtree:
 →StaticText, 0x11c53b700, {{24.0, 180.0}, {91.3, 20.3}}, label: 'Credentials'
Path to element:
 →Application, 0x11c538dc0, pid: 76136, label: 'PumpSync'
  ↳Window (Main), 0x11c538f00, {{0.0, 0.0}, {402.0, 874.0}}
   ↳Other, 0x11c539040, {{0.0, 0.0}, {402.0, 874.0}}
    ↳Other, 0x11c539180, {{0.0, 0.0}, {402.0, 874.0}}
     ↳Other, 0x11c5392c0, {{0.0, 0.0}, {402.0, 874.0}}
      ↳Other, 0x11c539400, {{0.0, 0.0}, {402.0, 874.0}}
       ↳Other, 0x11c539540, {{0.0, 0.0}, {402.0, 874.0}}
        ↳Other, 0x11c539680, {{0.0, 0.0}, {402.0, 874.0}}
         ↳Other, 0x11c5397c0, {{0.0, 0.0}, {402.0, 874.0}}
          ↳Other, 0x11c539900, {{0.0, 0.0}, {402.0, 874.0}}
           ↳Other, 0x11c539a40, {{0.0, 0.0}, {402.0, 874.0}}
            ↳Other, 0x11c539b80, {{0.0, 0.0}, {402.0, 874.0}}
             ↳Other, 0x11c539cc0, {{0.0, 0.0}, {402.0, 874.0}}
              ↳Other, 0x11c53a1c0, {{0.0, 0.0}, {402.0, 874.0}}
               ↳Other, 0x11c53a300, {{0.0, 0.0}, {402.0, 874.0}}
                ↳Other, 0x11c53a440, {{0.0, 0.0}, {402.0, 874.0}}
                 ↳Other, 0x11c53a580, {{0.0, 0.0}, {402.0, 874.0}}
                  ↳ScrollView, 0x11c53a6c0, {{0.0, 0.0}, {402.0, 874.0}}
                   ↳Other, 0x11c53b5c0, {{0.0, 168.0}, {402.0, 953.0}}
                    ↳StaticText, 0x11c53b700, {{24.0, 180.0}, {91.3, 20.3}}, label: 'Credentials'
Query chain:
 →Find: Target Application 'dev.ericslutz.PumpSync'
  Output: {
    Application, 0x11f9ae580, pid: 76136, label: 'PumpSync'
  }
  ↪︎Find: Descendant with identity binding to AX element pid: 76136, elementOrHash.elementID: 4437842496.290
    Output: {
      StaticText, 0x114ba2f80, {{24.0, 180.0}, {91.3, 20.3}}, label: 'Credentials'
    }

    t =    49.97s Find the Any (Descendant with identity binding to AX element pid: 76136, elementOrHash.elementID: 4437873920.293)
    t =    50.01s Requesting snapshot of accessibility hierarchy for app with pid 76136
    t =    50.06s Find: Descendant with identity binding to AX element pid: 76136, elementOrHash.elementID: 4437873920.293
    t =    50.19s Requesting snapshot of accessibility hierarchy for app with pid 76136
    t =    50.24s Find: Descendant with identity binding to AX element pid: 76136, elementOrHash.elementID: 4437873920.293
    t =    50.24s Requesting snapshot of accessibility hierarchy for app with pid 76136
AUDIT_ISSUE light-privacy | 1 | Contrast nearly passed | Contrast is not high enough for SwiftUI.AccessibilityNode unless font size is larger. | Attributes: StaticText, 0x11c53c280, {{24.0, 397.3}, {87.3, 20.3}}, label: 'Pump Data'
Element subtree:
 →StaticText, 0x11c53c280, {{24.0, 397.3}, {87.3, 20.3}}, label: 'Pump Data'
Path to element:
 →Application, 0x11c538dc0, pid: 76136, label: 'PumpSync'
  ↳Window (Main), 0x11c538f00, {{0.0, 0.0}, {402.0, 874.0}}
   ↳Other, 0x11c539040, {{0.0, 0.0}, {402.0, 874.0}}
    ↳Other, 0x11c539180, {{0.0, 0.0}, {402.0, 874.0}}
     ↳Other, 0x11c5392c0, {{0.0, 0.0}, {402.0, 874.0}}
      ↳Other, 0x11c539400, {{0.0, 0.0}, {402.0, 874.0}}
       ↳Other, 0x11c539540, {{0.0, 0.0}, {402.0, 874.0}}
        ↳Other, 0x11c539680, {{0.0, 0.0}, {402.0, 874.0}}
         ↳Other, 0x11c5397c0, {{0.0, 0.0}, {402.0, 874.0}}
          ↳Other, 0x11c539900, {{0.0, 0.0}, {402.0, 874.0}}
           ↳Other, 0x11c539a40, {{0.0, 0.0}, {402.0, 874.0}}
            ↳Other, 0x11c539b80, {{0.0, 0.0}, {402.0, 874.0}}
             ↳Other, 0x11c539cc0, {{0.0, 0.0}, {402.0, 874.0}}
              ↳Other, 0x11c53a1c0, {{0.0, 0.0}, {402.0, 874.0}}
               ↳Other, 0x11c53a300, {{0.0, 0.0}, {402.0, 874.0}}
                ↳Other, 0x11c53a440, {{0.0, 0.0}, {402.0, 874.0}}
                 ↳Other, 0x11c53a580, {{0.0, 0.0}, {402.0, 874.0}}
                  ↳ScrollView, 0x11c53a6c0, {{0.0, 0.0}, {402.0, 874.0}}
                   ↳Other, 0x11c53b5c0, {{0.0, 168.0}, {402.0, 953.0}}
                    ↳StaticText, 0x11c53c280, {{24.0, 397.3}, {87.3, 20.3}}, label: 'Pump Data'
Query chain:
 →Find: Target Application 'dev.ericslutz.PumpSync'
  Output: {
    Application, 0x11f9ae580, pid: 76136, label: 'PumpSync'
  }
  ↪︎Find: Descendant with identity binding to AX element pid: 76136, elementOrHash.elementID: 4437873920.293
    Output: {
      StaticText, 0x114ba3ac0, {{24.0, 397.3}, {87.3, 20.3}}, label: 'Pump Data'
    }

    t =    50.31s Find the Any (Descendant with identity binding to AX element pid: 76136, elementOrHash.elementID: 4437817344.296)
    t =    50.34s Requesting snapshot of accessibility hierarchy for app with pid 76136
    t =    50.40s Find: Descendant with identity binding to AX element pid: 76136, elementOrHash.elementID: 4437817344.296
    t =    50.53s Requesting snapshot of accessibility hierarchy for app with pid 76136
    t =    50.59s Find: Descendant with identity binding to AX element pid: 76136, elementOrHash.elementID: 4437817344.296
    t =    50.59s Requesting snapshot of accessibility hierarchy for app with pid 76136
AUDIT_ISSUE light-privacy | 1 | Contrast nearly passed | Contrast is not high enough for SwiftUI.AccessibilityNode unless font size is larger. | Attributes: StaticText, 0x11c53cdc0, {{24.0, 654.7}, {112.7, 20.3}}, label: 'Other Devices'
Element subtree:
 →StaticText, 0x11c53cdc0, {{24.0, 654.7}, {112.7, 20.3}}, label: 'Other Devices'
Path to element:
 →Application, 0x11c538dc0, pid: 76136, label: 'PumpSync'
  ↳Window (Main), 0x11c538f00, {{0.0, 0.0}, {402.0, 874.0}}
   ↳Other, 0x11c539040, {{0.0, 0.0}, {402.0, 874.0}}
    ↳Other, 0x11c539180, {{0.0, 0.0}, {402.0, 874.0}}
     ↳Other, 0x11c5392c0, {{0.0, 0.0}, {402.0, 874.0}}
      ↳Other, 0x11c539400, {{0.0, 0.0}, {402.0, 874.0}}
       ↳Other, 0x11c539540, {{0.0, 0.0}, {402.0, 874.0}}
        ↳Other, 0x11c539680, {{0.0, 0.0}, {402.0, 874.0}}
         ↳Other, 0x11c5397c0, {{0.0, 0.0}, {402.0, 874.0}}
          ↳Other, 0x11c539900, {{0.0, 0.0}, {402.0, 874.0}}
           ↳Other, 0x11c539a40, {{0.0, 0.0}, {402.0, 874.0}}
            ↳Other, 0x11c539b80, {{0.0, 0.0}, {402.0, 874.0}}
             ↳Other, 0x11c539cc0, {{0.0, 0.0}, {402.0, 874.0}}
              ↳Other, 0x11c53a1c0, {{0.0, 0.0}, {402.0, 874.0}}
               ↳Other, 0x11c53a300, {{0.0, 0.0}, {402.0, 874.0}}
                ↳Other, 0x11c53a440, {{0.0, 0.0}, {402.0, 874.0}}
                 ↳Other, 0x11c53a580, {{0.0, 0.0}, {402.0, 874.0}}
                  ↳ScrollView, 0x11c53a6c0, {{0.0, 0.0}, {402.0, 874.0}}
                   ↳Other, 0x11c53b5c0, {{0.0, 168.0}, {402.0, 953.0}}
                    ↳StaticText, 0x11c53cdc0, {{24.0, 654.7}, {112.7, 20.3}}, label: 'Other Devices'
Query chain:
 →Find: Target Application 'dev.ericslutz.PumpSync'
  Output: {
    Application, 0x11f9ae580, pid: 76136, label: 'PumpSync'
  }
  ↪︎Find: Descendant with identity binding to AX element pid: 76136, elementOrHash.elementID: 4437817344.296
    Output: {
      StaticText, 0x1070ab700, {{24.0, 654.7}, {112.7, 20.3}}, label: 'Other Devices'
    }

    t =    50.65s Find the Any (Descendant with identity binding to AX element pid: 76136, elementOrHash.elementID: 4437897024.298)
    t =    50.69s Requesting snapshot of accessibility hierarchy for app with pid 76136
    t =    50.75s Find: Descendant with identity binding to AX element pid: 76136, elementOrHash.elementID: 4437897024.298
    t =    50.88s Requesting snapshot of accessibility hierarchy for app with pid 76136
    t =    50.93s Find: Descendant with identity binding to AX element pid: 76136, elementOrHash.elementID: 4437897024.298
    t =    50.93s Requesting snapshot of accessibility hierarchy for app with pid 76136
AUDIT_ISSUE light-privacy | 1 | Contrast failed | Contrast failed for SwiftUI.AccessibilityNode | Attributes: StaticText, 0x11c53d400, {{24.0, 817.3}, {107.3, 20.3}}, label: 'Data Deletion'
Element subtree:
 →StaticText, 0x11c53d400, {{24.0, 817.3}, {107.3, 20.3}}, label: 'Data Deletion'
Path to element:
 →Application, 0x11c538dc0, pid: 76136, label: 'PumpSync'
  ↳Window (Main), 0x11c538f00, {{0.0, 0.0}, {402.0, 874.0}}
   ↳Other, 0x11c539040, {{0.0, 0.0}, {402.0, 874.0}}
    ↳Other, 0x11c539180, {{0.0, 0.0}, {402.0, 874.0}}
     ↳Other, 0x11c5392c0, {{0.0, 0.0}, {402.0, 874.0}}
      ↳Other, 0x11c539400, {{0.0, 0.0}, {402.0, 874.0}}
       ↳Other, 0x11c539540, {{0.0, 0.0}, {402.0, 874.0}}
        ↳Other, 0x11c539680, {{0.0, 0.0}, {402.0, 874.0}}
         ↳Other, 0x11c5397c0, {{0.0, 0.0}, {402.0, 874.0}}
          ↳Other, 0x11c539900, {{0.0, 0.0}, {402.0, 874.0}}
           ↳Other, 0x11c539a40, {{0.0, 0.0}, {402.0, 874.0}}
            ↳Other, 0x11c539b80, {{0.0, 0.0}, {402.0, 874.0}}
             ↳Other, 0x11c539cc0, {{0.0, 0.0}, {402.0, 874.0}}
              ↳Other, 0x11c53a1c0, {{0.0, 0.0}, {402.0, 874.0}}
               ↳Other, 0x11c53a300, {{0.0, 0.0}, {402.0, 874.0}}
                ↳Other, 0x11c53a440, {{0.0, 0.0}, {402.0, 874.0}}
                 ↳Other, 0x11c53a580, {{0.0, 0.0}, {402.0, 874.0}}
                  ↳ScrollView, 0x11c53a6c0, {{0.0, 0.0}, {402.0, 874.0}}
                   ↳Other, 0x11c53b5c0, {{0.0, 168.0}, {402.0, 953.0}}
                    ↳StaticText, 0x11c53d400, {{24.0, 817.3}, {107.3, 20.3}}, label: 'Data Deletion'
Query chain:
 →Find: Target Application 'dev.ericslutz.PumpSync'
  Output: {
    Application, 0x11f9ae580, pid: 76136, label: 'PumpSync'
  }
  ↪︎Find: Descendant with identity binding to AX element pid: 76136, elementOrHash.elementID: 4437897024.298
    Output: {
      StaticText, 0x11c538000, {{24.0, 817.3}, {107.3, 20.3}}, label: 'Data Deletion'
    }

    t =    50.99s Find the Any (Descendant with identity binding to AX element pid: 76136, elementOrHash.elementID: 4437851456.306)
    t =    51.02s Requesting snapshot of accessibility hierarchy for app with pid 76136
    t =    51.07s Find: Descendant with identity binding to AX element pid: 76136, elementOrHash.elementID: 4437851456.306
    t =    51.19s Requesting snapshot of accessibility hierarchy for app with pid 76136
    t =    51.24s Find: Descendant with identity binding to AX element pid: 76136, elementOrHash.elementID: 4437851456.306
    t =    51.24s Requesting snapshot of accessibility hierarchy for app with pid 76136
AUDIT_ISSUE light-privacy | 1 | Contrast nearly passed | Contrast is not high enough for SwiftUI.AccessibilityNode unless font size is larger. | Attributes: StaticText, 0x11c53bd40, {{80.0, 250.7}, {251.7, 38.0}}, label: 'Your pump account sign-in is stored securely on this device.'
Element subtree:
 →StaticText, 0x11c53bd40, {{80.0, 250.7}, {251.7, 38.0}}, label: 'Your pump account sign-in is stored securely on this device.'
Path to element:
 →Application, 0x11c538f00, pid: 76136, label: 'PumpSync'
  ↳Window (Main), 0x11c539040, {{0.0, 0.0}, {402.0, 874.0}}
   ↳Other, 0x11c539180, {{0.0, 0.0}, {402.0, 874.0}}
    ↳Other, 0x11c5392c0, {{0.0, 0.0}, {402.0, 874.0}}
     ↳Other, 0x11c539400, {{0.0, 0.0}, {402.0, 874.0}}
      ↳Other, 0x11c539540, {{0.0, 0.0}, {402.0, 874.0}}
       ↳Other, 0x11c539680, {{0.0, 0.0}, {402.0, 874.0}}
        ↳Other, 0x11c5397c0, {{0.0, 0.0}, {402.0, 874.0}}
         ↳Other, 0x11c539900, {{0.0, 0.0}, {402.0, 874.0}}
          ↳Other, 0x11c539a40, {{0.0, 0.0}, {402.0, 874.0}}
           ↳Other, 0x11c539b80, {{0.0, 0.0}, {402.0, 874.0}}
            ↳Other, 0x11c539cc0, {{0.0, 0.0}, {402.0, 874.0}}
             ↳Other, 0x11c539e00, {{0.0, 0.0}, {402.0, 874.0}}
              ↳Other, 0x11c53a300, {{0.0, 0.0}, {402.0, 874.0}}
               ↳Other, 0x11c53a440, {{0.0, 0.0}, {402.0, 874.0}}
                ↳Other, 0x11c53a580, {{0.0, 0.0}, {402.0, 874.0}}
                 ↳Other, 0x11c53a6c0, {{0.0, 0.0}, {402.0, 874.0}}
                  ↳ScrollView, 0x11c53a800, {{0.0, 0.0}, {402.0, 874.0}}
                   ↳Other, 0x11c53b700, {{0.0, 168.0}, {402.0, 953.0}}
                    ↳Other, 0x11c53b980, {{45.3, 226.3}, {286.3, 62.3}}, label: 'Stored on this device', value: Your pump account ...
                     ↳StaticText, 0x11c53bd40, {{80.0, 250.7}, {251.7, 38.0}}, label: 'Your pump account sign-in is stored securely on this device.'
Query chain:
 →Find: Target Application 'dev.ericslutz.PumpSync'
  Output: {
    Application, 0x11f9ae580, pid: 76136, label: 'PumpSync'
  }
  ↪︎Find: Descendant with identity binding to AX element pid: 76136, elementOrHash.elementID: 4437851456.306
    Output: {
      StaticText, 0x114ba35c0, {{80.0, 250.7}, {251.7, 38.0}}, label: 'Your pump account sign-in is stored securely on this device.'
    }

    t =    51.31s Find the Any (Descendant with identity binding to AX element pid: 76136, elementOrHash.elementID: 4437877952.309)
    t =    51.35s Requesting snapshot of accessibility hierarchy for app with pid 76136
    t =    51.40s Find: Descendant with identity binding to AX element pid: 76136, elementOrHash.elementID: 4437877952.309
    t =    51.53s Requesting snapshot of accessibility hierarchy for app with pid 76136
    t =    51.59s Find: Descendant with identity binding to AX element pid: 76136, elementOrHash.elementID: 4437877952.309
    t =    51.59s Requesting snapshot of accessibility hierarchy for app with pid 76136
AUDIT_ISSUE light-privacy | 1 | Contrast nearly passed | Contrast is not high enough for SwiftUI.AccessibilityNode unless font size is larger. | Attributes: StaticText, 0x11c53c280, {{80.0, 325.3}, {268.7, 38.0}}, label: 'Your sign-in is sent securely only while PumpSync is syncing.'
Element subtree:
 →StaticText, 0x11c53c280, {{80.0, 325.3}, {268.7, 38.0}}, label: 'Your sign-in is sent securely only while PumpSync is syncing.'
Path to element:
 →Application, 0x11c538f00, pid: 76136, label: 'PumpSync'
  ↳Window (Main), 0x11c539040, {{0.0, 0.0}, {402.0, 874.0}}
   ↳Other, 0x11c539180, {{0.0, 0.0}, {402.0, 874.0}}
    ↳Other, 0x11c5392c0, {{0.0, 0.0}, {402.0, 874.0}}
     ↳Other, 0x11c539400, {{0.0, 0.0}, {402.0, 874.0}}
      ↳Other, 0x11c539540, {{0.0, 0.0}, {402.0, 874.0}}
       ↳Other, 0x11c539680, {{0.0, 0.0}, {402.0, 874.0}}
        ↳Other, 0x11c5397c0, {{0.0, 0.0}, {402.0, 874.0}}
         ↳Other, 0x11c539900, {{0.0, 0.0}, {402.0, 874.0}}
          ↳Other, 0x11c539a40, {{0.0, 0.0}, {402.0, 874.0}}
           ↳Other, 0x11c539b80, {{0.0, 0.0}, {402.0, 874.0}}
            ↳Other, 0x11c539cc0, {{0.0, 0.0}, {402.0, 874.0}}
             ↳Other, 0x11c539e00, {{0.0, 0.0}, {402.0, 874.0}}
              ↳Other, 0x11c53a300, {{0.0, 0.0}, {402.0, 874.0}}
               ↳Other, 0x11c53a440, {{0.0, 0.0}, {402.0, 874.0}}
                ↳Other, 0x11c53a580, {{0.0, 0.0}, {402.0, 874.0}}
                 ↳Other, 0x11c53a6c0, {{0.0, 0.0}, {402.0, 874.0}}
                  ↳ScrollView, 0x11c53a800, {{0.0, 0.0}, {402.0, 874.0}}
                   ↳Other, 0x11c53b700, {{0.0, 168.0}, {402.0, 953.0}}
                    ↳Other, 0x11c53be80, {{44.0, 301.0}, {304.7, 62.3}}, label: 'Sent only for sync', value: Your sign-in is se...
                     ↳StaticText, 0x11c53c280, {{80.0, 325.3}, {268.7, 38.0}}, label: 'Your sign-in is sent securely only while PumpSync is syncing.'
Query chain:
 →Find: Target Application 'dev.ericslutz.PumpSync'
  Output: {
    Application, 0x11f9ae580, pid: 76136, label: 'PumpSync'
  }
  ↪︎Find: Descendant with identity binding to AX element pid: 76136, elementOrHash.elementID: 4437877952.309
    Output: {
      StaticText, 0x114ba3ac0, {{80.0, 325.3}, {268.7, 38.0}}, label: 'Your sign-in is sent securely only while PumpSync is syncing.'
    }

    t =    51.66s Find the Any (Descendant with identity binding to AX element pid: 76136, elementOrHash.elementID: 4437868544.312)
    t =    51.69s Requesting snapshot of accessibility hierarchy for app with pid 76136
    t =    51.75s Find: Descendant with identity binding to AX element pid: 76136, elementOrHash.elementID: 4437868544.312
    t =    51.89s Requesting snapshot of accessibility hierarchy for app with pid 76136
    t =    51.94s Find: Descendant with identity binding to AX element pid: 76136, elementOrHash.elementID: 4437868544.312
    t =    51.94s Requesting snapshot of accessibility hierarchy for app with pid 76136
AUDIT_ISSUE light-privacy | 1 | Contrast nearly passed | Contrast is not high enough for SwiftUI.AccessibilityNode unless font size is larger. | Attributes: StaticText, 0x11c53c8c0, {{80.0, 468.0}, {270.0, 58.0}}, label: 'PumpSync removes the downloaded pump data after Apple Health confirms it was saved.'
Element subtree:
 →StaticText, 0x11c53c8c0, {{80.0, 468.0}, {270.0, 58.0}}, label: 'PumpSync removes the downloaded pump data after Apple Health confirms it was saved.'
Path to element:
 →Application, 0x11c538f00, pid: 76136, label: 'PumpSync'
  ↳Window (Main), 0x11c539040, {{0.0, 0.0}, {402.0, 874.0}}
   ↳Other, 0x11c539180, {{0.0, 0.0}, {402.0, 874.0}}
    ↳Other, 0x11c5392c0, {{0.0, 0.0}, {402.0, 874.0}}
     ↳Other, 0x11c539400, {{0.0, 0.0}, {402.0, 874.0}}
      ↳Other, 0x11c539540, {{0.0, 0.0}, {402.0, 874.0}}
       ↳Other, 0x11c539680, {{0.0, 0.0}, {402.0, 874.0}}
        ↳Other, 0x11c5397c0, {{0.0, 0.0}, {402.0, 874.0}}
         ↳Other, 0x11c539900, {{0.0, 0.0}, {402.0, 874.0}}
          ↳Other, 0x11c539a40, {{0.0, 0.0}, {402.0, 874.0}}
           ↳Other, 0x11c539b80, {{0.0, 0.0}, {402.0, 874.0}}
            ↳Other, 0x11c539cc0, {{0.0, 0.0}, {402.0, 874.0}}
             ↳Other, 0x11c539e00, {{0.0, 0.0}, {402.0, 874.0}}
              ↳Other, 0x11c53a300, {{0.0, 0.0}, {402.0, 874.0}}
               ↳Other, 0x11c53a440, {{0.0, 0.0}, {402.0, 874.0}}
                ↳Other, 0x11c53a580, {{0.0, 0.0}, {402.0, 874.0}}
                 ↳Other, 0x11c53a6c0, {{0.0, 0.0}, {402.0, 874.0}}
                  ↳ScrollView, 0x11c53a800, {{0.0, 0.0}, {402.0, 874.0}}
                   ↳Other, 0x11c53b700, {{0.0, 168.0}, {402.0, 953.0}}
                    ↳Other, 0x11c53c500, {{35.7, 443.7}, {314.3, 82.3}}, label: 'Not retained after write', value: PumpSync removes t...
                     ↳StaticText, 0x11c53c8c0, {{80.0, 468.0}, {270.0, 58.0}}, label: 'PumpSync removes the downloaded pump data after Apple Health confirms it was saved.'
Query chain:
 →Find: Target Application 'dev.ericslutz.PumpSync'
  Output: {
    Application, 0x11f9ae580, pid: 76136, label: 'PumpSync'
  }
  ↪︎Find: Descendant with identity binding to AX element pid: 76136, elementOrHash.elementID: 4437868544.312
    Output: {
      StaticText, 0x1070abac0, {{80.0, 468.0}, {270.0, 58.0}}, label: 'PumpSync removes the downloaded pump data after Apple Health confirms it was saved.'
    }

    t =    52.01s Find the Any (Descendant with identity binding to AX element pid: 76136, elementOrHash.elementID: 4437880640.315)
    t =    52.05s Requesting snapshot of accessibility hierarchy for app with pid 76136
    t =    52.10s Find: Descendant with identity binding to AX element pid: 76136, elementOrHash.elementID: 4437880640.315
    t =    52.23s Requesting snapshot of accessibility hierarchy for app with pid 76136
    t =    52.28s Find: Descendant with identity binding to AX element pid: 76136, elementOrHash.elementID: 4437880640.315
    t =    52.28s Requesting snapshot of accessibility hierarchy for app with pid 76136
AUDIT_ISSUE light-privacy | 1 | Contrast nearly passed | Contrast is not high enough for SwiftUI.AccessibilityNode unless font size is larger. | Attributes: StaticText, 0x11c53cdc0, {{80.0, 562.7}, {257.7, 58.0}}, label: 'PumpSync keeps a secure record on this device so the same pump data is not added to Apple Health twice.'
Element subtree:
 →StaticText, 0x11c53cdc0, {{80.0, 562.7}, {257.7, 58.0}}, label: 'PumpSync keeps a secure record on this device so the same pump data is not added to Apple Health twice.'
Path to element:
 →Application, 0x11c538f00, pid: 76136, label: 'PumpSync'
  ↳Window (Main), 0x11c539040, {{0.0, 0.0}, {402.0, 874.0}}
   ↳Other, 0x11c539180, {{0.0, 0.0}, {402.0, 874.0}}
    ↳Other, 0x11c5392c0, {{0.0, 0.0}, {402.0, 874.0}}
     ↳Other, 0x11c539400, {{0.0, 0.0}, {402.0, 874.0}}
      ↳Other, 0x11c539540, {{0.0, 0.0}, {402.0, 874.0}}
       ↳Other, 0x11c539680, {{0.0, 0.0}, {402.0, 874.0}}
        ↳Other, 0x11c5397c0, {{0.0, 0.0}, {402.0, 874.0}}
         ↳Other, 0x11c539900, {{0.0, 0.0}, {402.0, 874.0}}
          ↳Other, 0x11c539a40, {{0.0, 0.0}, {402.0, 874.0}}
           ↳Other, 0x11c539b80, {{0.0, 0.0}, {402.0, 874.0}}
            ↳Other, 0x11c539cc0, {{0.0, 0.0}, {402.0, 874.0}}
             ↳Other, 0x11c539e00, {{0.0, 0.0}, {402.0, 874.0}}
              ↳Other, 0x11c53a300, {{0.0, 0.0}, {402.0, 874.0}}
               ↳Other, 0x11c53a440, {{0.0, 0.0}, {402.0, 874.0}}
                ↳Other, 0x11c53a580, {{0.0, 0.0}, {402.0, 874.0}}
                 ↳Other, 0x11c53a6c0, {{0.0, 0.0}, {402.0, 874.0}}
                  ↳ScrollView, 0x11c53a800, {{0.0, 0.0}, {402.0, 874.0}}
                   ↳Other, 0x11c53b700, {{0.0, 168.0}, {402.0, 953.0}}
                    ↳Other, 0x11c53ca00, {{40.7, 538.3}, {297.0, 82.3}}, label: 'Duplicate prevention', value: PumpSync keeps a s...
                     ↳StaticText, 0x11c53cdc0, {{80.0, 562.7}, {257.7, 58.0}}, label: 'PumpSync keeps a secure record on this device so the same pump data is not added to Apple Health twice.'
Query chain:
 →Find: Target Application 'dev.ericslutz.PumpSync'
  Output: {
    Application, 0x11f9ae580, pid: 76136, label: 'PumpSync'
  }
  ↪︎Find: Descendant with identity binding to AX element pid: 76136, elementOrHash.elementID: 4437880640.315
    Output: {
      StaticText, 0x1070abc00, {{80.0, 562.7}, {257.7, 58.0}}, label: 'PumpSync keeps a secure record on this device so the same pump data is not added to Apple Health twice.'
    }

    t =    52.36s Find the Any (Descendant with identity binding to AX element pid: 76136, elementOrHash.elementID: 4437893440.318)
    t =    52.41s Requesting snapshot of accessibility hierarchy for app with pid 76136
    t =    52.47s Find: Descendant with identity binding to AX element pid: 76136, elementOrHash.elementID: 4437893440.318
    t =    52.59s Requesting snapshot of accessibility hierarchy for app with pid 76136
    t =    52.64s Find: Descendant with identity binding to AX element pid: 76136, elementOrHash.elementID: 4437893440.318
    t =    52.64s Requesting snapshot of accessibility hierarchy for app with pid 76136
AUDIT_ISSUE light-privacy | 1 | Contrast failed | Contrast failed for SwiftUI.AccessibilityNode | Attributes: StaticText, 0x11c53d400, {{80.0, 725.3}, {230.3, 58.0}}, label: 'Your pump account sign-in is not synced through iCloud. Set it up separately on each device.'
Element subtree:
 →StaticText, 0x11c53d400, {{80.0, 725.3}, {230.3, 58.0}}, label: 'Your pump account sign-in is not synced through iCloud. Set it up separately on each device.'
Path to element:
 →Application, 0x11c538f00, pid: 76136, label: 'PumpSync'
  ↳Window (Main), 0x11c539040, {{0.0, 0.0}, {402.0, 874.0}}
   ↳Other, 0x11c539180, {{0.0, 0.0}, {402.0, 874.0}}
    ↳Other, 0x11c5392c0, {{0.0, 0.0}, {402.0, 874.0}}
     ↳Other, 0x11c539400, {{0.0, 0.0}, {402.0, 874.0}}
      ↳Other, 0x11c539540, {{0.0, 0.0}, {402.0, 874.0}}
       ↳Other, 0x11c539680, {{0.0, 0.0}, {402.0, 874.0}}
        ↳Other, 0x11c5397c0, {{0.0, 0.0}, {402.0, 874.0}}
         ↳Other, 0x11c539900, {{0.0, 0.0}, {402.0, 874.0}}
          ↳Other, 0x11c539a40, {{0.0, 0.0}, {402.0, 874.0}}
           ↳Other, 0x11c539b80, {{0.0, 0.0}, {402.0, 874.0}}
            ↳Other, 0x11c539cc0, {{0.0, 0.0}, {402.0, 874.0}}
             ↳Other, 0x11c539e00, {{0.0, 0.0}, {402.0, 874.0}}
              ↳Other, 0x11c53a300, {{0.0, 0.0}, {402.0, 874.0}}
               ↳Other, 0x11c53a440, {{0.0, 0.0}, {402.0, 874.0}}
                ↳Other, 0x11c53a580, {{0.0, 0.0}, {402.0, 874.0}}
                 ↳Other, 0x11c53a6c0, {{0.0, 0.0}, {402.0, 874.0}}
                  ↳ScrollView, 0x11c53a800, {{0.0, 0.0}, {402.0, 874.0}}
                   ↳Other, 0x11c53b700, {{0.0, 168.0}, {402.0, 953.0}}
                    ↳Other, 0x11c53d040, {{45.7, 701.0}, {264.7, 82.3}}, label: 'Configure each device', value: Your pump account ...
                     ↳StaticText, 0x11c53d400, {{80.0, 725.3}, {230.3, 58.0}}, label: 'Your pump account sign-in is not synced through iCloud. Set it up separately on each device.'
Query chain:
 →Find: Target Application 'dev.ericslutz.PumpSync'
  Output: {
    Application, 0x11f9ae580, pid: 76136, label: 'PumpSync'
  }
  ↪︎Find: Descendant with identity binding to AX element pid: 76136, elementOrHash.elementID: 4437893440.318
    Output: {
      StaticText, 0x11c538000, {{80.0, 725.3}, {230.3, 58.0}}, label: 'Your pump account sign-in is not synced through iCloud. Set it up separately on each device.'
    }

    t =    52.72s Find the Any (Descendant with identity binding to AX element pid: 76136, elementOrHash.elementID: 4437765952.320)
    t =    52.76s Requesting snapshot of accessibility hierarchy for app with pid 76136
    t =    52.81s Find: Descendant with identity binding to AX element pid: 76136, elementOrHash.elementID: 4437765952.320
    t =    52.96s Requesting snapshot of accessibility hierarchy for app with pid 76136
    t =    53.02s Find: Descendant with identity binding to AX element pid: 76136, elementOrHash.elementID: 4437765952.320
    t =    53.02s Requesting snapshot of accessibility hierarchy for app with pid 76136
AUDIT_ISSUE light-privacy | 1 | Contrast failed | Contrast failed for SwiftUI.AccessibilityNode | Attributes: StaticText, 0x11c53d900, {{80.0, 863.7}, {173.7, 20.3}}, label: 'Delete PumpSync data'
Element subtree:
 →StaticText, 0x11c53d900, {{80.0, 863.7}, {173.7, 20.3}}, label: 'Delete PumpSync data'
Path to element:
 →Application, 0x11c538f00, pid: 76136, label: 'PumpSync'
  ↳Window (Main), 0x11c539040, {{0.0, 0.0}, {402.0, 874.0}}
   ↳Other, 0x11c539180, {{0.0, 0.0}, {402.0, 874.0}}
    ↳Other, 0x11c5392c0, {{0.0, 0.0}, {402.0, 874.0}}
     ↳Other, 0x11c539400, {{0.0, 0.0}, {402.0, 874.0}}
      ↳Other, 0x11c539540, {{0.0, 0.0}, {402.0, 874.0}}
       ↳Other, 0x11c539680, {{0.0, 0.0}, {402.0, 874.0}}
        ↳Other, 0x11c5397c0, {{0.0, 0.0}, {402.0, 874.0}}
         ↳Other, 0x11c539900, {{0.0, 0.0}, {402.0, 874.0}}
          ↳Other, 0x11c539a40, {{0.0, 0.0}, {402.0, 874.0}}
           ↳Other, 0x11c539b80, {{0.0, 0.0}, {402.0, 874.0}}
            ↳Other, 0x11c539cc0, {{0.0, 0.0}, {402.0, 874.0}}
             ↳Other, 0x11c539e00, {{0.0, 0.0}, {402.0, 874.0}}
              ↳Other, 0x11c53a300, {{0.0, 0.0}, {402.0, 874.0}}
               ↳Other, 0x11c53a440, {{0.0, 0.0}, {402.0, 874.0}}
                ↳Other, 0x11c53a580, {{0.0, 0.0}, {402.0, 874.0}}
                 ↳Other, 0x11c53a6c0, {{0.0, 0.0}, {402.0, 874.0}}
                  ↳ScrollView, 0x11c53a800, {{0.0, 0.0}, {402.0, 874.0}}
                   ↳Other, 0x11c53b700, {{0.0, 168.0}, {402.0, 953.0}}
                    ↳Other, 0x11c53d680, {{40.3, 863.7}, {309.7, 82.3}}, label: 'Delete PumpSync data', value: PumpSync can prepa...
                     ↳StaticText, 0x11c53d900, {{80.0, 863.7}, {173.7, 20.3}}, label: 'Delete PumpSync data'
Query chain:
 →Find: Target Application 'dev.ericslutz.PumpSync'
  Output: {
    Application, 0x11f9ae580, pid: 76136, label: 'PumpSync'
  }
  ↪︎Find: Descendant with identity binding to AX element pid: 76136, elementOrHash.elementID: 4437765952.320
    Output: {
      StaticText, 0x11c538500, {{80.0, 863.7}, {173.7, 20.3}}, label: 'Delete PumpSync data'
    }

    t =    53.09s Tap Button (First Match)
    t =    53.09s     Wait for dev.ericslutz.PumpSync to idle
    t =    53.10s     Find the Button (First Match)
    t =    53.14s     Check for interrupting elements affecting "BackButton" Button
    t =    53.18s     Synthesize event
    t =    53.49s     Wait for dev.ericslutz.PumpSync to idle
    t =    53.81s Find the "AboutPumpSyncLink" Button
    t =    53.88s Find the "AboutPumpSyncLink" Button
    t =    53.95s Tap "AboutPumpSyncLink" Button
    t =    53.95s     Wait for dev.ericslutz.PumpSync to idle
    t =    53.95s     Find the "AboutPumpSyncLink" Button
    t =    54.00s     Check for interrupting elements affecting "AboutPumpSyncLink" Button
    t =    54.04s     Synthesize event
    t =    54.35s     Wait for dev.ericslutz.PumpSync to idle
    t =    55.15s Find the Target Application 'dev.ericslutz.PumpSync'
    t =    55.28s Added attachment named 'light-about.png'
    t =    55.28s Requesting snapshot of accessibility hierarchy for app with pid 76136
    t =    55.49s Requesting snapshot of accessibility hierarchy for app with pid 76136
    t =    55.53s Added attachment named 'light-about-tree.txt'
    t =    57.60s Find the Any (Descendant with identity binding to AX element pid: 76136, elementOrHash.elementID: 4437897472.343)
    t =    57.63s Requesting snapshot of accessibility hierarchy for app with pid 76136
    t =    57.66s Find: Descendant with identity binding to AX element pid: 76136, elementOrHash.elementID: 4437897472.343
    t =    57.73s Requesting snapshot of accessibility hierarchy for app with pid 76136
    t =    57.77s Find: Descendant with identity binding to AX element pid: 76136, elementOrHash.elementID: 4437897472.343
    t =    57.77s Requesting snapshot of accessibility hierarchy for app with pid 76136
AUDIT_ISSUE light-about | 1 | Contrast nearly passed | Contrast is not high enough for SwiftUI.AccessibilityNode unless font size is larger. | Attributes: StaticText, 0x1070a9900, {{24.0, 180.0}, {138.0, 20.3}}, label: 'About PumpSync'
Element subtree:
 →StaticText, 0x1070a9900, {{24.0, 180.0}, {138.0, 20.3}}, label: 'About PumpSync'
Path to element:
 →Application, 0x107453700, pid: 76136, label: 'PumpSync'
  ↳Window (Main), 0x107453c00, {{0.0, 0.0}, {402.0, 874.0}}
   ↳Other, 0x107453e80, {{0.0, 0.0}, {402.0, 874.0}}
    ↳Other, 0x107453d40, {{0.0, 0.0}, {402.0, 874.0}}
     ↳Other, 0x107453980, {{0.0, 0.0}, {402.0, 874.0}}
      ↳Other, 0x107453ac0, {{0.0, 0.0}, {402.0, 874.0}}
       ↳Other, 0x107453840, {{0.0, 0.0}, {402.0, 874.0}}
        ↳Other, 0x107453200, {{0.0, 0.0}, {402.0, 874.0}}
         ↳Other, 0x107453480, {{0.0, 0.0}, {402.0, 874.0}}
          ↳Other, 0x107453340, {{0.0, 0.0}, {402.0, 874.0}}
           ↳Other, 0x107452800, {{0.0, 0.0}, {402.0, 874.0}}
            ↳Other, 0x107452a80, {{0.0, 0.0}, {402.0, 874.0}}
             ↳Other, 0x107452940, {{0.0, 0.0}, {402.0, 874.0}}
              ↳Other, 0x1070a83c0, {{0.0, 0.0}, {402.0, 874.0}}
               ↳Other, 0x1070a8500, {{0.0, 0.0}, {402.0, 874.0}}
                ↳Other, 0x1070a8640, {{0.0, 0.0}, {402.0, 874.0}}
                 ↳Other, 0x1070a8780, {{0.0, 0.0}, {402.0, 874.0}}
                  ↳ScrollView, 0x1070a88c0, {{0.0, 0.0}, {402.0, 874.0}}
                   ↳Other, 0x1070a97c0, {{0.0, 168.0}, {402.0, 726.7}}
                    ↳StaticText, 0x1070a9900, {{24.0, 180.0}, {138.0, 20.3}}, label: 'About PumpSync'
Query chain:
 →Find: Target Application 'dev.ericslutz.PumpSync'
  Output: {
    Application, 0x114ba0b40, pid: 76136, label: 'PumpSync'
  }
  ↪︎Find: Descendant with identity binding to AX element pid: 76136, elementOrHash.elementID: 4437897472.343
    Output: {
      StaticText, 0x11c53f340, {{24.0, 180.0}, {138.0, 20.3}}, label: 'About PumpSync'
    }

    t =    57.81s Find the Any (Descendant with identity binding to AX element pid: 76136, elementOrHash.elementID: 4437897024.345)
    t =    57.83s Requesting snapshot of accessibility hierarchy for app with pid 76136
    t =    57.87s Find: Descendant with identity binding to AX element pid: 76136, elementOrHash.elementID: 4437897024.345
    t =    57.94s Requesting snapshot of accessibility hierarchy for app with pid 76136
    t =    57.97s Find: Descendant with identity binding to AX element pid: 76136, elementOrHash.elementID: 4437897024.345
    t =    57.98s Requesting snapshot of accessibility hierarchy for app with pid 76136
AUDIT_ISSUE light-about | 1 | Contrast nearly passed | Contrast is not high enough for SwiftUI.AccessibilityNode unless font size is larger. | Attributes: StaticText, 0x1070a9b80, {{24.0, 342.7}, {158.0, 20.3}}, label: 'How Syncing Works'
Element subtree:
 →StaticText, 0x1070a9b80, {{24.0, 342.7}, {158.0, 20.3}}, label: 'How Syncing Works'
Path to element:
 →Application, 0x107453700, pid: 76136, label: 'PumpSync'
  ↳Window (Main), 0x107453c00, {{0.0, 0.0}, {402.0, 874.0}}
   ↳Other, 0x107453e80, {{0.0, 0.0}, {402.0, 874.0}}
    ↳Other, 0x107453d40, {{0.0, 0.0}, {402.0, 874.0}}
     ↳Other, 0x107453980, {{0.0, 0.0}, {402.0, 874.0}}
      ↳Other, 0x107453ac0, {{0.0, 0.0}, {402.0, 874.0}}
       ↳Other, 0x107453840, {{0.0, 0.0}, {402.0, 874.0}}
        ↳Other, 0x107453200, {{0.0, 0.0}, {402.0, 874.0}}
         ↳Other, 0x107453480, {{0.0, 0.0}, {402.0, 874.0}}
          ↳Other, 0x107453340, {{0.0, 0.0}, {402.0, 874.0}}
           ↳Other, 0x107452800, {{0.0, 0.0}, {402.0, 874.0}}
            ↳Other, 0x107452a80, {{0.0, 0.0}, {402.0, 874.0}}
             ↳Other, 0x107452940, {{0.0, 0.0}, {402.0, 874.0}}
              ↳Other, 0x1070a83c0, {{0.0, 0.0}, {402.0, 874.0}}
               ↳Other, 0x1070a8500, {{0.0, 0.0}, {402.0, 874.0}}
                ↳Other, 0x1070a8640, {{0.0, 0.0}, {402.0, 874.0}}
                 ↳Other, 0x1070a8780, {{0.0, 0.0}, {402.0, 874.0}}
                  ↳ScrollView, 0x1070a88c0, {{0.0, 0.0}, {402.0, 874.0}}
                   ↳Other, 0x1070a97c0, {{0.0, 168.0}, {402.0, 726.7}}
                    ↳StaticText, 0x1070a9b80, {{24.0, 342.7}, {158.0, 20.3}}, label: 'How Syncing Works'
Query chain:
 →Find: Target Application 'dev.ericslutz.PumpSync'
  Output: {
    Application, 0x114ba0b40, pid: 76136, label: 'PumpSync'
  }
  ↪︎Find: Descendant with identity binding to AX element pid: 76136, elementOrHash.elementID: 4437897024.345
    Output: {
      StaticText, 0x11c53f5c0, {{24.0, 342.7}, {158.0, 20.3}}, label: 'How Syncing Works'
    }

    t =    58.01s Find the Any (Descendant with identity binding to AX element pid: 76136, elementOrHash.elementID: 4437893888.348)
    t =    58.04s Requesting snapshot of accessibility hierarchy for app with pid 76136
    t =    58.07s Find: Descendant with identity binding to AX element pid: 76136, elementOrHash.elementID: 4437893888.348
    t =    58.15s Requesting snapshot of accessibility hierarchy for app with pid 76136
    t =    58.18s Find: Descendant with identity binding to AX element pid: 76136, elementOrHash.elementID: 4437893888.348
    t =    58.18s Requesting snapshot of accessibility hierarchy for app with pid 76136
AUDIT_ISSUE light-about | 1 | Contrast nearly passed | Contrast is not high enough for SwiftUI.AccessibilityNode unless font size is larger. | Attributes: StaticText, 0x1070a9f40, {{24.0, 592.0}, {113.0, 20.3}}, label: 'While Syncing'
Element subtree:
 →StaticText, 0x1070a9f40, {{24.0, 592.0}, {113.0, 20.3}}, label: 'While Syncing'
Path to element:
 →Application, 0x107453700, pid: 76136, label: 'PumpSync'
  ↳Window (Main), 0x107453c00, {{0.0, 0.0}, {402.0, 874.0}}
   ↳Other, 0x107453e80, {{0.0, 0.0}, {402.0, 874.0}}
    ↳Other, 0x107453d40, {{0.0, 0.0}, {402.0, 874.0}}
     ↳Other, 0x107453980, {{0.0, 0.0}, {402.0, 874.0}}
      ↳Other, 0x107453ac0, {{0.0, 0.0}, {402.0, 874.0}}
       ↳Other, 0x107453840, {{0.0, 0.0}, {402.0, 874.0}}
        ↳Other, 0x107453200, {{0.0, 0.0}, {402.0, 874.0}}
         ↳Other, 0x107453480, {{0.0, 0.0}, {402.0, 874.0}}
          ↳Other, 0x107453340, {{0.0, 0.0}, {402.0, 874.0}}
           ↳Other, 0x107452800, {{0.0, 0.0}, {402.0, 874.0}}
            ↳Other, 0x107452a80, {{0.0, 0.0}, {402.0, 874.0}}
             ↳Other, 0x107452940, {{0.0, 0.0}, {402.0, 874.0}}
              ↳Other, 0x1070a83c0, {{0.0, 0.0}, {402.0, 874.0}}
               ↳Other, 0x1070a8500, {{0.0, 0.0}, {402.0, 874.0}}
                ↳Other, 0x1070a8640, {{0.0, 0.0}, {402.0, 874.0}}
                 ↳Other, 0x1070a8780, {{0.0, 0.0}, {402.0, 874.0}}
                  ↳ScrollView, 0x1070a88c0, {{0.0, 0.0}, {402.0, 874.0}}
                   ↳Other, 0x1070a97c0, {{0.0, 168.0}, {402.0, 726.7}}
                    ↳StaticText, 0x1070a9f40, {{24.0, 592.0}, {113.0, 20.3}}, label: 'While Syncing'
Query chain:
 →Find: Target Application 'dev.ericslutz.PumpSync'
  Output: {
    Application, 0x114ba0b40, pid: 76136, label: 'PumpSync'
  }
  ↪︎Find: Descendant with identity binding to AX element pid: 76136, elementOrHash.elementID: 4437893888.348
    Output: {
      StaticText, 0x11c53f980, {{24.0, 592.0}, {113.0, 20.3}}, label: 'While Syncing'
    }

    t =    58.22s Tap Button (First Match)
    t =    58.22s     Wait for dev.ericslutz.PumpSync to idle
    t =    58.22s     Find the Button (First Match)
    t =    58.25s     Check for interrupting elements affecting "BackButton" Button
    t =    58.28s     Synthesize event
    t =    58.59s     Wait for dev.ericslutz.PumpSync to idle
    t =    58.90s Find the "DeveloperLink" Button
    t =    58.97s Swipe up Target Application 'dev.ericslutz.PumpSync'
    t =    58.97s     Wait for dev.ericslutz.PumpSync to idle
    t =    58.97s     Find the Target Application 'dev.ericslutz.PumpSync'
    t =    59.00s     Check for interrupting elements affecting "PumpSync" Application
    t =    59.02s     Synthesize event
    t =    59.45s     Wait for dev.ericslutz.PumpSync to idle
    t =    59.94s Find the "DeveloperLink" Button
    t =    60.01s Find the "DeveloperLink" Button
    t =    60.06s Tap "DeveloperLink" Button
    t =    60.06s     Wait for dev.ericslutz.PumpSync to idle
    t =    60.07s     Find the "DeveloperLink" Button
    t =    60.10s     Check for interrupting elements affecting "DeveloperLink" Button
    t =    60.13s     Synthesize event
    t =    60.43s     Wait for dev.ericslutz.PumpSync to idle
    t =    61.40s Find the Target Application 'dev.ericslutz.PumpSync'
    t =    61.57s Added attachment named 'light-developer.png'
    t =    61.57s Requesting snapshot of accessibility hierarchy for app with pid 76136
    t =    62.04s Requesting snapshot of accessibility hierarchy for app with pid 76136
    t =    62.17s Added attachment named 'light-developer-tree.txt'
    t =    64.40s Find the Any (Descendant with identity binding to AX element pid: 76136, elementOrHash.elementID: 4437891648.382)
    t =    64.47s Requesting snapshot of accessibility hierarchy for app with pid 76136
    t =    64.61s Find: Descendant with identity binding to AX element pid: 76136, elementOrHash.elementID: 4437891648.382
    t =    64.70s Requesting snapshot of accessibility hierarchy for app with pid 76136
    t =    64.83s Find: Descendant with identity binding to AX element pid: 76136, elementOrHash.elementID: 4437891648.382
    t =    64.83s Requesting snapshot of accessibility hierarchy for app with pid 76136
AUDIT_ISSUE light-developer | 1 | Contrast nearly passed | Contrast is not high enough for SwiftUI.AccessibilityNode unless font size is larger. | Attributes: StaticText, 0x11f9af480, {{24.0, 180.0}, {40.3, 20.3}}, label: 'Build'
Element subtree:
 →StaticText, 0x11f9af480, {{24.0, 180.0}, {40.3, 20.3}}, label: 'Build'
Path to element:
 →Application, 0x11f9acb40, pid: 76136, label: 'PumpSync'
  ↳Window (Main), 0x11f9acc80, {{0.0, 0.0}, {402.0, 874.0}}
   ↳Other, 0x11f9acdc0, {{0.0, 0.0}, {402.0, 874.0}}
    ↳Other, 0x11f9acf00, {{0.0, 0.0}, {402.0, 874.0}}
     ↳Other, 0x11f9ad040, {{0.0, 0.0}, {402.0, 874.0}}
      ↳Other, 0x11f9ad180, {{0.0, 0.0}, {402.0, 874.0}}
       ↳Other, 0x11f9ad2c0, {{0.0, 0.0}, {402.0, 874.0}}
        ↳Other, 0x11f9ad400, {{0.0, 0.0}, {402.0, 874.0}}
         ↳Other, 0x11f9ad540, {{0.0, 0.0}, {402.0, 874.0}}
          ↳Other, 0x11f9ad680, {{0.0, 0.0}, {402.0, 874.0}}
           ↳Other, 0x11f9ad7c0, {{0.0, 0.0}, {402.0, 874.0}}
            ↳Other, 0x11f9ad900, {{0.0, 0.0}, {402.0, 874.0}}
             ↳Other, 0x11f9ada40, {{0.0, 0.0}, {402.0, 874.0}}
              ↳Other, 0x11f9adf40, {{0.0, 0.0}, {402.0, 874.0}}
               ↳Other, 0x11f9ae080, {{0.0, 0.0}, {402.0, 874.0}}
                ↳Other, 0x11f9ae1c0, {{0.0, 0.0}, {402.0, 874.0}}
                 ↳Other, 0x11f9ae300, {{0.0, 0.0}, {402.0, 874.0}}
                  ↳ScrollView, 0x11f9ae440, {{0.0, 0.0}, {402.0, 874.0}}
                   ↳Other, 0x11f9af340, {{0.0, 168.0}, {402.0, 2797.7}}
                    ↳StaticText, 0x11f9af480, {{24.0, 180.0}, {40.3, 20.3}}, label: 'Build'
Query chain:
 →Find: Target Application 'dev.ericslutz.PumpSync'
  Output: {
    Application, 0x11fad5e00, pid: 76136, label: 'PumpSync'
  }
  ↪︎Find: Descendant with identity binding to AX element pid: 76136, elementOrHash.elementID: 4437891648.382
    Output: {
      StaticText, 0x11f9c2a80, {{24.0, 180.0}, {40.3, 20.3}}, label: 'Build'
    }

    t =    64.97s Find the Any (Descendant with identity binding to AX element pid: 76136, elementOrHash.elementID: 4437897024.386)
    t =    65.03s Requesting snapshot of accessibility hierarchy for app with pid 76136
    t =    65.16s Find: Descendant with identity binding to AX element pid: 76136, elementOrHash.elementID: 4437897024.386
    t =    65.23s Requesting snapshot of accessibility hierarchy for app with pid 76136
    t =    65.36s Find: Descendant with identity binding to AX element pid: 76136, elementOrHash.elementID: 4437897024.386
    t =    65.37s Requesting snapshot of accessibility hierarchy for app with pid 76136
AUDIT_ISSUE light-developer | 1 | Contrast nearly passed | Contrast is not high enough for SwiftUI.AccessibilityNode unless font size is larger. | Attributes: StaticText, 0x11f9b03c0, {{24.0, 421.0}, {39.7, 20.3}}, label: 'Sync'
Element subtree:
 →StaticText, 0x11f9b03c0, {{24.0, 421.0}, {39.7, 20.3}}, label: 'Sync'
Path to element:
 →Application, 0x11f9acb40, pid: 76136, label: 'PumpSync'
  ↳Window (Main), 0x11f9acc80, {{0.0, 0.0}, {402.0, 874.0}}
   ↳Other, 0x11f9acdc0, {{0.0, 0.0}, {402.0, 874.0}}
    ↳Other, 0x11f9acf00, {{0.0, 0.0}, {402.0, 874.0}}
     ↳Other, 0x11f9ad040, {{0.0, 0.0}, {402.0, 874.0}}
      ↳Other, 0x11f9ad180, {{0.0, 0.0}, {402.0, 874.0}}
       ↳Other, 0x11f9ad2c0, {{0.0, 0.0}, {402.0, 874.0}}
        ↳Other, 0x11f9ad400, {{0.0, 0.0}, {402.0, 874.0}}
         ↳Other, 0x11f9ad540, {{0.0, 0.0}, {402.0, 874.0}}
          ↳Other, 0x11f9ad680, {{0.0, 0.0}, {402.0, 874.0}}
           ↳Other, 0x11f9ad7c0, {{0.0, 0.0}, {402.0, 874.0}}
            ↳Other, 0x11f9ad900, {{0.0, 0.0}, {402.0, 874.0}}
             ↳Other, 0x11f9ada40, {{0.0, 0.0}, {402.0, 874.0}}
              ↳Other, 0x11f9adf40, {{0.0, 0.0}, {402.0, 874.0}}
               ↳Other, 0x11f9ae080, {{0.0, 0.0}, {402.0, 874.0}}
                ↳Other, 0x11f9ae1c0, {{0.0, 0.0}, {402.0, 874.0}}
                 ↳Other, 0x11f9ae300, {{0.0, 0.0}, {402.0, 874.0}}
                  ↳ScrollView, 0x11f9ae440, {{0.0, 0.0}, {402.0, 874.0}}
                   ↳Other, 0x11f9af340, {{0.0, 168.0}, {402.0, 2797.7}}
                    ↳StaticText, 0x11f9b03c0, {{24.0, 421.0}, {39.7, 20.3}}, label: 'Sync'
Query chain:
 →Find: Target Application 'dev.ericslutz.PumpSync'
  Output: {
    Application, 0x11fad5e00, pid: 76136, label: 'PumpSync'
  }
  ↪︎Find: Descendant with identity binding to AX element pid: 76136, elementOrHash.elementID: 4437897024.386
    Output: {
      StaticText, 0x11f9c3980, {{24.0, 421.0}, {39.7, 20.3}}, label: 'Sync'
    }

    t =    65.50s Find the Any (Descendant with identity binding to AX element pid: 76136, elementOrHash.elementID: 4437687616.391)
    t =    65.57s Requesting snapshot of accessibility hierarchy for app with pid 76136
    t =    65.70s Find: Descendant with identity binding to AX element pid: 76136, elementOrHash.elementID: 4437687616.391
    t =    65.79s Requesting snapshot of accessibility hierarchy for app with pid 76136
    t =    65.92s Find: Descendant with identity binding to AX element pid: 76136, elementOrHash.elementID: 4437687616.391
    t =    65.92s Requesting snapshot of accessibility hierarchy for app with pid 76136
AUDIT_ISSUE light-developer | 1 | Contrast nearly passed | Contrast is not high enough for SwiftUI.AccessibilityNode unless font size is larger. | Attributes: StaticText, 0x11f9b1900, {{24.0, 707.7}, {93.7, 20.3}}, label: 'Diagnostics'
Element subtree:
 →StaticText, 0x11f9b1900, {{24.0, 707.7}, {93.7, 20.3}}, label: 'Diagnostics'
Path to element:
 →Application, 0x11f9acb40, pid: 76136, label: 'PumpSync'
  ↳Window (Main), 0x11f9acc80, {{0.0, 0.0}, {402.0, 874.0}}
   ↳Other, 0x11f9acdc0, {{0.0, 0.0}, {402.0, 874.0}}
    ↳Other, 0x11f9acf00, {{0.0, 0.0}, {402.0, 874.0}}
     ↳Other, 0x11f9ad040, {{0.0, 0.0}, {402.0, 874.0}}
      ↳Other, 0x11f9ad180, {{0.0, 0.0}, {402.0, 874.0}}
       ↳Other, 0x11f9ad2c0, {{0.0, 0.0}, {402.0, 874.0}}
        ↳Other, 0x11f9ad400, {{0.0, 0.0}, {402.0, 874.0}}
         ↳Other, 0x11f9ad540, {{0.0, 0.0}, {402.0, 874.0}}
          ↳Other, 0x11f9ad680, {{0.0, 0.0}, {402.0, 874.0}}
           ↳Other, 0x11f9ad7c0, {{0.0, 0.0}, {402.0, 874.0}}
            ↳Other, 0x11f9ad900, {{0.0, 0.0}, {402.0, 874.0}}
             ↳Other, 0x11f9ada40, {{0.0, 0.0}, {402.0, 874.0}}
              ↳Other, 0x11f9adf40, {{0.0, 0.0}, {402.0, 874.0}}
               ↳Other, 0x11f9ae080, {{0.0, 0.0}, {402.0, 874.0}}
                ↳Other, 0x11f9ae1c0, {{0.0, 0.0}, {402.0, 874.0}}
                 ↳Other, 0x11f9ae300, {{0.0, 0.0}, {402.0, 874.0}}
                  ↳ScrollView, 0x11f9ae440, {{0.0, 0.0}, {402.0, 874.0}}
                   ↳Other, 0x11f9af340, {{0.0, 168.0}, {402.0, 2797.7}}
                    ↳StaticText, 0x11f9b1900, {{24.0, 707.7}, {93.7, 20.3}}, label: 'Diagnostics'
Query chain:
 →Find: Target Application 'dev.ericslutz.PumpSync'
  Output: {
    Application, 0x11fad5e00, pid: 76136, label: 'PumpSync'
  }
  ↪︎Find: Descendant with identity binding to AX element pid: 76136, elementOrHash.elementID: 4437687616.391
    Output: {
      StaticText, 0x11f9ac000, {{24.0, 707.7}, {93.7, 20.3}}, label: 'Diagnostics'
    }

    t =    66.06s Find the Any (Descendant with identity binding to AX element pid: 76136, elementOrHash.elementID: 4437960768.393)
    t =    66.13s Requesting snapshot of accessibility hierarchy for app with pid 76136
    t =    66.25s Find: Descendant with identity binding to AX element pid: 76136, elementOrHash.elementID: 4437960768.393
    t =    66.33s Requesting snapshot of accessibility hierarchy for app with pid 76136
    t =    66.46s Find: Descendant with identity binding to AX element pid: 76136, elementOrHash.elementID: 4437960768.393
    t =    66.47s Requesting snapshot of accessibility hierarchy for app with pid 76136
AUDIT_ISSUE light-developer | 1 | Contrast failed | Contrast failed for SwiftUI.AccessibilityNode | Attributes: StaticText, 0x11f9b1e00, {{38.0, 802.3}, {103.0, 18.0}}, label: 'App Event Log'
Element subtree:
 →StaticText, 0x11f9b1e00, {{38.0, 802.3}, {103.0, 18.0}}, label: 'App Event Log'
Path to element:
 →Application, 0x11f9acb40, pid: 76136, label: 'PumpSync'
  ↳Window (Main), 0x11f9acc80, {{0.0, 0.0}, {402.0, 874.0}}
   ↳Other, 0x11f9acdc0, {{0.0, 0.0}, {402.0, 874.0}}
    ↳Other, 0x11f9acf00, {{0.0, 0.0}, {402.0, 874.0}}
     ↳Other, 0x11f9ad040, {{0.0, 0.0}, {402.0, 874.0}}
      ↳Other, 0x11f9ad180, {{0.0, 0.0}, {402.0, 874.0}}
       ↳Other, 0x11f9ad2c0, {{0.0, 0.0}, {402.0, 874.0}}
        ↳Other, 0x11f9ad400, {{0.0, 0.0}, {402.0, 874.0}}
         ↳Other, 0x11f9ad540, {{0.0, 0.0}, {402.0, 874.0}}
          ↳Other, 0x11f9ad680, {{0.0, 0.0}, {402.0, 874.0}}
           ↳Other, 0x11f9ad7c0, {{0.0, 0.0}, {402.0, 874.0}}
            ↳Other, 0x11f9ad900, {{0.0, 0.0}, {402.0, 874.0}}
             ↳Other, 0x11f9ada40, {{0.0, 0.0}, {402.0, 874.0}}
              ↳Other, 0x11f9adf40, {{0.0, 0.0}, {402.0, 874.0}}
               ↳Other, 0x11f9ae080, {{0.0, 0.0}, {402.0, 874.0}}
                ↳Other, 0x11f9ae1c0, {{0.0, 0.0}, {402.0, 874.0}}
                 ↳Other, 0x11f9ae300, {{0.0, 0.0}, {402.0, 874.0}}
                  ↳ScrollView, 0x11f9ae440, {{0.0, 0.0}, {402.0, 874.0}}
                   ↳Other, 0x11f9af340, {{0.0, 168.0}, {402.0, 2797.7}}
                    ↳StaticText, 0x11f9b1e00, {{38.0, 802.3}, {103.0, 18.0}}, label: 'App Event Log'
Query chain:
 →Find: Target Application 'dev.ericslutz.PumpSync'
  Output: {
    Application, 0x11fad5e00, pid: 76136, label: 'PumpSync'
  }
  ↪︎Find: Descendant with identity binding to AX element pid: 76136, elementOrHash.elementID: 4437960768.393
    Output: {
      StaticText, 0x11f9ac500, {{38.0, 802.3}, {103.0, 18.0}}, label: 'App Event Log'
    }

    t =    66.60s Find the Any (Descendant with identity binding to AX element pid: 76136, elementOrHash.elementID: 4437888064.427)
    t =    66.68s Requesting snapshot of accessibility hierarchy for app with pid 76136
    t =    66.80s Find: Descendant with identity binding to AX element pid: 76136, elementOrHash.elementID: 4437888064.427
    t =    66.89s Requesting snapshot of accessibility hierarchy for app with pid 76136
    t =    67.01s Find: Descendant with identity binding to AX element pid: 76136, elementOrHash.elementID: 4437888064.427
    t =    67.02s Requesting snapshot of accessibility hierarchy for app with pid 76136
AUDIT_ISSUE light-developer | 1 | Contrast nearly passed | Contrast is not high enough for SwiftUI.AccessibilityNode unless font size is larger. | Attributes: StaticText, 0x11f9afac0, {{80.0, 248.7}, {65.0, 18.0}}, label: '1.0.0 (33)'
Element subtree:
 →StaticText, 0x11f9afac0, {{80.0, 248.7}, {65.0, 18.0}}, label: '1.0.0 (33)'
Path to element:
 →Application, 0x11f9acc80, pid: 76136, label: 'PumpSync'
  ↳Window (Main), 0x11f9acdc0, {{0.0, 0.0}, {402.0, 874.0}}
   ↳Other, 0x11f9acf00, {{0.0, 0.0}, {402.0, 874.0}}
    ↳Other, 0x11f9ad040, {{0.0, 0.0}, {402.0, 874.0}}
     ↳Other, 0x11f9ad180, {{0.0, 0.0}, {402.0, 874.0}}
      ↳Other, 0x11f9ad2c0, {{0.0, 0.0}, {402.0, 874.0}}
       ↳Other, 0x11f9ad400, {{0.0, 0.0}, {402.0, 874.0}}
        ↳Other, 0x11f9ad540, {{0.0, 0.0}, {402.0, 874.0}}
         ↳Other, 0x11f9ad680, {{0.0, 0.0}, {402.0, 874.0}}
          ↳Other, 0x11f9ad7c0, {{0.0, 0.0}, {402.0, 874.0}}
           ↳Other, 0x11f9ad900, {{0.0, 0.0}, {402.0, 874.0}}
            ↳Other, 0x11f9ada40, {{0.0, 0.0}, {402.0, 874.0}}
             ↳Other, 0x11f9adb80, {{0.0, 0.0}, {402.0, 874.0}}
              ↳Other, 0x11f9ae080, {{0.0, 0.0}, {402.0, 874.0}}
               ↳Other, 0x11f9ae1c0, {{0.0, 0.0}, {402.0, 874.0}}
                ↳Other, 0x11f9ae300, {{0.0, 0.0}, {402.0, 874.0}}
                 ↳Other, 0x11f9ae440, {{0.0, 0.0}, {402.0, 874.0}}
                  ↳ScrollView, 0x11f9ae580, {{0.0, 0.0}, {402.0, 874.0}}
                   ↳Other, 0x11f9af480, {{0.0, 168.0}, {402.0, 2797.7}}
                    ↳Other, 0x11f9af700, {{43.3, 226.3}, {101.7, 40.3}}, label: 'Version', value: 1.0.0 (33)
                     ↳StaticText, 0x11f9afac0, {{80.0, 248.7}, {65.0, 18.0}}, label: '1.0.0 (33)'
Query chain:
 →Find: Target Application 'dev.ericslutz.PumpSync'
  Output: {
    Application, 0x11fad5e00, pid: 76136, label: 'PumpSync'
  }
  ↪︎Find: Descendant with identity binding to AX element pid: 76136, elementOrHash.elementID: 4437888064.427
    Output: {
      StaticText, 0x11f9c30c0, {{80.0, 248.7}, {65.0, 18.0}}, label: '1.0.0 (33)'
    }

    t =    67.15s Find the Any (Descendant with identity binding to AX element pid: 76136, elementOrHash.elementID: 4437889408.430)
    t =    67.22s Requesting snapshot of accessibility hierarchy for app with pid 76136
    t =    67.35s Find: Descendant with identity binding to AX element pid: 76136, elementOrHash.elementID: 4437889408.430
    t =    67.42s Requesting snapshot of accessibility hierarchy for app with pid 76136
    t =    67.55s Find: Descendant with identity binding to AX element pid: 76136, elementOrHash.elementID: 4437889408.430
    t =    67.56s Requesting snapshot of accessibility hierarchy for app with pid 76136
AUDIT_ISSUE light-developer | 1 | Contrast nearly passed | Contrast is not high enough for SwiftUI.AccessibilityNode unless font size is larger. | Attributes: StaticText, 0x11f9b0000, {{80.0, 301.3}, {263.3, 38.0}}, label: '5D502360-4BB7-4FF9-9871-96668E9B88C0'
Element subtree:
 →StaticText, 0x11f9b0000, {{80.0, 301.3}, {263.3, 38.0}}, label: '5D502360-4BB7-4FF9-9871-96668E9B88C0'
Path to element:
 →Application, 0x11f9acc80, pid: 76136, label: 'PumpSync'
  ↳Window (Main), 0x11f9acdc0, {{0.0, 0.0}, {402.0, 874.0}}
   ↳Other, 0x11f9acf00, {{0.0, 0.0}, {402.0, 874.0}}
    ↳Other, 0x11f9ad040, {{0.0, 0.0}, {402.0, 874.0}}
     ↳Other, 0x11f9ad180, {{0.0, 0.0}, {402.0, 874.0}}
      ↳Other, 0x11f9ad2c0, {{0.0, 0.0}, {402.0, 874.0}}
       ↳Other, 0x11f9ad400, {{0.0, 0.0}, {402.0, 874.0}}
        ↳Other, 0x11f9ad540, {{0.0, 0.0}, {402.0, 874.0}}
         ↳Other, 0x11f9ad680, {{0.0, 0.0}, {402.0, 874.0}}
          ↳Other, 0x11f9ad7c0, {{0.0, 0.0}, {402.0, 874.0}}
           ↳Other, 0x11f9ad900, {{0.0, 0.0}, {402.0, 874.0}}
            ↳Other, 0x11f9ada40, {{0.0, 0.0}, {402.0, 874.0}}
             ↳Other, 0x11f9adb80, {{0.0, 0.0}, {402.0, 874.0}}
              ↳Other, 0x11f9ae080, {{0.0, 0.0}, {402.0, 874.0}}
               ↳Other, 0x11f9ae1c0, {{0.0, 0.0}, {402.0, 874.0}}
                ↳Other, 0x11f9ae300, {{0.0, 0.0}, {402.0, 874.0}}
                 ↳Other, 0x11f9ae440, {{0.0, 0.0}, {402.0, 874.0}}
                  ↳ScrollView, 0x11f9ae580, {{0.0, 0.0}, {402.0, 874.0}}
                   ↳Other, 0x11f9af480, {{0.0, 168.0}, {402.0, 2797.7}}
                    ↳Other, 0x11f9afc00, {{43.0, 279.0}, {300.3, 60.3}}, label: 'Installation ID', value: 5D502360-4BB7-4FF9...
                     ↳StaticText, 0x11f9b0000, {{80.0, 301.3}, {263.3, 38.0}}, label: '5D502360-4BB7-4FF9-9871-96668E9B88C0'
Query chain:
 →Find: Target Application 'dev.ericslutz.PumpSync'
  Output: {
    Application, 0x11fad5e00, pid: 76136, label: 'PumpSync'
  }
  ↪︎Find: Descendant with identity binding to AX element pid: 76136, elementOrHash.elementID: 4437889408.430
    Output: {
      StaticText, 0x11f9c35c0, {{80.0, 301.3}, {263.3, 38.0}}, label: '5D502360-4BB7-4FF9-9871-96668E9B88C0'
    }

    t =    67.70s Find the Any (Descendant with identity binding to AX element pid: 76136, elementOrHash.elementID: 4437893440.432)
    t =    67.76s Requesting snapshot of accessibility hierarchy for app with pid 76136
    t =    67.89s Find: Descendant with identity binding to AX element pid: 76136, elementOrHash.elementID: 4437893440.432
    t =    67.97s Requesting snapshot of accessibility hierarchy for app with pid 76136
    t =    68.10s Find: Descendant with identity binding to AX element pid: 76136, elementOrHash.elementID: 4437893440.432
    t =    68.11s Requesting snapshot of accessibility hierarchy for app with pid 76136
AUDIT_ISSUE light-developer | 1 | Contrast nearly passed | Contrast is not high enough for SwiftUI.AccessibilityNode unless font size is larger. | Attributes: StaticText, 0x11f9b03c0, {{80.0, 355.2}, {146.7, 20.3}}, label: 'Copy Installation ID'
Element subtree:
 →StaticText, 0x11f9b03c0, {{80.0, 355.2}, {146.7, 20.3}}, label: 'Copy Installation ID'
Path to element:
 →Application, 0x11f9acc80, pid: 76136, label: 'PumpSync'
  ↳Window (Main), 0x11f9acdc0, {{0.0, 0.0}, {402.0, 874.0}}
   ↳Other, 0x11f9acf00, {{0.0, 0.0}, {402.0, 874.0}}
    ↳Other, 0x11f9ad040, {{0.0, 0.0}, {402.0, 874.0}}
     ↳Other, 0x11f9ad180, {{0.0, 0.0}, {402.0, 874.0}}
      ↳Other, 0x11f9ad2c0, {{0.0, 0.0}, {402.0, 874.0}}
       ↳Other, 0x11f9ad400, {{0.0, 0.0}, {402.0, 874.0}}
        ↳Other, 0x11f9ad540, {{0.0, 0.0}, {402.0, 874.0}}
         ↳Other, 0x11f9ad680, {{0.0, 0.0}, {402.0, 874.0}}
          ↳Other, 0x11f9ad7c0, {{0.0, 0.0}, {402.0, 874.0}}
           ↳Other, 0x11f9ad900, {{0.0, 0.0}, {402.0, 874.0}}
            ↳Other, 0x11f9ada40, {{0.0, 0.0}, {402.0, 874.0}}
             ↳Other, 0x11f9adb80, {{0.0, 0.0}, {402.0, 874.0}}
              ↳Other, 0x11f9ae080, {{0.0, 0.0}, {402.0, 874.0}}
               ↳Other, 0x11f9ae1c0, {{0.0, 0.0}, {402.0, 874.0}}
                ↳Other, 0x11f9ae300, {{0.0, 0.0}, {402.0, 874.0}}
                 ↳Other, 0x11f9ae440, {{0.0, 0.0}, {402.0, 874.0}}
                  ↳ScrollView, 0x11f9ae580, {{0.0, 0.0}, {402.0, 874.0}}
                   ↳Other, 0x11f9af480, {{0.0, 168.0}, {402.0, 2797.7}}
                    ↳Button, 0x11f9b0140, {{42.0, 353.0}, {184.7, 24.7}}, label: 'Copy Installation ID'
                     ↳StaticText, 0x11f9b03c0, {{80.0, 355.2}, {146.7, 20.3}}, label: 'Copy Installation ID'
Query chain:
 →Find: Target Application 'dev.ericslutz.PumpSync'
  Output: {
    Application, 0x11fad5e00, pid: 76136, label: 'PumpSync'
  }
  ↪︎Find: Descendant with identity binding to AX element pid: 76136, elementOrHash.elementID: 4437893440.432
    Output: {
      StaticText, 0x11f9c3980, {{80.0, 355.2}, {146.7, 20.3}}, label: 'Copy Installation ID'
    }

    t =    68.25s Find the Any (Descendant with identity binding to AX element pid: 76136, elementOrHash.elementID: 4437895232.435)
    t =    68.32s Requesting snapshot of accessibility hierarchy for app with pid 76136
    t =    68.45s Find: Descendant with identity binding to AX element pid: 76136, elementOrHash.elementID: 4437895232.435
    t =    68.53s Requesting snapshot of accessibility hierarchy for app with pid 76136
    t =    68.67s Find: Descendant with identity binding to AX element pid: 76136, elementOrHash.elementID: 4437895232.435
    t =    68.67s Requesting snapshot of accessibility hierarchy for app with pid 76136
AUDIT_ISSUE light-developer | 1 | Contrast nearly passed | Contrast is not high enough for SwiftUI.AccessibilityNode unless font size is larger. | Attributes: StaticText, 0x11f9b0a00, {{80.0, 489.7}, {40.7, 18.0}}, label: 'Never'
Element subtree:
 →StaticText, 0x11f9b0a00, {{80.0, 489.7}, {40.7, 18.0}}, label: 'Never'
Path to element:
 →Application, 0x11f9acc80, pid: 76136, label: 'PumpSync'
  ↳Window (Main), 0x11f9acdc0, {{0.0, 0.0}, {402.0, 874.0}}
   ↳Other, 0x11f9acf00, {{0.0, 0.0}, {402.0, 874.0}}
    ↳Other, 0x11f9ad040, {{0.0, 0.0}, {402.0, 874.0}}
     ↳Other, 0x11f9ad180, {{0.0, 0.0}, {402.0, 874.0}}
      ↳Other, 0x11f9ad2c0, {{0.0, 0.0}, {402.0, 874.0}}
       ↳Other, 0x11f9ad400, {{0.0, 0.0}, {402.0, 874.0}}
        ↳Other, 0x11f9ad540, {{0.0, 0.0}, {402.0, 874.0}}
         ↳Other, 0x11f9ad680, {{0.0, 0.0}, {402.0, 874.0}}
          ↳Other, 0x11f9ad7c0, {{0.0, 0.0}, {402.0, 874.0}}
           ↳Other, 0x11f9ad900, {{0.0, 0.0}, {402.0, 874.0}}
            ↳Other, 0x11f9ada40, {{0.0, 0.0}, {402.0, 874.0}}
             ↳Other, 0x11f9adb80, {{0.0, 0.0}, {402.0, 874.0}}
              ↳Other, 0x11f9ae080, {{0.0, 0.0}, {402.0, 874.0}}
               ↳Other, 0x11f9ae1c0, {{0.0, 0.0}, {402.0, 874.0}}
                ↳Other, 0x11f9ae300, {{0.0, 0.0}, {402.0, 874.0}}
                 ↳Other, 0x11f9ae440, {{0.0, 0.0}, {402.0, 874.0}}
                  ↳ScrollView, 0x11f9ae580, {{0.0, 0.0}, {402.0, 874.0}}
                   ↳Other, 0x11f9af480, {{0.0, 168.0}, {402.0, 2797.7}}
                    ↳Other, 0x11f9b0640, {{42.0, 467.3}, {134.3, 40.3}}, label: 'Last attempt', value: Never
                     ↳StaticText, 0x11f9b0a00, {{80.0, 489.7}, {40.7, 18.0}}, label: 'Never'
Query chain:
 →Find: Target Application 'dev.ericslutz.PumpSync'
  Output: {
    Application, 0x11fad5e00, pid: 76136, label: 'PumpSync'
  }
  ↪︎Find: Descendant with identity binding to AX element pid: 76136, elementOrHash.elementID: 4437895232.435
    Output: {
      StaticText, 0x114ba3340, {{80.0, 489.7}, {40.7, 18.0}}, label: 'Never'
    }

    t =    68.81s Find the Any (Descendant with identity binding to AX element pid: 76136, elementOrHash.elementID: 4437886720.438)
    t =    68.88s Requesting snapshot of accessibility hierarchy for app with pid 76136
    t =    69.01s Find: Descendant with identity binding to AX element pid: 76136, elementOrHash.elementID: 4437886720.438
    t =    69.09s Requesting snapshot of accessibility hierarchy for app with pid 76136
    t =    69.23s Find: Descendant with identity binding to AX element pid: 76136, elementOrHash.elementID: 4437886720.438
    t =    69.23s Requesting snapshot of accessibility hierarchy for app with pid 76136
AUDIT_ISSUE light-developer | 1 | Contrast nearly passed | Contrast is not high enough for SwiftUI.AccessibilityNode unless font size is larger. | Attributes: StaticText, 0x11f9b0f00, {{80.0, 542.3}, {40.7, 18.0}}, label: 'Never'
Element subtree:
 →StaticText, 0x11f9b0f00, {{80.0, 542.3}, {40.7, 18.0}}, label: 'Never'
Path to element:
 →Application, 0x11f9acc80, pid: 76136, label: 'PumpSync'
  ↳Window (Main), 0x11f9acdc0, {{0.0, 0.0}, {402.0, 874.0}}
   ↳Other, 0x11f9acf00, {{0.0, 0.0}, {402.0, 874.0}}
    ↳Other, 0x11f9ad040, {{0.0, 0.0}, {402.0, 874.0}}
     ↳Other, 0x11f9ad180, {{0.0, 0.0}, {402.0, 874.0}}
      ↳Other, 0x11f9ad2c0, {{0.0, 0.0}, {402.0, 874.0}}
       ↳Other, 0x11f9ad400, {{0.0, 0.0}, {402.0, 874.0}}
        ↳Other, 0x11f9ad540, {{0.0, 0.0}, {402.0, 874.0}}
         ↳Other, 0x11f9ad680, {{0.0, 0.0}, {402.0, 874.0}}
          ↳Other, 0x11f9ad7c0, {{0.0, 0.0}, {402.0, 874.0}}
           ↳Other, 0x11f9ad900, {{0.0, 0.0}, {402.0, 874.0}}
            ↳Other, 0x11f9ada40, {{0.0, 0.0}, {402.0, 874.0}}
             ↳Other, 0x11f9adb80, {{0.0, 0.0}, {402.0, 874.0}}
              ↳Other, 0x11f9ae080, {{0.0, 0.0}, {402.0, 874.0}}
               ↳Other, 0x11f9ae1c0, {{0.0, 0.0}, {402.0, 874.0}}
                ↳Other, 0x11f9ae300, {{0.0, 0.0}, {402.0, 874.0}}
                 ↳Other, 0x11f9ae440, {{0.0, 0.0}, {402.0, 874.0}}
                  ↳ScrollView, 0x11f9ae580, {{0.0, 0.0}, {402.0, 874.0}}
                   ↳Other, 0x11f9af480, {{0.0, 168.0}, {402.0, 2797.7}}
                    ↳Other, 0x11f9b0b40, {{42.0, 520.0}, {137.0, 40.3}}, label: 'Last success', value: Never
                     ↳StaticText, 0x11f9b0f00, {{80.0, 542.3}, {40.7, 18.0}}, label: 'Never'
Query chain:
 →Find: Target Application 'dev.ericslutz.PumpSync'
  Output: {
    Application, 0x11fad5e00, pid: 76136, label: 'PumpSync'
  }
  ↪︎Find: Descendant with identity binding to AX element pid: 76136, elementOrHash.elementID: 4437886720.438
    Output: {
      StaticText, 0x114ba3c00, {{80.0, 542.3}, {40.7, 18.0}}, label: 'Never'
    }

    t =    69.37s Find the Any (Descendant with identity binding to AX element pid: 76136, elementOrHash.elementID: 4437887616.441)
    t =    69.44s Requesting snapshot of accessibility hierarchy for app with pid 76136
    t =    69.57s Find: Descendant with identity binding to AX element pid: 76136, elementOrHash.elementID: 4437887616.441
    t =    69.65s Requesting snapshot of accessibility hierarchy for app with pid 76136
    t =    69.78s Find: Descendant with identity binding to AX element pid: 76136, elementOrHash.elementID: 4437887616.441
    t =    69.79s Requesting snapshot of accessibility hierarchy for app with pid 76136
AUDIT_ISSUE light-developer | 1 | Contrast nearly passed | Contrast is not high enough for SwiftUI.AccessibilityNode unless font size is larger. | Attributes: StaticText, 0x11f9b1400, {{80.0, 595.0}, {9.3, 18.0}}, label: '0'
Element subtree:
 →StaticText, 0x11f9b1400, {{80.0, 595.0}, {9.3, 18.0}}, label: '0'
Path to element:
 →Application, 0x11f9acc80, pid: 76136, label: 'PumpSync'
  ↳Window (Main), 0x11f9acdc0, {{0.0, 0.0}, {402.0, 874.0}}
   ↳Other, 0x11f9acf00, {{0.0, 0.0}, {402.0, 874.0}}
    ↳Other, 0x11f9ad040, {{0.0, 0.0}, {402.0, 874.0}}
     ↳Other, 0x11f9ad180, {{0.0, 0.0}, {402.0, 874.0}}
      ↳Other, 0x11f9ad2c0, {{0.0, 0.0}, {402.0, 874.0}}
       ↳Other, 0x11f9ad400, {{0.0, 0.0}, {402.0, 874.0}}
        ↳Other, 0x11f9ad540, {{0.0, 0.0}, {402.0, 874.0}}
         ↳Other, 0x11f9ad680, {{0.0, 0.0}, {402.0, 874.0}}
          ↳Other, 0x11f9ad7c0, {{0.0, 0.0}, {402.0, 874.0}}
           ↳Other, 0x11f9ad900, {{0.0, 0.0}, {402.0, 874.0}}
            ↳Other, 0x11f9ada40, {{0.0, 0.0}, {402.0, 874.0}}
             ↳Other, 0x11f9adb80, {{0.0, 0.0}, {402.0, 874.0}}
              ↳Other, 0x11f9ae080, {{0.0, 0.0}, {402.0, 874.0}}
               ↳Other, 0x11f9ae1c0, {{0.0, 0.0}, {402.0, 874.0}}
                ↳Other, 0x11f9ae300, {{0.0, 0.0}, {402.0, 874.0}}
                 ↳Other, 0x11f9ae440, {{0.0, 0.0}, {402.0, 874.0}}
                  ↳ScrollView, 0x11f9ae580, {{0.0, 0.0}, {402.0, 874.0}}
                   ↳Other, 0x11f9af480, {{0.0, 168.0}, {402.0, 2797.7}}
                    ↳Other, 0x11f9b1040, {{40.3, 572.7}, {109.7, 40.3}}, label: 'Returned', value: 0
                     ↳StaticText, 0x11f9b1400, {{80.0, 595.0}, {9.3, 18.0}}, label: '0'
Query chain:
 →Find: Target Application 'dev.ericslutz.PumpSync'
  Output: {
    Application, 0x11fad5e00, pid: 76136, label: 'PumpSync'
  }
  ↪︎Find: Descendant with identity binding to AX element pid: 76136, elementOrHash.elementID: 4437887616.441
    Output: {
      StaticText, 0x114ba3480, {{80.0, 595.0}, {9.3, 18.0}}, label: '0'
    }

    t =    69.92s Find the Any (Descendant with identity binding to AX element pid: 76136, elementOrHash.elementID: 4437888960.444)
    t =    69.99s Requesting snapshot of accessibility hierarchy for app with pid 76136
    t =    70.12s Find: Descendant with identity binding to AX element pid: 76136, elementOrHash.elementID: 4437888960.444
    t =    70.20s Requesting snapshot of accessibility hierarchy for app with pid 76136
    t =    70.33s Find: Descendant with identity binding to AX element pid: 76136, elementOrHash.elementID: 4437888960.444
    t =    70.33s Requesting snapshot of accessibility hierarchy for app with pid 76136
AUDIT_ISSUE light-developer | 1 | Contrast nearly passed | Contrast is not high enough for SwiftUI.AccessibilityNode unless font size is larger. | Attributes: StaticText, 0x11f9b1900, {{80.0, 647.7}, {9.3, 18.0}}, label: '0'
Element subtree:
 →StaticText, 0x11f9b1900, {{80.0, 647.7}, {9.3, 18.0}}, label: '0'
Path to element:
 →Application, 0x11f9acc80, pid: 76136, label: 'PumpSync'
  ↳Window (Main), 0x11f9acdc0, {{0.0, 0.0}, {402.0, 874.0}}
   ↳Other, 0x11f9acf00, {{0.0, 0.0}, {402.0, 874.0}}
    ↳Other, 0x11f9ad040, {{0.0, 0.0}, {402.0, 874.0}}
     ↳Other, 0x11f9ad180, {{0.0, 0.0}, {402.0, 874.0}}
      ↳Other, 0x11f9ad2c0, {{0.0, 0.0}, {402.0, 874.0}}
       ↳Other, 0x11f9ad400, {{0.0, 0.0}, {402.0, 874.0}}
        ↳Other, 0x11f9ad540, {{0.0, 0.0}, {402.0, 874.0}}
         ↳Other, 0x11f9ad680, {{0.0, 0.0}, {402.0, 874.0}}
          ↳Other, 0x11f9ad7c0, {{0.0, 0.0}, {402.0, 874.0}}
           ↳Other, 0x11f9ad900, {{0.0, 0.0}, {402.0, 874.0}}
            ↳Other, 0x11f9ada40, {{0.0, 0.0}, {402.0, 874.0}}
             ↳Other, 0x11f9adb80, {{0.0, 0.0}, {402.0, 874.0}}
              ↳Other, 0x11f9ae080, {{0.0, 0.0}, {402.0, 874.0}}
               ↳Other, 0x11f9ae1c0, {{0.0, 0.0}, {402.0, 874.0}}
                ↳Other, 0x11f9ae300, {{0.0, 0.0}, {402.0, 874.0}}
                 ↳Other, 0x11f9ae440, {{0.0, 0.0}, {402.0, 874.0}}
                  ↳ScrollView, 0x11f9ae580, {{0.0, 0.0}, {402.0, 874.0}}
                   ↳Other, 0x11f9af480, {{0.0, 168.0}, {402.0, 2797.7}}
                    ↳Other, 0x11f9b1540, {{43.3, 625.3}, {106.0, 40.3}}, label: 'Imported', value: 0
                     ↳StaticText, 0x11f9b1900, {{80.0, 647.7}, {9.3, 18.0}}, label: '0'
Query chain:
 →Find: Target Application 'dev.ericslutz.PumpSync'
  Output: {
    Application, 0x11fad5e00, pid: 76136, label: 'PumpSync'
  }
  ↪︎Find: Descendant with identity binding to AX element pid: 76136, elementOrHash.elementID: 4437888960.444
    Output: {
      StaticText, 0x11f9ac000, {{80.0, 647.7}, {9.3, 18.0}}, label: '0'
    }

    t =    70.47s Find the Any (Descendant with identity binding to AX element pid: 76136, elementOrHash.elementID: 4437816448.446)
    t =    70.54s Requesting snapshot of accessibility hierarchy for app with pid 76136
    t =    70.67s Find: Descendant with identity binding to AX element pid: 76136, elementOrHash.elementID: 4437816448.446
    t =    70.75s Requesting snapshot of accessibility hierarchy for app with pid 76136
    t =    70.88s Find: Descendant with identity binding to AX element pid: 76136, elementOrHash.elementID: 4437816448.446
    t =    70.89s Requesting snapshot of accessibility hierarchy for app with pid 76136
AUDIT_ISSUE light-developer | 1 | Contrast failed | Contrast failed for SwiftUI.AccessibilityNode | Attributes: StaticText, 0x11f9b1e00, {{40.0, 749.0}, {192.0, 21.3}}, label: 'Share Support Bundle'
Element subtree:
 →StaticText, 0x11f9b1e00, {{40.0, 749.0}, {192.0, 21.3}}, label: 'Share Support Bundle'
Path to element:
 →Application, 0x11f9acc80, pid: 76136, label: 'PumpSync'
  ↳Window (Main), 0x11f9acdc0, {{0.0, 0.0}, {402.0, 874.0}}
   ↳Other, 0x11f9acf00, {{0.0, 0.0}, {402.0, 874.0}}
    ↳Other, 0x11f9ad040, {{0.0, 0.0}, {402.0, 874.0}}
     ↳Other, 0x11f9ad180, {{0.0, 0.0}, {402.0, 874.0}}
      ↳Other, 0x11f9ad2c0, {{0.0, 0.0}, {402.0, 874.0}}
       ↳Other, 0x11f9ad400, {{0.0, 0.0}, {402.0, 874.0}}
        ↳Other, 0x11f9ad540, {{0.0, 0.0}, {402.0, 874.0}}
         ↳Other, 0x11f9ad680, {{0.0, 0.0}, {402.0, 874.0}}
          ↳Other, 0x11f9ad7c0, {{0.0, 0.0}, {402.0, 874.0}}
           ↳Other, 0x11f9ad900, {{0.0, 0.0}, {402.0, 874.0}}
            ↳Other, 0x11f9ada40, {{0.0, 0.0}, {402.0, 874.0}}
             ↳Other, 0x11f9adb80, {{0.0, 0.0}, {402.0, 874.0}}
              ↳Other, 0x11f9ae080, {{0.0, 0.0}, {402.0, 874.0}}
               ↳Other, 0x11f9ae1c0, {{0.0, 0.0}, {402.0, 874.0}}
                ↳Other, 0x11f9ae300, {{0.0, 0.0}, {402.0, 874.0}}
                 ↳Other, 0x11f9ae440, {{0.0, 0.0}, {402.0, 874.0}}
                  ↳ScrollView, 0x11f9ae580, {{0.0, 0.0}, {402.0, 874.0}}
                   ↳Other, 0x11f9af480, {{0.0, 168.0}, {402.0, 2797.7}}
                    ↳Button, 0x11f9b1b80, {{40.0, 749.0}, {192.0, 21.3}}, label: 'Share Support Bundle'
                     ↳StaticText, 0x11f9b1e00, {{40.0, 749.0}, {192.0, 21.3}}, label: 'Share Support Bundle'
Query chain:
 →Find: Target Application 'dev.ericslutz.PumpSync'
  Output: {
    Application, 0x11fad5e00, pid: 76136, label: 'PumpSync'
  }
  ↪︎Find: Descendant with identity binding to AX element pid: 76136, elementOrHash.elementID: 4437816448.446
    Output: {
      StaticText, 0x11f9ac500, {{40.0, 749.0}, {192.0, 21.3}}, label: 'Share Support Bundle'
    }

    t =    71.03s Find the Any (Descendant with identity binding to AX element pid: 76136, elementOrHash.elementID: 4437951360.447)
    t =    71.09s Requesting snapshot of accessibility hierarchy for app with pid 76136
    t =    71.23s Find: Descendant with identity binding to AX element pid: 76136, elementOrHash.elementID: 4437951360.447
    t =    71.31s Requesting snapshot of accessibility hierarchy for app with pid 76136
    t =    71.44s Find: Descendant with identity binding to AX element pid: 76136, elementOrHash.elementID: 4437951360.447
    t =    71.44s Requesting snapshot of accessibility hierarchy for app with pid 76136
AUDIT_ISSUE light-developer | 1 | Contrast failed | Contrast failed for SwiftUI.AccessibilityNode | Attributes: StaticText, 0x11f9b21c0, {{38.0, 838.3}, {40.0, 14.3}}, label: 'Sign in'
Element subtree:
 →StaticText, 0x11f9b21c0, {{38.0, 838.3}, {40.0, 14.3}}, label: 'Sign in'
Path to element:
 →Application, 0x11f9acc80, pid: 76136, label: 'PumpSync'
  ↳Window (Main), 0x11f9acdc0, {{0.0, 0.0}, {402.0, 874.0}}
   ↳Other, 0x11f9acf00, {{0.0, 0.0}, {402.0, 874.0}}
    ↳Other, 0x11f9ad040, {{0.0, 0.0}, {402.0, 874.0}}
     ↳Other, 0x11f9ad180, {{0.0, 0.0}, {402.0, 874.0}}
      ↳Other, 0x11f9ad2c0, {{0.0, 0.0}, {402.0, 874.0}}
       ↳Other, 0x11f9ad400, {{0.0, 0.0}, {402.0, 874.0}}
        ↳Other, 0x11f9ad540, {{0.0, 0.0}, {402.0, 874.0}}
         ↳Other, 0x11f9ad680, {{0.0, 0.0}, {402.0, 874.0}}
          ↳Other, 0x11f9ad7c0, {{0.0, 0.0}, {402.0, 874.0}}
           ↳Other, 0x11f9ad900, {{0.0, 0.0}, {402.0, 874.0}}
            ↳Other, 0x11f9ada40, {{0.0, 0.0}, {402.0, 874.0}}
             ↳Other, 0x11f9adb80, {{0.0, 0.0}, {402.0, 874.0}}
              ↳Other, 0x11f9ae080, {{0.0, 0.0}, {402.0, 874.0}}
               ↳Other, 0x11f9ae1c0, {{0.0, 0.0}, {402.0, 874.0}}
                ↳Other, 0x11f9ae300, {{0.0, 0.0}, {402.0, 874.0}}
                 ↳Other, 0x11f9ae440, {{0.0, 0.0}, {402.0, 874.0}}
                  ↳ScrollView, 0x11f9ae580, {{0.0, 0.0}, {402.0, 874.0}}
                   ↳Other, 0x11f9af480, {{0.0, 168.0}, {402.0, 2797.7}}
                    ↳Other, 0x11f9b2080, {{38.0, 838.3}, {326.0, 70.7}}, label: 'Subscription recovery skipped', value: Sign in, Warning, ...
                     ↳StaticText, 0x11f9b21c0, {{38.0, 838.3}, {40.0, 14.3}}, label: 'Sign in'
Query chain:
 →Find: Target Application 'dev.ericslutz.PumpSync'
  Output: {
    Application, 0x11fad5e00, pid: 76136, label: 'PumpSync'
  }
  ↪︎Find: Descendant with identity binding to AX element pid: 76136, elementOrHash.elementID: 4437951360.447
    Output: {
      StaticText, 0x11f9ac8c0, {{38.0, 838.3}, {40.0, 14.3}}, label: 'Sign in'
    }

    t =    71.58s Find the Any (Descendant with identity binding to AX element pid: 76136, elementOrHash.elementID: 4437964800.448)
    t =    71.65s Requesting snapshot of accessibility hierarchy for app with pid 76136
    t =    71.78s Find: Descendant with identity binding to AX element pid: 76136, elementOrHash.elementID: 4437964800.448
    t =    71.86s Requesting snapshot of accessibility hierarchy for app with pid 76136
    t =    72.00s Find: Descendant with identity binding to AX element pid: 76136, elementOrHash.elementID: 4437964800.448
    t =    72.00s Requesting snapshot of accessibility hierarchy for app with pid 76136
AUDIT_ISSUE light-developer | 1 | Contrast failed | Contrast failed for SwiftUI.AccessibilityNode | Attributes: StaticText, 0x11f9b2300, {{86.0, 838.3}, {46.7, 14.3}}, label: 'Warning'
Element subtree:
 →StaticText, 0x11f9b2300, {{86.0, 838.3}, {46.7, 14.3}}, label: 'Warning'
Path to element:
 →Application, 0x11f9acc80, pid: 76136, label: 'PumpSync'
  ↳Window (Main), 0x11f9acdc0, {{0.0, 0.0}, {402.0, 874.0}}
   ↳Other, 0x11f9acf00, {{0.0, 0.0}, {402.0, 874.0}}
    ↳Other, 0x11f9ad040, {{0.0, 0.0}, {402.0, 874.0}}
     ↳Other, 0x11f9ad180, {{0.0, 0.0}, {402.0, 874.0}}
      ↳Other, 0x11f9ad2c0, {{0.0, 0.0}, {402.0, 874.0}}
       ↳Other, 0x11f9ad400, {{0.0, 0.0}, {402.0, 874.0}}
        ↳Other, 0x11f9ad540, {{0.0, 0.0}, {402.0, 874.0}}
         ↳Other, 0x11f9ad680, {{0.0, 0.0}, {402.0, 874.0}}
          ↳Other, 0x11f9ad7c0, {{0.0, 0.0}, {402.0, 874.0}}
           ↳Other, 0x11f9ad900, {{0.0, 0.0}, {402.0, 874.0}}
            ↳Other, 0x11f9ada40, {{0.0, 0.0}, {402.0, 874.0}}
             ↳Other, 0x11f9adb80, {{0.0, 0.0}, {402.0, 874.0}}
              ↳Other, 0x11f9ae080, {{0.0, 0.0}, {402.0, 874.0}}
               ↳Other, 0x11f9ae1c0, {{0.0, 0.0}, {402.0, 874.0}}
                ↳Other, 0x11f9ae300, {{0.0, 0.0}, {402.0, 874.0}}
                 ↳Other, 0x11f9ae440, {{0.0, 0.0}, {402.0, 874.0}}
                  ↳ScrollView, 0x11f9ae580, {{0.0, 0.0}, {402.0, 874.0}}
                   ↳Other, 0x11f9af480, {{0.0, 168.0}, {402.0, 2797.7}}
                    ↳Other, 0x11f9b2080, {{38.0, 838.3}, {326.0, 70.7}}, label: 'Subscription recovery skipped', value: Sign in, Warning, ...
                     ↳StaticText, 0x11f9b2300, {{86.0, 838.3}, {46.7, 14.3}}, label: 'Warning'
Query chain:
 →Find: Target Application 'dev.ericslutz.PumpSync'
  Output: {
    Application, 0x11fad5e00, pid: 76136, label: 'PumpSync'
  }
  ↪︎Find: Descendant with identity binding to AX element pid: 76136, elementOrHash.elementID: 4437964800.448
    Output: {
      StaticText, 0x11f9aca00, {{86.0, 838.3}, {46.7, 14.3}}, label: 'Warning'
    }

    t =    72.14s Find the Any (Descendant with identity binding to AX element pid: 76136, elementOrHash.elementID: 4437963904.449)
    t =    72.20s Requesting snapshot of accessibility hierarchy for app with pid 76136
    t =    72.33s Find: Descendant with identity binding to AX element pid: 76136, elementOrHash.elementID: 4437963904.449
    t =    72.42s Requesting snapshot of accessibility hierarchy for app with pid 76136
    t =    72.55s Find: Descendant with identity binding to AX element pid: 76136, elementOrHash.elementID: 4437963904.449
    t =    72.56s Requesting snapshot of accessibility hierarchy for app with pid 76136
AUDIT_ISSUE light-developer | 1 | Contrast failed | Contrast failed for SwiftUI.AccessibilityNode | Attributes: StaticText, 0x11f9b2440, {{316.0, 838.3}, {48.0, 14.3}}, label: '11:31 AM'
Element subtree:
 →StaticText, 0x11f9b2440, {{316.0, 838.3}, {48.0, 14.3}}, label: '11:31 AM'
Path to element:
 →Application, 0x11f9acc80, pid: 76136, label: 'PumpSync'
  ↳Window (Main), 0x11f9acdc0, {{0.0, 0.0}, {402.0, 874.0}}
   ↳Other, 0x11f9acf00, {{0.0, 0.0}, {402.0, 874.0}}
    ↳Other, 0x11f9ad040, {{0.0, 0.0}, {402.0, 874.0}}
     ↳Other, 0x11f9ad180, {{0.0, 0.0}, {402.0, 874.0}}
      ↳Other, 0x11f9ad2c0, {{0.0, 0.0}, {402.0, 874.0}}
       ↳Other, 0x11f9ad400, {{0.0, 0.0}, {402.0, 874.0}}
        ↳Other, 0x11f9ad540, {{0.0, 0.0}, {402.0, 874.0}}
         ↳Other, 0x11f9ad680, {{0.0, 0.0}, {402.0, 874.0}}
          ↳Other, 0x11f9ad7c0, {{0.0, 0.0}, {402.0, 874.0}}
           ↳Other, 0x11f9ad900, {{0.0, 0.0}, {402.0, 874.0}}
            ↳Other, 0x11f9ada40, {{0.0, 0.0}, {402.0, 874.0}}
             ↳Other, 0x11f9adb80, {{0.0, 0.0}, {402.0, 874.0}}
              ↳Other, 0x11f9ae080, {{0.0, 0.0}, {402.0, 874.0}}
               ↳Other, 0x11f9ae1c0, {{0.0, 0.0}, {402.0, 874.0}}
                ↳Other, 0x11f9ae300, {{0.0, 0.0}, {402.0, 874.0}}
                 ↳Other, 0x11f9ae440, {{0.0, 0.0}, {402.0, 874.0}}
                  ↳ScrollView, 0x11f9ae580, {{0.0, 0.0}, {402.0, 874.0}}
                   ↳Other, 0x11f9af480, {{0.0, 168.0}, {402.0, 2797.7}}
                    ↳Other, 0x11f9b2080, {{38.0, 838.3}, {326.0, 70.7}}, label: 'Subscription recovery skipped', value: Sign in, Warning, ...
                     ↳StaticText, 0x11f9b2440, {{316.0, 838.3}, {48.0, 14.3}}, label: '11:31 AM'
Query chain:
 →Find: Target Application 'dev.ericslutz.PumpSync'
  Output: {
    Application, 0x11fad5e00, pid: 76136, label: 'PumpSync'
  }
  ↪︎Find: Descendant with identity binding to AX element pid: 76136, elementOrHash.elementID: 4437963904.449
    Output: {
      StaticText, 0x11f9c4000, {{316.0, 838.3}, {48.0, 14.3}}, label: '11:31 AM'
    }

    t =    72.69s Find the Any (Descendant with identity binding to AX element pid: 76136, elementOrHash.elementID: 4437963008.450)
    t =    72.76s Requesting snapshot of accessibility hierarchy for app with pid 76136
    t =    72.89s Find: Descendant with identity binding to AX element pid: 76136, elementOrHash.elementID: 4437963008.450
    t =    72.98s Requesting snapshot of accessibility hierarchy for app with pid 76136
    t =    73.11s Find: Descendant with identity binding to AX element pid: 76136, elementOrHash.elementID: 4437963008.450
    t =    73.12s Requesting snapshot of accessibility hierarchy for app with pid 76136
AUDIT_ISSUE light-developer | 1 | Contrast failed | Contrast failed for SwiftUI.AccessibilityNode | Attributes: StaticText, 0x11f9b2580, {{38.0, 856.7}, {218.0, 18.0}}, label: 'Subscription recovery skipped'
Element subtree:
 →StaticText, 0x11f9b2580, {{38.0, 856.7}, {218.0, 18.0}}, label: 'Subscription recovery skipped'
Path to element:
 →Application, 0x11f9acc80, pid: 76136, label: 'PumpSync'
  ↳Window (Main), 0x11f9acdc0, {{0.0, 0.0}, {402.0, 874.0}}
   ↳Other, 0x11f9acf00, {{0.0, 0.0}, {402.0, 874.0}}
    ↳Other, 0x11f9ad040, {{0.0, 0.0}, {402.0, 874.0}}
     ↳Other, 0x11f9ad180, {{0.0, 0.0}, {402.0, 874.0}}
      ↳Other, 0x11f9ad2c0, {{0.0, 0.0}, {402.0, 874.0}}
       ↳Other, 0x11f9ad400, {{0.0, 0.0}, {402.0, 874.0}}
        ↳Other, 0x11f9ad540, {{0.0, 0.0}, {402.0, 874.0}}
         ↳Other, 0x11f9ad680, {{0.0, 0.0}, {402.0, 874.0}}
          ↳Other, 0x11f9ad7c0, {{0.0, 0.0}, {402.0, 874.0}}
           ↳Other, 0x11f9ad900, {{0.0, 0.0}, {402.0, 874.0}}
            ↳Other, 0x11f9ada40, {{0.0, 0.0}, {402.0, 874.0}}
             ↳Other, 0x11f9adb80, {{0.0, 0.0}, {402.0, 874.0}}
              ↳Other, 0x11f9ae080, {{0.0, 0.0}, {402.0, 874.0}}
               ↳Other, 0x11f9ae1c0, {{0.0, 0.0}, {402.0, 874.0}}
                ↳Other, 0x11f9ae300, {{0.0, 0.0}, {402.0, 874.0}}
                 ↳Other, 0x11f9ae440, {{0.0, 0.0}, {402.0, 874.0}}
                  ↳ScrollView, 0x11f9ae580, {{0.0, 0.0}, {402.0, 874.0}}
                   ↳Other, 0x11f9af480, {{0.0, 168.0}, {402.0, 2797.7}}
                    ↳Other, 0x11f9b2080, {{38.0, 838.3}, {326.0, 70.7}}, label: 'Subscription recovery skipped', value: Sign in, Warning, ...
                     ↳StaticText, 0x11f9b2580, {{38.0, 856.7}, {218.0, 18.0}}, label: 'Subscription recovery skipped'
Query chain:
 →Find: Target Application 'dev.ericslutz.PumpSync'
  Output: {
    Application, 0x11fad5e00, pid: 76136, label: 'PumpSync'
  }
  ↪︎Find: Descendant with identity binding to AX element pid: 76136, elementOrHash.elementID: 4437963008.450
    Output: {
      StaticText, 0x11f9c4140, {{38.0, 856.7}, {218.0, 18.0}}, label: 'Subscription recovery skipped'
    }

    t =    73.26s Tap Button (First Match)
    t =    73.26s     Wait for dev.ericslutz.PumpSync to idle
    t =    73.26s     Find the Button (First Match)
    t =    73.29s     Check for interrupting elements affecting "BackButton" Button
    t =    73.36s     Synthesize event
    t =    73.67s     Wait for dev.ericslutz.PumpSync to idle
    t =    74.01s Find the "Self-hosted" Button
    t =    74.07s Tap "Self-hosted" Button
    t =    74.07s     Wait for dev.ericslutz.PumpSync to idle
    t =    74.07s     Find the "Self-hosted" Button
    t =    74.11s     Check for interrupting elements affecting "Self-hosted" Button
    t =    74.14s     Synthesize event
    t =    74.45s     Wait for dev.ericslutz.PumpSync to idle
    t =    74.46s Find the Target Application 'dev.ericslutz.PumpSync'
    t =    74.59s Added attachment named 'light-selfhost.png'
    t =    74.59s Requesting snapshot of accessibility hierarchy for app with pid 76136
    t =    74.78s Requesting snapshot of accessibility hierarchy for app with pid 76136
    t =    74.83s Added attachment named 'light-selfhost-tree.txt'
    t =    76.95s Find the Any (Descendant with identity binding to AX element pid: 76136, elementOrHash.elementID: 4382210496.110)
    t =    76.99s Requesting snapshot of accessibility hierarchy for app with pid 76136
    t =    77.04s Find: Descendant with identity binding to AX element pid: 76136, elementOrHash.elementID: 4382210496.110
    t =    77.12s Requesting snapshot of accessibility hierarchy for app with pid 76136
    t =    77.16s Find: Descendant with identity binding to AX element pid: 76136, elementOrHash.elementID: 4382210496.110
    t =    77.17s Requesting snapshot of accessibility hierarchy for app with pid 76136
AUDIT_ISSUE light-selfhost | 1 | Contrast failed | Contrast failed for SwiftUI.AccessibilityNode | Attributes: StaticText, 0x1070ab700, {{24.0, 79.3}, {91.3, 20.3}}, label: 'Connection'
Element subtree:
 →StaticText, 0x1070ab700, {{24.0, 79.3}, {91.3, 20.3}}, label: 'Connection'
Path to element:
 →Application, 0x1070a83c0, pid: 76136, label: 'PumpSync'
  ↳Window (Main), 0x1070a8500, {{0.0, 0.0}, {402.0, 874.0}}
   ↳Other, 0x1070a8640, {{0.0, 0.0}, {402.0, 874.0}}
    ↳Other, 0x1070a8780, {{0.0, 0.0}, {402.0, 874.0}}
     ↳Other, 0x1070a88c0, {{0.0, 0.0}, {402.0, 874.0}}
      ↳Other, 0x1070a8a00, {{0.0, 0.0}, {402.0, 874.0}}
       ↳Other, 0x1070a8b40, {{0.0, 0.0}, {402.0, 874.0}}
        ↳Other, 0x1070a8c80, {{0.0, 0.0}, {402.0, 874.0}}
         ↳Other, 0x1070a8dc0, {{0.0, 0.0}, {402.0, 874.0}}
          ↳Other, 0x1070a8f00, {{0.0, 0.0}, {402.0, 874.0}}
           ↳Other, 0x1070a9040, {{0.0, 0.0}, {402.0, 874.0}}
            ↳Other, 0x1070a9180, {{0.0, 0.0}, {402.0, 874.0}}
             ↳Other, 0x1070a92c0, {{0.0, 0.0}, {402.0, 874.0}}
              ↳Other, 0x1070a9680, {{0.0, 0.0}, {402.0, 874.0}}
               ↳Other, 0x1070a97c0, {{0.0, 0.0}, {402.0, 874.0}}
                ↳Other, 0x1070a9900, {{0.0, 0.0}, {402.0, 874.0}}
                 ↳Other, 0x1070a9a40, {{0.0, 0.0}, {402.0, 874.0}}
                  ↳ScrollView, 0x1070a9b80, {{0.0, 0.0}, {402.0, 874.0}}
                   ↳Other, 0x1070ab5c0, {{0.0, 67.3}, {402.0, 826.7}}
                    ↳StaticText, 0x1070ab700, {{24.0, 79.3}, {91.3, 20.3}}, label: 'Connection'
Query chain:
 →Find: Target Application 'dev.ericslutz.PumpSync'
  Output: {
    Application, 0x11f9b0b40, pid: 76136, label: 'PumpSync'
  }
  ↪︎Find: Descendant with identity binding to AX element pid: 76136, elementOrHash.elementID: 4382210496.110
    Output: {
      StaticText, 0x107453200, {{24.0, 79.3}, {91.3, 20.3}}, label: 'Connection'
    }

    t =    77.22s Find the Any (Descendant with identity binding to AX element pid: 76136, elementOrHash.elementID: 4437708736.115)
    t =    77.25s Requesting snapshot of accessibility hierarchy for app with pid 76136
    t =    77.30s Find: Descendant with identity binding to AX element pid: 76136, elementOrHash.elementID: 4437708736.115
    t =    77.37s Requesting snapshot of accessibility hierarchy for app with pid 76136
    t =    77.42s Find: Descendant with identity binding to AX element pid: 76136, elementOrHash.elementID: 4437708736.115
    t =    77.42s Requesting snapshot of accessibility hierarchy for app with pid 76136
AUDIT_ISSUE light-selfhost | 1 | Contrast nearly passed | Contrast is not high enough for SwiftUI.AccessibilityNode unless font size is larger. | Attributes: StaticText, 0x11c538500, {{24.0, 386.0}, {85.7, 20.3}}, label: 'PumpSync'
Element subtree:
 →StaticText, 0x11c538500, {{24.0, 386.0}, {85.7, 20.3}}, label: 'PumpSync'
Path to element:
 →Application, 0x1070a83c0, pid: 76136, label: 'PumpSync'
  ↳Window (Main), 0x1070a8500, {{0.0, 0.0}, {402.0, 874.0}}
   ↳Other, 0x1070a8640, {{0.0, 0.0}, {402.0, 874.0}}
    ↳Other, 0x1070a8780, {{0.0, 0.0}, {402.0, 874.0}}
     ↳Other, 0x1070a88c0, {{0.0, 0.0}, {402.0, 874.0}}
      ↳Other, 0x1070a8a00, {{0.0, 0.0}, {402.0, 874.0}}
       ↳Other, 0x1070a8b40, {{0.0, 0.0}, {402.0, 874.0}}
        ↳Other, 0x1070a8c80, {{0.0, 0.0}, {402.0, 874.0}}
         ↳Other, 0x1070a8dc0, {{0.0, 0.0}, {402.0, 874.0}}
          ↳Other, 0x1070a8f00, {{0.0, 0.0}, {402.0, 874.0}}
           ↳Other, 0x1070a9040, {{0.0, 0.0}, {402.0, 874.0}}
            ↳Other, 0x1070a9180, {{0.0, 0.0}, {402.0, 874.0}}
             ↳Other, 0x1070a92c0, {{0.0, 0.0}, {402.0, 874.0}}
              ↳Other, 0x1070a9680, {{0.0, 0.0}, {402.0, 874.0}}
               ↳Other, 0x1070a97c0, {{0.0, 0.0}, {402.0, 874.0}}
                ↳Other, 0x1070a9900, {{0.0, 0.0}, {402.0, 874.0}}
                 ↳Other, 0x1070a9a40, {{0.0, 0.0}, {402.0, 874.0}}
                  ↳ScrollView, 0x1070a9b80, {{0.0, 0.0}, {402.0, 874.0}}
                   ↳Other, 0x1070ab5c0, {{0.0, 67.3}, {402.0, 826.7}}
                    ↳StaticText, 0x11c538500, {{24.0, 386.0}, {85.7, 20.3}}, label: 'PumpSync'
Query chain:
 →Find: Target Application 'dev.ericslutz.PumpSync'
  Output: {
    Application, 0x11f9b0b40, pid: 76136, label: 'PumpSync'
  }
  ↪︎Find: Descendant with identity binding to AX element pid: 76136, elementOrHash.elementID: 4437708736.115
    Output: {
      StaticText, 0x1070a8280, {{24.0, 386.0}, {85.7, 20.3}}, label: 'PumpSync'
    }

    t =    77.48s Find the Any (Descendant with identity binding to AX element pid: 76136, elementOrHash.elementID: 4437710528.128)
    t =    77.51s Requesting snapshot of accessibility hierarchy for app with pid 76136
    t =    77.56s Find: Descendant with identity binding to AX element pid: 76136, elementOrHash.elementID: 4437710528.128
    t =    77.64s Requesting snapshot of accessibility hierarchy for app with pid 76136
    t =    77.68s Find: Descendant with identity binding to AX element pid: 76136, elementOrHash.elementID: 4437710528.128
    t =    77.69s Requesting snapshot of accessibility hierarchy for app with pid 76136
AUDIT_ISSUE light-selfhost | 1 | Contrast nearly passed | Contrast is not high enough for SwiftUI.AccessibilityNode unless font size is larger. | Attributes: StaticText, 0x11c538140, {{80.0, 293.8}, {76.7, 20.3}}, label: 'Subscribe'
Element subtree:
 →StaticText, 0x11c538140, {{80.0, 293.8}, {76.7, 20.3}}, label: 'Subscribe'
Path to element:
 →Application, 0x1070a8500, pid: 76136, label: 'PumpSync'
  ↳Window (Main), 0x1070a8640, {{0.0, 0.0}, {402.0, 874.0}}
   ↳Other, 0x1070a8780, {{0.0, 0.0}, {402.0, 874.0}}
    ↳Other, 0x1070a88c0, {{0.0, 0.0}, {402.0, 874.0}}
     ↳Other, 0x1070a8a00, {{0.0, 0.0}, {402.0, 874.0}}
      ↳Other, 0x1070a8b40, {{0.0, 0.0}, {402.0, 874.0}}
       ↳Other, 0x1070a8c80, {{0.0, 0.0}, {402.0, 874.0}}
        ↳Other, 0x1070a8dc0, {{0.0, 0.0}, {402.0, 874.0}}
         ↳Other, 0x1070a8f00, {{0.0, 0.0}, {402.0, 874.0}}
          ↳Other, 0x1070a9040, {{0.0, 0.0}, {402.0, 874.0}}
           ↳Other, 0x1070a9180, {{0.0, 0.0}, {402.0, 874.0}}
            ↳Other, 0x1070a92c0, {{0.0, 0.0}, {402.0, 874.0}}
             ↳Other, 0x1070a9400, {{0.0, 0.0}, {402.0, 874.0}}
              ↳Other, 0x1070a97c0, {{0.0, 0.0}, {402.0, 874.0}}
               ↳Other, 0x1070a9900, {{0.0, 0.0}, {402.0, 874.0}}
                ↳Other, 0x1070a9a40, {{0.0, 0.0}, {402.0, 874.0}}
                 ↳Other, 0x1070a9b80, {{0.0, 0.0}, {402.0, 874.0}}
                  ↳ScrollView, 0x1070a9cc0, {{0.0, 0.0}, {402.0, 874.0}}
                   ↳Other, 0x1070ab700, {{0.0, 67.3}, {402.0, 826.7}}
                    ↳Button, 0x1070abe80, {{40.7, 293.8}, {116.0, 20.3}}, label: 'Subscribe'
                     ↳StaticText, 0x11c538140, {{80.0, 293.8}, {76.7, 20.3}}, label: 'Subscribe'
Query chain:
 →Find: Target Application 'dev.ericslutz.PumpSync'
  Output: {
    Application, 0x11f9b0b40, pid: 76136, label: 'PumpSync'
  }
  ↪︎Find: Descendant with identity binding to AX element pid: 76136, elementOrHash.elementID: 4437710528.128
    Output: {
      StaticText, 0x107453c00, {{80.0, 293.8}, {76.7, 20.3}}, label: 'Subscribe'
    }

    t =    77.74s Find the Any (Descendant with identity binding to AX element pid: 76136, elementOrHash.elementID: 4437711872.133)
    t =    77.77s Requesting snapshot of accessibility hierarchy for app with pid 76136
    t =    77.82s Find: Descendant with identity binding to AX element pid: 76136, elementOrHash.elementID: 4437711872.133
    t =    77.90s Requesting snapshot of accessibility hierarchy for app with pid 76136
    t =    77.95s Find: Descendant with identity binding to AX element pid: 76136, elementOrHash.elementID: 4437711872.133
    t =    77.95s Requesting snapshot of accessibility hierarchy for app with pid 76136
AUDIT_ISSUE light-selfhost | 1 | Contrast nearly passed | Contrast is not high enough for SwiftUI.AccessibilityNode unless font size is larger. | Attributes: StaticText, 0x11c538b40, {{80.0, 454.7}, {103.0, 18.0}}, label: 'Not configured'
Element subtree:
 →StaticText, 0x11c538b40, {{80.0, 454.7}, {103.0, 18.0}}, label: 'Not configured'
Path to element:
 →Application, 0x1070a8500, pid: 76136, label: 'PumpSync'
  ↳Window (Main), 0x1070a8640, {{0.0, 0.0}, {402.0, 874.0}}
   ↳Other, 0x1070a8780, {{0.0, 0.0}, {402.0, 874.0}}
    ↳Other, 0x1070a88c0, {{0.0, 0.0}, {402.0, 874.0}}
     ↳Other, 0x1070a8a00, {{0.0, 0.0}, {402.0, 874.0}}
      ↳Other, 0x1070a8b40, {{0.0, 0.0}, {402.0, 874.0}}
       ↳Other, 0x1070a8c80, {{0.0, 0.0}, {402.0, 874.0}}
        ↳Other, 0x1070a8dc0, {{0.0, 0.0}, {402.0, 874.0}}
         ↳Other, 0x1070a8f00, {{0.0, 0.0}, {402.0, 874.0}}
          ↳Other, 0x1070a9040, {{0.0, 0.0}, {402.0, 874.0}}
           ↳Other, 0x1070a9180, {{0.0, 0.0}, {402.0, 874.0}}
            ↳Other, 0x1070a92c0, {{0.0, 0.0}, {402.0, 874.0}}
             ↳Other, 0x1070a9400, {{0.0, 0.0}, {402.0, 874.0}}
              ↳Other, 0x1070a97c0, {{0.0, 0.0}, {402.0, 874.0}}
               ↳Other, 0x1070a9900, {{0.0, 0.0}, {402.0, 874.0}}
                ↳Other, 0x1070a9a40, {{0.0, 0.0}, {402.0, 874.0}}
                 ↳Other, 0x1070a9b80, {{0.0, 0.0}, {402.0, 874.0}}
                  ↳ScrollView, 0x1070a9cc0, {{0.0, 0.0}, {402.0, 874.0}}
                   ↳Other, 0x1070ab700, {{0.0, 67.3}, {402.0, 826.7}}
                    ↳Button, 0x11c538780, {{38.0, 432.3}, {326.0, 40.3}}, identifier: 'TandemAccountLink', label: 'Tandem Account', value: Not configured
                     ↳StaticText, 0x11c538b40, {{80.0, 454.7}, {103.0, 18.0}}, label: 'Not configured'
Query chain:
 →Find: Target Application 'dev.ericslutz.PumpSync'
  Output: {
    Application, 0x11f9b0b40, pid: 76136, label: 'PumpSync'
  }
  ↪︎Find: Descendant with identity binding to AX element pid: 76136, elementOrHash.elementID: 4437711872.133
    Output: {
      StaticText, 0x11f9ac140, {{80.0, 454.7}, {103.0, 18.0}}, label: 'Not configured'
    }

    t =    78.01s Find the Any (Descendant with identity binding to AX element pid: 76136, elementOrHash.elementID: 4437716352.137)
    t =    78.03s Requesting snapshot of accessibility hierarchy for app with pid 76136
    t =    78.08s Find: Descendant with identity binding to AX element pid: 76136, elementOrHash.elementID: 4437716352.137
    t =    78.16s Requesting snapshot of accessibility hierarchy for app with pid 76136
    t =    78.21s Find: Descendant with identity binding to AX element pid: 76136, elementOrHash.elementID: 4437716352.137
    t =    78.21s Requesting snapshot of accessibility hierarchy for app with pid 76136
AUDIT_ISSUE light-selfhost | 1 | Contrast nearly passed | Contrast is not high enough for SwiftUI.AccessibilityNode unless font size is larger. | Attributes: StaticText, 0x11c539180, {{80.0, 507.3}, {176.3, 18.0}}, label: 'Insulin and carbohydrates'
Element subtree:
 →StaticText, 0x11c539180, {{80.0, 507.3}, {176.3, 18.0}}, label: 'Insulin and carbohydrates'
Path to element:
 →Application, 0x1070a8500, pid: 76136, label: 'PumpSync'
  ↳Window (Main), 0x1070a8640, {{0.0, 0.0}, {402.0, 874.0}}
   ↳Other, 0x1070a8780, {{0.0, 0.0}, {402.0, 874.0}}
    ↳Other, 0x1070a88c0, {{0.0, 0.0}, {402.0, 874.0}}
     ↳Other, 0x1070a8a00, {{0.0, 0.0}, {402.0, 874.0}}
      ↳Other, 0x1070a8b40, {{0.0, 0.0}, {402.0, 874.0}}
       ↳Other, 0x1070a8c80, {{0.0, 0.0}, {402.0, 874.0}}
        ↳Other, 0x1070a8dc0, {{0.0, 0.0}, {402.0, 874.0}}
         ↳Other, 0x1070a8f00, {{0.0, 0.0}, {402.0, 874.0}}
          ↳Other, 0x1070a9040, {{0.0, 0.0}, {402.0, 874.0}}
           ↳Other, 0x1070a9180, {{0.0, 0.0}, {402.0, 874.0}}
            ↳Other, 0x1070a92c0, {{0.0, 0.0}, {402.0, 874.0}}
             ↳Other, 0x1070a9400, {{0.0, 0.0}, {402.0, 874.0}}
              ↳Other, 0x1070a97c0, {{0.0, 0.0}, {402.0, 874.0}}
               ↳Other, 0x1070a9900, {{0.0, 0.0}, {402.0, 874.0}}
                ↳Other, 0x1070a9a40, {{0.0, 0.0}, {402.0, 874.0}}
                 ↳Other, 0x1070a9b80, {{0.0, 0.0}, {402.0, 874.0}}
                  ↳ScrollView, 0x1070a9cc0, {{0.0, 0.0}, {402.0, 874.0}}
                   ↳Other, 0x1070ab700, {{0.0, 67.3}, {402.0, 826.7}}
                    ↳Button, 0x11c538dc0, {{38.0, 485.0}, {326.0, 40.3}}, identifier: 'AppleHealthLink', label: 'Apple Health', value: Insulin and carboh...
                     ↳StaticText, 0x11c539180, {{80.0, 507.3}, {176.3, 18.0}}, label: 'Insulin and carbohydrates'
Query chain:
 →Find: Target Application 'dev.ericslutz.PumpSync'
  Output: {
    Application, 0x11f9b0b40, pid: 76136, label: 'PumpSync'
  }
  ↪︎Find: Descendant with identity binding to AX element pid: 76136, elementOrHash.elementID: 4437716352.137
    Output: {
      StaticText, 0x11f9ac780, {{80.0, 507.3}, {176.3, 18.0}}, label: 'Insulin and carbohydrates'
    }

    t =    78.26s Find the Any (Descendant with identity binding to AX element pid: 76136, elementOrHash.elementID: 4437593152.140)
    t =    78.29s Requesting snapshot of accessibility hierarchy for app with pid 76136
    t =    78.34s Find: Descendant with identity binding to AX element pid: 76136, elementOrHash.elementID: 4437593152.140
    t =    78.42s Requesting snapshot of accessibility hierarchy for app with pid 76136
    t =    78.47s Find: Descendant with identity binding to AX element pid: 76136, elementOrHash.elementID: 4437593152.140
    t =    78.47s Requesting snapshot of accessibility hierarchy for app with pid 76136
AUDIT_ISSUE light-selfhost | 1 | Contrast nearly passed | Contrast is not high enough for SwiftUI.AccessibilityNode unless font size is larger. | Attributes: StaticText, 0x11c539680, {{80.0, 537.7}, {161.3, 20.3}}, label: 'Insulin Concentration'
Element subtree:
 →StaticText, 0x11c539680, {{80.0, 537.7}, {161.3, 20.3}}, label: 'Insulin Concentration'
Path to element:
 →Application, 0x1070a8500, pid: 76136, label: 'PumpSync'
  ↳Window (Main), 0x1070a8640, {{0.0, 0.0}, {402.0, 874.0}}
   ↳Other, 0x1070a8780, {{0.0, 0.0}, {402.0, 874.0}}
    ↳Other, 0x1070a88c0, {{0.0, 0.0}, {402.0, 874.0}}
     ↳Other, 0x1070a8a00, {{0.0, 0.0}, {402.0, 874.0}}
      ↳Other, 0x1070a8b40, {{0.0, 0.0}, {402.0, 874.0}}
       ↳Other, 0x1070a8c80, {{0.0, 0.0}, {402.0, 874.0}}
        ↳Other, 0x1070a8dc0, {{0.0, 0.0}, {402.0, 874.0}}
         ↳Other, 0x1070a8f00, {{0.0, 0.0}, {402.0, 874.0}}
          ↳Other, 0x1070a9040, {{0.0, 0.0}, {402.0, 874.0}}
           ↳Other, 0x1070a9180, {{0.0, 0.0}, {402.0, 874.0}}
            ↳Other, 0x1070a92c0, {{0.0, 0.0}, {402.0, 874.0}}
             ↳Other, 0x1070a9400, {{0.0, 0.0}, {402.0, 874.0}}
              ↳Other, 0x1070a97c0, {{0.0, 0.0}, {402.0, 874.0}}
               ↳Other, 0x1070a9900, {{0.0, 0.0}, {402.0, 874.0}}
                ↳Other, 0x1070a9a40, {{0.0, 0.0}, {402.0, 874.0}}
                 ↳Other, 0x1070a9b80, {{0.0, 0.0}, {402.0, 874.0}}
                  ↳ScrollView, 0x1070a9cc0, {{0.0, 0.0}, {402.0, 874.0}}
                   ↳Other, 0x1070ab700, {{0.0, 67.3}, {402.0, 826.7}}
                    ↳Button, 0x11c539400, {{38.0, 537.7}, {326.0, 40.3}}, identifier: 'InsulinConcentrationLink', label: 'Insulin Concentration', value: U-100
                     ↳StaticText, 0x11c539680, {{80.0, 537.7}, {161.3, 20.3}}, label: 'Insulin Concentration'
Query chain:
 →Find: Target Application 'dev.ericslutz.PumpSync'
  Output: {
    Application, 0x11f9b0b40, pid: 76136, label: 'PumpSync'
  }
  ↪︎Find: Descendant with identity binding to AX element pid: 76136, elementOrHash.elementID: 4437593152.140
    Output: {
      StaticText, 0x11f9acc80, {{80.0, 537.7}, {161.3, 20.3}}, label: 'Insulin Concentration'
    }

    t =    78.53s Find the Any (Descendant with identity binding to AX element pid: 76136, elementOrHash.elementID: 4437788864.144)
    t =    78.55s Requesting snapshot of accessibility hierarchy for app with pid 76136
    t =    78.61s Find: Descendant with identity binding to AX element pid: 76136, elementOrHash.elementID: 4437788864.144
    t =    78.68s Requesting snapshot of accessibility hierarchy for app with pid 76136
    t =    78.73s Find: Descendant with identity binding to AX element pid: 76136, elementOrHash.elementID: 4437788864.144
    t =    78.73s Requesting snapshot of accessibility hierarchy for app with pid 76136
AUDIT_ISSUE light-selfhost | 1 | Contrast nearly passed | Contrast is not high enough for SwiftUI.AccessibilityNode unless font size is larger. | Attributes: StaticText, 0x11c539cc0, {{80.0, 590.3}, {107.7, 20.3}}, label: 'Data Handling'
Element subtree:
 →StaticText, 0x11c539cc0, {{80.0, 590.3}, {107.7, 20.3}}, label: 'Data Handling'
Path to element:
 →Application, 0x1070a8500, pid: 76136, label: 'PumpSync'
  ↳Window (Main), 0x1070a8640, {{0.0, 0.0}, {402.0, 874.0}}
   ↳Other, 0x1070a8780, {{0.0, 0.0}, {402.0, 874.0}}
    ↳Other, 0x1070a88c0, {{0.0, 0.0}, {402.0, 874.0}}
     ↳Other, 0x1070a8a00, {{0.0, 0.0}, {402.0, 874.0}}
      ↳Other, 0x1070a8b40, {{0.0, 0.0}, {402.0, 874.0}}
       ↳Other, 0x1070a8c80, {{0.0, 0.0}, {402.0, 874.0}}
        ↳Other, 0x1070a8dc0, {{0.0, 0.0}, {402.0, 874.0}}
         ↳Other, 0x1070a8f00, {{0.0, 0.0}, {402.0, 874.0}}
          ↳Other, 0x1070a9040, {{0.0, 0.0}, {402.0, 874.0}}
           ↳Other, 0x1070a9180, {{0.0, 0.0}, {402.0, 874.0}}
            ↳Other, 0x1070a92c0, {{0.0, 0.0}, {402.0, 874.0}}
             ↳Other, 0x1070a9400, {{0.0, 0.0}, {402.0, 874.0}}
              ↳Other, 0x1070a97c0, {{0.0, 0.0}, {402.0, 874.0}}
               ↳Other, 0x1070a9900, {{0.0, 0.0}, {402.0, 874.0}}
                ↳Other, 0x1070a9a40, {{0.0, 0.0}, {402.0, 874.0}}
                 ↳Other, 0x1070a9b80, {{0.0, 0.0}, {402.0, 874.0}}
                  ↳ScrollView, 0x1070a9cc0, {{0.0, 0.0}, {402.0, 874.0}}
                   ↳Other, 0x1070ab700, {{0.0, 67.3}, {402.0, 826.7}}
                    ↳Button, 0x11c539a40, {{38.0, 590.3}, {326.0, 60.3}}, identifier: 'DataHandlingLink', label: 'Data Handling', value: Privacy, retention...
                     ↳StaticText, 0x11c539cc0, {{80.0, 590.3}, {107.7, 20.3}}, label: 'Data Handling'
Query chain:
 →Find: Target Application 'dev.ericslutz.PumpSync'
  Output: {
    Application, 0x11f9b0b40, pid: 76136, label: 'PumpSync'
  }
  ↪︎Find: Descendant with identity binding to AX element pid: 76136, elementOrHash.elementID: 4437788864.144
    Output: {
      StaticText, 0x11f9ad2c0, {{80.0, 590.3}, {107.7, 20.3}}, label: 'Data Handling'
    }

    t =    78.79s Find the Any (Descendant with identity binding to AX element pid: 76136, elementOrHash.elementID: 4437791552.148)
    t =    78.82s Requesting snapshot of accessibility hierarchy for app with pid 76136
    t =    78.87s Find: Descendant with identity binding to AX element pid: 76136, elementOrHash.elementID: 4437791552.148
    t =    78.95s Requesting snapshot of accessibility hierarchy for app with pid 76136
    t =    78.99s Find: Descendant with identity binding to AX element pid: 76136, elementOrHash.elementID: 4437791552.148
    t =    79.00s Requesting snapshot of accessibility hierarchy for app with pid 76136
AUDIT_ISSUE light-selfhost | 1 | Contrast failed | Contrast failed for SwiftUI.AccessibilityNode | Attributes: StaticText, 0x11c53a300, {{80.0, 663.0}, {132.3, 20.3}}, label: 'About PumpSync'
Element subtree:
 →StaticText, 0x11c53a300, {{80.0, 663.0}, {132.3, 20.3}}, label: 'About PumpSync'
Path to element:
 →Application, 0x1070a8500, pid: 76136, label: 'PumpSync'
  ↳Window (Main), 0x1070a8640, {{0.0, 0.0}, {402.0, 874.0}}
   ↳Other, 0x1070a8780, {{0.0, 0.0}, {402.0, 874.0}}
    ↳Other, 0x1070a88c0, {{0.0, 0.0}, {402.0, 874.0}}
     ↳Other, 0x1070a8a00, {{0.0, 0.0}, {402.0, 874.0}}
      ↳Other, 0x1070a8b40, {{0.0, 0.0}, {402.0, 874.0}}
       ↳Other, 0x1070a8c80, {{0.0, 0.0}, {402.0, 874.0}}
        ↳Other, 0x1070a8dc0, {{0.0, 0.0}, {402.0, 874.0}}
         ↳Other, 0x1070a8f00, {{0.0, 0.0}, {402.0, 874.0}}
          ↳Other, 0x1070a9040, {{0.0, 0.0}, {402.0, 874.0}}
           ↳Other, 0x1070a9180, {{0.0, 0.0}, {402.0, 874.0}}
            ↳Other, 0x1070a92c0, {{0.0, 0.0}, {402.0, 874.0}}
             ↳Other, 0x1070a9400, {{0.0, 0.0}, {402.0, 874.0}}
              ↳Other, 0x1070a97c0, {{0.0, 0.0}, {402.0, 874.0}}
               ↳Other, 0x1070a9900, {{0.0, 0.0}, {402.0, 874.0}}
                ↳Other, 0x1070a9a40, {{0.0, 0.0}, {402.0, 874.0}}
                 ↳Other, 0x1070a9b80, {{0.0, 0.0}, {402.0, 874.0}}
                  ↳ScrollView, 0x1070a9cc0, {{0.0, 0.0}, {402.0, 874.0}}
                   ↳Other, 0x1070ab700, {{0.0, 67.3}, {402.0, 826.7}}
                    ↳Button, 0x11c53a080, {{38.0, 663.0}, {326.0, 40.3}}, identifier: 'AboutPumpSyncLink', label: 'About PumpSync', value: How syncing works
                     ↳StaticText, 0x11c53a300, {{80.0, 663.0}, {132.3, 20.3}}, label: 'About PumpSync'
Query chain:
 →Find: Target Application 'dev.ericslutz.PumpSync'
  Output: {
    Application, 0x11f9b0b40, pid: 76136, label: 'PumpSync'
  }
  ↪︎Find: Descendant with identity binding to AX element pid: 76136, elementOrHash.elementID: 4437791552.148
    Output: {
      StaticText, 0x11f9ad900, {{80.0, 663.0}, {132.3, 20.3}}, label: 'About PumpSync'
    }

    t =    79.05s Tap "Server URL" TextField
    t =    79.05s     Wait for dev.ericslutz.PumpSync to idle
    t =    79.05s     Find the "Server URL" TextField
    t =    80.10s         Find the "Server URL" TextField (retry 1)
    t =    81.16s         Find the "Server URL" TextField (retry 2)
    t =    81.23s Requesting snapshot of accessibility hierarchy for app with pid 76136
/tmp/pumpsync-ui-audit-harness/PumpSyncUITests/PumpSyncUITests.swift:35: error: -[PumpSyncUITests.PumpSyncAuditTests testLightFlows] : Failed to tap "Server URL" TextField: No matches found for Descendants matching type TextField from input {(
    Application, pid: 76136, label: 'PumpSync'
)}
    t =    81.29s Tear Down
Test Case '-[PumpSyncUITests.PumpSyncAuditTests testLightFlows]' failed (81.979 seconds).
Test Suite 'PumpSyncAuditTests' failed at 2026-10-01 11:32:43.635.
	 Executed 3 tests, with 3 failures (0 unexpected) in 230.891 (230.894) seconds
Test Suite 'PumpSyncUITests.xctest' failed at 2026-10-01 11:32:43.636.
	 Executed 3 tests, with 3 failures (0 unexpected) in 230.891 (230.895) seconds
Test Suite 'Selected tests' failed at 2026-10-01 11:32:43.636.
	 Executed 3 tests, with 3 failures (0 unexpected) in 230.891 (230.896) seconds
2026-10-01 11:32:44.058 xcodebuild[74778:2939132] [MT] IDETestOperationsObserverDebug: 234.780 elapsed -- Testing started completed.
2026-10-01 11:32:44.058 xcodebuild[74778:2939132] [MT] IDETestOperationsObserverDebug: 0.000 sec, +0.000 sec -- start
2026-10-01 11:32:44.058 xcodebuild[74778:2939132] [MT] IDETestOperationsObserverDebug: 234.780 sec, +234.780 sec -- end

Test session results, code coverage, and logs:
	/tmp/pumpsync-ui-audit.xcresult

Failing tests:
	PumpSyncAuditTests.testAccessibilityLargeFlows()
	PumpSyncAuditTests.testDarkFlows()
	PumpSyncAuditTests.testLightFlows()

** TEST EXECUTE FAILED **

Testing started
