Command line invocation:
    /Applications/Development/Xcode.app/Contents/Developer/usr/bin/xcodebuild test -project PumpSync.xcodeproj -scheme PumpSync -destination "platform=iOS Simulator,id=7C172CFA-650B-4566-BC58-65DD79E00540" -derivedDataPath /private/tmp/pumpsync-remediation-runtime-build -resultBundlePath /private/tmp/pumpsync-remediation-ax5-final.xcresult "-only-testing:PumpSyncUITests/PumpSyncAuditTests" -parallel-testing-enabled NO

Writing result bundle at path:
	/private/tmp/pumpsync-remediation-ax5-final.xcresult

ComputePackagePrebuildTargetDependencyGraph

Prepare packages

CreateBuildRequest

SendProjectDescription

CreateBuildOperation

ComputeTargetDependencyGraph
note: Building targets in dependency order
note: Target dependency graph (3 targets)
    Target 'PumpSyncUITests' in project 'PumpSync'
        ➜ Explicit dependency on target 'PumpSync' in project 'PumpSync'
    Target 'PumpSyncTests' in project 'PumpSync'
        ➜ Explicit dependency on target 'PumpSync' in project 'PumpSync'
    Target 'PumpSync' in project 'PumpSync' (no dependencies)

GatherProvisioningInputs

CreateBuildDescription

ClangStatCache /Applications/Development/Xcode.app/Contents/Developer/Toolchains/XcodeDefault.xctoolchain/usr/bin/clang-stat-cache /Applications/Development/Xcode.app/Contents/Developer/Platforms/iPhoneSimulator.platform/Developer/SDKs/iPhoneSimulator27.0.sdk /tmp/pumpsync-remediation-runtime-build/SDKStatCaches.noindex/iphonesimulator27.0-24A430-8b98ade55cdca77b755c004ede0894fd.sdkstatcache
    cd /tmp/pumpsync-ui-audit-harness/PumpSync.xcodeproj
    /Applications/Development/Xcode.app/Contents/Developer/Toolchains/XcodeDefault.xctoolchain/usr/bin/clang-stat-cache /Applications/Development/Xcode.app/Contents/Developer/Platforms/iPhoneSimulator.platform/Developer/SDKs/iPhoneSimulator27.0.sdk -o /tmp/pumpsync-remediation-runtime-build/SDKStatCaches.noindex/iphonesimulator27.0-24A430-8b98ade55cdca77b755c004ede0894fd.sdkstatcache

SwiftDriver PumpSyncTests normal arm64 com.apple.xcode.tools.swift.compiler (in target 'PumpSyncTests' from project 'PumpSync')
    cd /tmp/pumpsync-ui-audit-harness
    builtin-SwiftDriver -- /Applications/Development/Xcode.app/Contents/Developer/Toolchains/XcodeDefault.xctoolchain/usr/bin/swiftc -module-name PumpSyncTests -Onone @/tmp/pumpsync-remediation-runtime-build/Build/Intermediates.noindex/PumpSync.build/Debug-iphonesimulator/PumpSyncTests.build/Objects-normal/arm64/PumpSyncTests.SwiftFileList -DDEBUG -plugin-path /Applications/Development/Xcode.app/Contents/Developer/Toolchains/XcodeDefault.xctoolchain/usr/lib/swift/host/plugins/testing -enable-experimental-feature DebugDescriptionMacro -sdk /Applications/Development/Xcode.app/Contents/Developer/Platforms/iPhoneSimulator.platform/Developer/SDKs/iPhoneSimulator27.0.sdk -target arm64-apple-ios26.0-simulator -g -module-cache-path /tmp/pumpsync-remediation-runtime-build/ModuleCache.noindex -Xfrontend -serialize-debugging-options -enable-testing -warnings-as-errors -index-store-path /tmp/pumpsync-remediation-runtime-build/Index.noindex/DataStore -Xcc -D_LIBCPP_HARDENING_MODE\=_LIBCPP_HARDENING_MODE_DEBUG -swift-version 6 -I /tmp/pumpsync-remediation-runtime-build/Build/Products/Debug-iphonesimulator -Isystem /Applications/Development/Xcode.app/Contents/Developer/Platforms/iPhoneSimulator.platform/Developer/usr/lib -F /tmp/pumpsync-remediation-runtime-build/Build/Products/Debug-iphonesimulator -F /Applications/Development/Xcode.app/Contents/Developer/Platforms/iPhoneSimulator.platform/Developer/Library/Frameworks -F /Applications/Development/Xcode.app/Contents/Developer/Platforms/iPhoneSimulator.platform/Developer/SDKs/iPhoneSimulator27.0.sdk/Developer/Library/Frameworks -c -j10 -enable-batch-mode -incremental -Xcc -ivfsstatcache -Xcc /tmp/pumpsync-remediation-runtime-build/SDKStatCaches.noindex/iphonesimulator27.0-24A430-8b98ade55cdca77b755c004ede0894fd.sdkstatcache -output-file-map /tmp/pumpsync-remediation-runtime-build/Build/Intermediates.noindex/PumpSync.build/Debug-iphonesimulator/PumpSyncTests.build/Objects-normal/arm64/PumpSyncTests-OutputFileMap.json -save-temps -no-color-diagnostics -explicit-module-build -module-cache-path /tmp/pumpsync-remediation-runtime-build/Build/Intermediates.noindex/SwiftExplicitPrecompiledModules -clang-scanner-module-cache-path /tmp/pumpsync-remediation-runtime-build/ModuleCache.noindex -sdk-module-cache-path /tmp/pumpsync-remediation-runtime-build/SDKExplicitPrecompiledModules -emit-dependencies -emit-module -emit-module-path /tmp/pumpsync-remediation-runtime-build/Build/Intermediates.noindex/PumpSync.build/Debug-iphonesimulator/PumpSyncTests.build/Objects-normal/arm64/PumpSyncTests.swiftmodule -serialize-diagnostics -dependency-scan-serialize-diagnostics-path /tmp/pumpsync-remediation-runtime-build/Build/Intermediates.noindex/PumpSync.build/Debug-iphonesimulator/PumpSyncTests.build/Objects-normal/arm64/PumpSyncTests-dependency-scan.dia -validate-clang-modules-once -clang-build-session-file /tmp/pumpsync-remediation-runtime-build/ModuleCache.noindex/Session.modulevalidation -Xcc -fmodules-prune-interval\=86400 -Xcc -fmodules-prune-after\=345600 -emit-const-values -const-gather-protocols-list /tmp/pumpsync-remediation-runtime-build/Build/Intermediates.noindex/PumpSync.build/Debug-iphonesimulator/PumpSyncTests.build/Objects-normal/arm64/PumpSyncTests_const_extract_protocols.json -Xcc -iquote -Xcc /tmp/pumpsync-remediation-runtime-build/Build/Intermediates.noindex/PumpSync.build/Debug-iphonesimulator/PumpSyncTests.build/PumpSyncTests-generated-files.hmap -Xcc -I/tmp/pumpsync-remediation-runtime-build/Build/Intermediates.noindex/PumpSync.build/Debug-iphonesimulator/PumpSyncTests.build/PumpSyncTests-own-target-headers.hmap -Xcc -I/tmp/pumpsync-remediation-runtime-build/Build/Intermediates.noindex/PumpSync.build/Debug-iphonesimulator/PumpSyncTests.build/PumpSyncTests-all-target-headers.hmap -Xcc -iquote -Xcc /tmp/pumpsync-remediation-runtime-build/Build/Intermediates.noindex/PumpSync.build/Debug-iphonesimulator/PumpSyncTests.build/PumpSyncTests-project-headers.hmap -Xcc -I/tmp/pumpsync-remediation-runtime-build/Build/Products/Debug-iphonesimulator/include -Xcc -I/tmp/pumpsync-remediation-runtime-build/Build/Intermediates.noindex/PumpSync.build/Debug-iphonesimulator/PumpSyncTests.build/DerivedSources-normal/arm64 -Xcc -I/tmp/pumpsync-remediation-runtime-build/Build/Intermediates.noindex/PumpSync.build/Debug-iphonesimulator/PumpSyncTests.build/DerivedSources/arm64 -Xcc -I/tmp/pumpsync-remediation-runtime-build/Build/Intermediates.noindex/PumpSync.build/Debug-iphonesimulator/PumpSyncTests.build/DerivedSources -Xcc -DDEBUG\=1 -emit-objc-header -emit-objc-header-path /tmp/pumpsync-remediation-runtime-build/Build/Intermediates.noindex/PumpSync.build/Debug-iphonesimulator/PumpSyncTests.build/Objects-normal/arm64/PumpSyncTests-Swift.h -working-directory /tmp/pumpsync-ui-audit-harness -experimental-emit-module-separately -disable-cmo

SwiftDriver PumpSyncUITests normal arm64 com.apple.xcode.tools.swift.compiler (in target 'PumpSyncUITests' from project 'PumpSync')
    cd /tmp/pumpsync-ui-audit-harness
    builtin-SwiftDriver -- /Applications/Development/Xcode.app/Contents/Developer/Toolchains/XcodeDefault.xctoolchain/usr/bin/swiftc -module-name PumpSyncUITests -Onone @/tmp/pumpsync-remediation-runtime-build/Build/Intermediates.noindex/PumpSync.build/Debug-iphonesimulator/PumpSyncUITests.build/Objects-normal/arm64/PumpSyncUITests.SwiftFileList -DDEBUG -module-alias Testing\=_Testing_Unavailable -plugin-path /Applications/Development/Xcode.app/Contents/Developer/Toolchains/XcodeDefault.xctoolchain/usr/lib/swift/host/plugins/testing -enable-experimental-feature DebugDescriptionMacro -sdk /Applications/Development/Xcode.app/Contents/Developer/Platforms/iPhoneSimulator.platform/Developer/SDKs/iPhoneSimulator27.0.sdk -target arm64-apple-ios26.0-simulator -g -module-cache-path /tmp/pumpsync-remediation-runtime-build/ModuleCache.noindex -Xfrontend -serialize-debugging-options -enable-testing -warnings-as-errors -index-store-path /tmp/pumpsync-remediation-runtime-build/Index.noindex/DataStore -Xcc -D_LIBCPP_HARDENING_MODE\=_LIBCPP_HARDENING_MODE_DEBUG -swift-version 6 -I /tmp/pumpsync-remediation-runtime-build/Build/Products/Debug-iphonesimulator -Isystem /Applications/Development/Xcode.app/Contents/Developer/Platforms/iPhoneSimulator.platform/Developer/usr/lib -F /tmp/pumpsync-remediation-runtime-build/Build/Products/Debug-iphonesimulator -F /Applications/Development/Xcode.app/Contents/Developer/Platforms/iPhoneSimulator.platform/Developer/Library/Frameworks -F /Applications/Development/Xcode.app/Contents/Developer/Platforms/iPhoneSimulator.platform/Developer/SDKs/iPhoneSimulator27.0.sdk/Developer/Library/Frameworks -parse-as-library -c -j10 -enable-batch-mode -incremental -Xcc -ivfsstatcache -Xcc /tmp/pumpsync-remediation-runtime-build/SDKStatCaches.noindex/iphonesimulator27.0-24A430-8b98ade55cdca77b755c004ede0894fd.sdkstatcache -output-file-map /tmp/pumpsync-remediation-runtime-build/Build/Intermediates.noindex/PumpSync.build/Debug-iphonesimulator/PumpSyncUITests.build/Objects-normal/arm64/PumpSyncUITests-OutputFileMap.json -save-temps -no-color-diagnostics -explicit-module-build -module-cache-path /tmp/pumpsync-remediation-runtime-build/Build/Intermediates.noindex/SwiftExplicitPrecompiledModules -clang-scanner-module-cache-path /tmp/pumpsync-remediation-runtime-build/ModuleCache.noindex -sdk-module-cache-path /tmp/pumpsync-remediation-runtime-build/SDKExplicitPrecompiledModules -emit-dependencies -emit-module -emit-module-path /tmp/pumpsync-remediation-runtime-build/Build/Intermediates.noindex/PumpSync.build/Debug-iphonesimulator/PumpSyncUITests.build/Objects-normal/arm64/PumpSyncUITests.swiftmodule -serialize-diagnostics -dependency-scan-serialize-diagnostics-path /tmp/pumpsync-remediation-runtime-build/Build/Intermediates.noindex/PumpSync.build/Debug-iphonesimulator/PumpSyncUITests.build/Objects-normal/arm64/PumpSyncUITests-dependency-scan.dia -validate-clang-modules-once -clang-build-session-file /tmp/pumpsync-remediation-runtime-build/ModuleCache.noindex/Session.modulevalidation -Xcc -fmodules-prune-interval\=86400 -Xcc -fmodules-prune-after\=345600 -emit-const-values -const-gather-protocols-list /tmp/pumpsync-remediation-runtime-build/Build/Intermediates.noindex/PumpSync.build/Debug-iphonesimulator/PumpSyncUITests.build/Objects-normal/arm64/PumpSyncUITests_const_extract_protocols.json -Xcc -iquote -Xcc /tmp/pumpsync-remediation-runtime-build/Build/Intermediates.noindex/PumpSync.build/Debug-iphonesimulator/PumpSyncUITests.build/PumpSyncUITests-generated-files.hmap -Xcc -I/tmp/pumpsync-remediation-runtime-build/Build/Intermediates.noindex/PumpSync.build/Debug-iphonesimulator/PumpSyncUITests.build/PumpSyncUITests-own-target-headers.hmap -Xcc -I/tmp/pumpsync-remediation-runtime-build/Build/Intermediates.noindex/PumpSync.build/Debug-iphonesimulator/PumpSyncUITests.build/PumpSyncUITests-all-target-headers.hmap -Xcc -iquote -Xcc /tmp/pumpsync-remediation-runtime-build/Build/Intermediates.noindex/PumpSync.build/Debug-iphonesimulator/PumpSyncUITests.build/PumpSyncUITests-project-headers.hmap -Xcc -I/tmp/pumpsync-remediation-runtime-build/Build/Products/Debug-iphonesimulator/include -Xcc -I/tmp/pumpsync-remediation-runtime-build/Build/Intermediates.noindex/PumpSync.build/Debug-iphonesimulator/PumpSyncUITests.build/DerivedSources-normal/arm64 -Xcc -I/tmp/pumpsync-remediation-runtime-build/Build/Intermediates.noindex/PumpSync.build/Debug-iphonesimulator/PumpSyncUITests.build/DerivedSources/arm64 -Xcc -I/tmp/pumpsync-remediation-runtime-build/Build/Intermediates.noindex/PumpSync.build/Debug-iphonesimulator/PumpSyncUITests.build/DerivedSources -Xcc -DDEBUG\=1 -emit-objc-header -emit-objc-header-path /tmp/pumpsync-remediation-runtime-build/Build/Intermediates.noindex/PumpSync.build/Debug-iphonesimulator/PumpSyncUITests.build/Objects-normal/arm64/PumpSyncUITests-Swift.h -working-directory /tmp/pumpsync-ui-audit-harness -experimental-emit-module-separately -disable-cmo

SwiftDriver PumpSync normal arm64 com.apple.xcode.tools.swift.compiler (in target 'PumpSync' from project 'PumpSync')
    cd /tmp/pumpsync-ui-audit-harness
    builtin-SwiftDriver -- /Applications/Development/Xcode.app/Contents/Developer/Toolchains/XcodeDefault.xctoolchain/usr/bin/swiftc -module-name PumpSync -Onone @/tmp/pumpsync-remediation-runtime-build/Build/Intermediates.noindex/PumpSync.build/Debug-iphonesimulator/PumpSync.build/Objects-normal/arm64/PumpSync.SwiftFileList -DDEBUG -enable-experimental-feature DebugDescriptionMacro -sdk /Applications/Development/Xcode.app/Contents/Developer/Platforms/iPhoneSimulator.platform/Developer/SDKs/iPhoneSimulator27.0.sdk -target arm64-apple-ios26.0-simulator -g -module-cache-path /tmp/pumpsync-remediation-runtime-build/ModuleCache.noindex -Xfrontend -serialize-debugging-options -enable-testing -warnings-as-errors -index-store-path /tmp/pumpsync-remediation-runtime-build/Index.noindex/DataStore -Xcc -D_LIBCPP_HARDENING_MODE\=_LIBCPP_HARDENING_MODE_DEBUG -swift-version 6 -I /tmp/pumpsync-remediation-runtime-build/Build/Products/Debug-iphonesimulator -F /tmp/pumpsync-remediation-runtime-build/Build/Products/Debug-iphonesimulator -c -j10 -enable-batch-mode -incremental -Xcc -ivfsstatcache -Xcc /tmp/pumpsync-remediation-runtime-build/SDKStatCaches.noindex/iphonesimulator27.0-24A430-8b98ade55cdca77b755c004ede0894fd.sdkstatcache -output-file-map /tmp/pumpsync-remediation-runtime-build/Build/Intermediates.noindex/PumpSync.build/Debug-iphonesimulator/PumpSync.build/Objects-normal/arm64/PumpSync-OutputFileMap.json -save-temps -no-color-diagnostics -explicit-module-build -module-cache-path /tmp/pumpsync-remediation-runtime-build/Build/Intermediates.noindex/SwiftExplicitPrecompiledModules -clang-scanner-module-cache-path /tmp/pumpsync-remediation-runtime-build/ModuleCache.noindex -sdk-module-cache-path /tmp/pumpsync-remediation-runtime-build/SDKExplicitPrecompiledModules -emit-dependencies -emit-module -emit-module-path /tmp/pumpsync-remediation-runtime-build/Build/Intermediates.noindex/PumpSync.build/Debug-iphonesimulator/PumpSync.build/Objects-normal/arm64/PumpSync.swiftmodule -serialize-diagnostics -dependency-scan-serialize-diagnostics-path /tmp/pumpsync-remediation-runtime-build/Build/Intermediates.noindex/PumpSync.build/Debug-iphonesimulator/PumpSync.build/Objects-normal/arm64/PumpSync-dependency-scan.dia -validate-clang-modules-once -clang-build-session-file /tmp/pumpsync-remediation-runtime-build/ModuleCache.noindex/Session.modulevalidation -Xcc -fmodules-prune-interval\=86400 -Xcc -fmodules-prune-after\=345600 -emit-const-values -const-gather-protocols-list /tmp/pumpsync-remediation-runtime-build/Build/Intermediates.noindex/PumpSync.build/Debug-iphonesimulator/PumpSync.build/Objects-normal/arm64/PumpSync_const_extract_protocols.json -Xcc -iquote -Xcc /tmp/pumpsync-remediation-runtime-build/Build/Intermediates.noindex/PumpSync.build/Debug-iphonesimulator/PumpSync.build/PumpSync-generated-files.hmap -Xcc -I/tmp/pumpsync-remediation-runtime-build/Build/Intermediates.noindex/PumpSync.build/Debug-iphonesimulator/PumpSync.build/PumpSync-own-target-headers.hmap -Xcc -I/tmp/pumpsync-remediation-runtime-build/Build/Intermediates.noindex/PumpSync.build/Debug-iphonesimulator/PumpSync.build/PumpSync-all-target-headers.hmap -Xcc -iquote -Xcc /tmp/pumpsync-remediation-runtime-build/Build/Intermediates.noindex/PumpSync.build/Debug-iphonesimulator/PumpSync.build/PumpSync-project-headers.hmap -Xcc -I/tmp/pumpsync-remediation-runtime-build/Build/Products/Debug-iphonesimulator/include -Xcc -I/tmp/pumpsync-remediation-runtime-build/Build/Intermediates.noindex/PumpSync.build/Debug-iphonesimulator/PumpSync.build/DerivedSources-normal/arm64 -Xcc -I/tmp/pumpsync-remediation-runtime-build/Build/Intermediates.noindex/PumpSync.build/Debug-iphonesimulator/PumpSync.build/DerivedSources/arm64 -Xcc -I/tmp/pumpsync-remediation-runtime-build/Build/Intermediates.noindex/PumpSync.build/Debug-iphonesimulator/PumpSync.build/DerivedSources -Xcc -DDEBUG\=1 -emit-objc-header -emit-objc-header-path /tmp/pumpsync-remediation-runtime-build/Build/Intermediates.noindex/PumpSync.build/Debug-iphonesimulator/PumpSync.build/Objects-normal/arm64/PumpSync-Swift.h -working-directory /tmp/pumpsync-ui-audit-harness -experimental-emit-module-separately -disable-cmo

SwiftExplicitDependencyCompileModuleFromInterface arm64 /tmp/pumpsync-remediation-runtime-build/Build/Intermediates.noindex/SwiftExplicitPrecompiledModules/XCTest-38I6XW1F57LBC.swiftmodule

SwiftCompile normal arm64 Compiling\ ForegroundRecoveryController.swift,\ GlassUI.swift,\ HealthAccessView.swift /tmp/pumpsync-ui-audit-harness/PumpSync/Sources/App/ForegroundRecoveryController.swift /tmp/pumpsync-ui-audit-harness/PumpSync/Sources/UI/GlassUI.swift /tmp/pumpsync-ui-audit-harness/PumpSync/Sources/UI/HealthAccessView.swift (in target 'PumpSync' from project 'PumpSync')

SwiftCompile normal arm64 /tmp/pumpsync-ui-audit-harness/PumpSync/Sources/App/ForegroundRecoveryController.swift (in target 'PumpSync' from project 'PumpSync')
    cd /tmp/pumpsync-ui-audit-harness
    builtin-SwiftPerFileCompile ForegroundRecoveryController.swift

SwiftCompile normal arm64 /tmp/pumpsync-ui-audit-harness/PumpSync/Sources/UI/GlassUI.swift (in target 'PumpSync' from project 'PumpSync')
    cd /tmp/pumpsync-ui-audit-harness
    builtin-SwiftPerFileCompile GlassUI.swift

SwiftCompile normal arm64 /tmp/pumpsync-ui-audit-harness/PumpSync/Sources/UI/HealthAccessView.swift (in target 'PumpSync' from project 'PumpSync')
    cd /tmp/pumpsync-ui-audit-harness
    builtin-SwiftPerFileCompile HealthAccessView.swift

SwiftCompile normal arm64 Compiling\ AppView.swift,\ AuthService.swift,\ BackendSessionStore.swift /tmp/pumpsync-ui-audit-harness/PumpSync/Sources/App/AppView.swift /tmp/pumpsync-ui-audit-harness/PumpSync/Sources/Auth/AuthService.swift /tmp/pumpsync-ui-audit-harness/PumpSync/Sources/Auth/BackendSessionStore.swift (in target 'PumpSync' from project 'PumpSync')

SwiftCompile normal arm64 /tmp/pumpsync-ui-audit-harness/PumpSync/Sources/App/AppView.swift (in target 'PumpSync' from project 'PumpSync')
    cd /tmp/pumpsync-ui-audit-harness
    builtin-SwiftPerFileCompile AppView.swift

SwiftCompile normal arm64 /tmp/pumpsync-ui-audit-harness/PumpSync/Sources/Auth/AuthService.swift (in target 'PumpSync' from project 'PumpSync')
    cd /tmp/pumpsync-ui-audit-harness
    builtin-SwiftPerFileCompile AuthService.swift

SwiftCompile normal arm64 /tmp/pumpsync-ui-audit-harness/PumpSync/Sources/Auth/BackendSessionStore.swift (in target 'PumpSync' from project 'PumpSync')
    cd /tmp/pumpsync-ui-audit-harness
    builtin-SwiftPerFileCompile BackendSessionStore.swift

SwiftCompile normal arm64 Compiling\ SyncView.swift,\ TandemCredentialForm.swift /tmp/pumpsync-ui-audit-harness/PumpSync/Sources/UI/SyncView.swift /tmp/pumpsync-ui-audit-harness/PumpSync/Sources/Tandem/TandemCredentialForm.swift (in target 'PumpSync' from project 'PumpSync')

SwiftCompile normal arm64 /tmp/pumpsync-ui-audit-harness/PumpSync/Sources/UI/SyncView.swift (in target 'PumpSync' from project 'PumpSync')
    cd /tmp/pumpsync-ui-audit-harness
    builtin-SwiftPerFileCompile SyncView.swift

SwiftCompile normal arm64 /tmp/pumpsync-ui-audit-harness/PumpSync/Sources/Tandem/TandemCredentialForm.swift (in target 'PumpSync' from project 'PumpSync')
    cd /tmp/pumpsync-ui-audit-harness
    builtin-SwiftPerFileCompile TandemCredentialForm.swift

SwiftEmitModule normal arm64 Emitting\ module\ for\ PumpSync (in target 'PumpSync' from project 'PumpSync')

SwiftCompile normal arm64 (in target 'PumpSync' from project 'PumpSync')
    cd /tmp/pumpsync-ui-audit-harness


SwiftCompile normal arm64 Compiling\ BackgroundSyncDiagnostics.swift,\ BackgroundSyncScheduler.swift,\ CredentialValidationLifetime.swift /tmp/pumpsync-ui-audit-harness/PumpSync/Sources/Sync/BackgroundSyncDiagnostics.swift /tmp/pumpsync-ui-audit-harness/PumpSync/Sources/Sync/BackgroundSyncScheduler.swift /tmp/pumpsync-ui-audit-harness/PumpSync/Sources/Tandem/CredentialValidationLifetime.swift (in target 'PumpSync' from project 'PumpSync')

SwiftCompile normal arm64 /tmp/pumpsync-ui-audit-harness/PumpSync/Sources/Sync/BackgroundSyncDiagnostics.swift (in target 'PumpSync' from project 'PumpSync')
    cd /tmp/pumpsync-ui-audit-harness
    builtin-SwiftPerFileCompile BackgroundSyncDiagnostics.swift

SwiftCompile normal arm64 /tmp/pumpsync-ui-audit-harness/PumpSync/Sources/Sync/BackgroundSyncScheduler.swift (in target 'PumpSync' from project 'PumpSync')
    cd /tmp/pumpsync-ui-audit-harness
    builtin-SwiftPerFileCompile BackgroundSyncScheduler.swift

SwiftCompile normal arm64 /tmp/pumpsync-ui-audit-harness/PumpSync/Sources/Tandem/CredentialValidationLifetime.swift (in target 'PumpSync' from project 'PumpSync')
    cd /tmp/pumpsync-ui-audit-harness
    builtin-SwiftPerFileCompile CredentialValidationLifetime.swift

SwiftCompile normal arm64 Compiling\ PrivacyView.swift,\ PumpSyncAPIClient.swift,\ PumpSyncApp.swift /tmp/pumpsync-ui-audit-harness/PumpSync/Sources/UI/PrivacyView.swift /tmp/pumpsync-ui-audit-harness/PumpSync/Sources/Networking/PumpSyncAPIClient.swift /tmp/pumpsync-ui-audit-harness/PumpSync/Sources/App/PumpSyncApp.swift (in target 'PumpSync' from project 'PumpSync')

SwiftCompile normal arm64 /tmp/pumpsync-ui-audit-harness/PumpSync/Sources/UI/PrivacyView.swift (in target 'PumpSync' from project 'PumpSync')
    cd /tmp/pumpsync-ui-audit-harness
    builtin-SwiftPerFileCompile PrivacyView.swift

SwiftCompile normal arm64 /tmp/pumpsync-ui-audit-harness/PumpSync/Sources/Networking/PumpSyncAPIClient.swift (in target 'PumpSync' from project 'PumpSync')
    cd /tmp/pumpsync-ui-audit-harness
    builtin-SwiftPerFileCompile PumpSyncAPIClient.swift

SwiftCompile normal arm64 /tmp/pumpsync-ui-audit-harness/PumpSync/Sources/App/PumpSyncApp.swift (in target 'PumpSync' from project 'PumpSync')
    cd /tmp/pumpsync-ui-audit-harness
    builtin-SwiftPerFileCompile PumpSyncApp.swift

SwiftCompile normal arm64 Compiling\ SyncMetadataStore.swift,\ SyncStatusBanner.swift /tmp/pumpsync-ui-audit-harness/PumpSync/Sources/Storage/SyncMetadataStore.swift /tmp/pumpsync-ui-audit-harness/PumpSync/Sources/UI/SyncStatusBanner.swift (in target 'PumpSync' from project 'PumpSync')

SwiftCompile normal arm64 /tmp/pumpsync-ui-audit-harness/PumpSync/Sources/Storage/SyncMetadataStore.swift (in target 'PumpSync' from project 'PumpSync')
    cd /tmp/pumpsync-ui-audit-harness
    builtin-SwiftPerFileCompile SyncMetadataStore.swift

SwiftCompile normal arm64 /tmp/pumpsync-ui-audit-harness/PumpSync/Sources/UI/SyncStatusBanner.swift (in target 'PumpSync' from project 'PumpSync')
    cd /tmp/pumpsync-ui-audit-harness
    builtin-SwiftPerFileCompile SyncStatusBanner.swift

SwiftCompile normal arm64 Compiling\ PumpSyncShortcuts.swift,\ SecureKeychainStore.swift,\ SettingsView.swift /tmp/pumpsync-ui-audit-harness/PumpSync/Sources/App/PumpSyncShortcuts.swift /tmp/pumpsync-ui-audit-harness/PumpSync/Sources/Storage/SecureKeychainStore.swift /tmp/pumpsync-ui-audit-harness/PumpSync/Sources/UI/SettingsView.swift (in target 'PumpSync' from project 'PumpSync')

SwiftCompile normal arm64 /tmp/pumpsync-ui-audit-harness/PumpSync/Sources/App/PumpSyncShortcuts.swift (in target 'PumpSync' from project 'PumpSync')
    cd /tmp/pumpsync-ui-audit-harness
    builtin-SwiftPerFileCompile PumpSyncShortcuts.swift

SwiftCompile normal arm64 /tmp/pumpsync-ui-audit-harness/PumpSync/Sources/Storage/SecureKeychainStore.swift (in target 'PumpSync' from project 'PumpSync')
    cd /tmp/pumpsync-ui-audit-harness
    builtin-SwiftPerFileCompile SecureKeychainStore.swift

SwiftCompile normal arm64 /tmp/pumpsync-ui-audit-harness/PumpSync/Sources/UI/SettingsView.swift (in target 'PumpSync' from project 'PumpSync')
    cd /tmp/pumpsync-ui-audit-harness
    builtin-SwiftPerFileCompile SettingsView.swift

SwiftCompile normal arm64 Compiling\ SupportBundleBuilder.swift,\ SyncCoordinator.swift /tmp/pumpsync-ui-audit-harness/PumpSync/Sources/App/SupportBundleBuilder.swift /tmp/pumpsync-ui-audit-harness/PumpSync/Sources/Sync/SyncCoordinator.swift (in target 'PumpSync' from project 'PumpSync')

SwiftCompile normal arm64 /tmp/pumpsync-ui-audit-harness/PumpSync/Sources/App/SupportBundleBuilder.swift (in target 'PumpSync' from project 'PumpSync')
    cd /tmp/pumpsync-ui-audit-harness
    builtin-SwiftPerFileCompile SupportBundleBuilder.swift

SwiftCompile normal arm64 /tmp/pumpsync-ui-audit-harness/PumpSync/Sources/Sync/SyncCoordinator.swift (in target 'PumpSync' from project 'PumpSync')
    cd /tmp/pumpsync-ui-audit-harness
    builtin-SwiftPerFileCompile SyncCoordinator.swift

SwiftCompile normal arm64 Compiling\ InstallStateReconciler.swift,\ MetricKitDiagnosticsCollector.swift,\ NativeDiagnosticsStore.swift /tmp/pumpsync-ui-audit-harness/PumpSync/Sources/Storage/InstallStateReconciler.swift /tmp/pumpsync-ui-audit-harness/PumpSync/Sources/App/MetricKitDiagnosticsCollector.swift /tmp/pumpsync-ui-audit-harness/PumpSync/Sources/App/NativeDiagnosticsStore.swift (in target 'PumpSync' from project 'PumpSync')

SwiftCompile normal arm64 /tmp/pumpsync-ui-audit-harness/PumpSync/Sources/Storage/InstallStateReconciler.swift (in target 'PumpSync' from project 'PumpSync')
    cd /tmp/pumpsync-ui-audit-harness
    builtin-SwiftPerFileCompile InstallStateReconciler.swift

SwiftCompile normal arm64 /tmp/pumpsync-ui-audit-harness/PumpSync/Sources/App/MetricKitDiagnosticsCollector.swift (in target 'PumpSync' from project 'PumpSync')
    cd /tmp/pumpsync-ui-audit-harness
    builtin-SwiftPerFileCompile MetricKitDiagnosticsCollector.swift

SwiftCompile normal arm64 /tmp/pumpsync-ui-audit-harness/PumpSync/Sources/App/NativeDiagnosticsStore.swift (in target 'PumpSync' from project 'PumpSync')
    cd /tmp/pumpsync-ui-audit-harness
    builtin-SwiftPerFileCompile NativeDiagnosticsStore.swift

SwiftEmitModule normal arm64 Emitting\ module\ for\ PumpSyncUITests (in target 'PumpSyncUITests' from project 'PumpSync')

SwiftCompile normal arm64 (in target 'PumpSyncUITests' from project 'PumpSync')
    cd /tmp/pumpsync-ui-audit-harness


SwiftDriverJobDiscovery normal arm64 Compiling InstallStateReconciler.swift, MetricKitDiagnosticsCollector.swift, NativeDiagnosticsStore.swift (in target 'PumpSync' from project 'PumpSync')

SwiftEmitModule normal arm64 Emitting\ module\ for\ PumpSyncTests (in target 'PumpSyncTests' from project 'PumpSync')

SwiftCompile normal arm64 (in target 'PumpSyncTests' from project 'PumpSync')
    cd /tmp/pumpsync-ui-audit-harness


SwiftDriverJobDiscovery normal arm64 Compiling BackgroundSyncDiagnostics.swift, BackgroundSyncScheduler.swift, CredentialValidationLifetime.swift (in target 'PumpSync' from project 'PumpSync')

SwiftCompile normal arm64 Compiling\ PumpSyncUITests.swift /tmp/pumpsync-ui-audit-harness/PumpSyncUITests/PumpSyncUITests.swift (in target 'PumpSyncUITests' from project 'PumpSync')

SwiftCompile normal arm64 /tmp/pumpsync-ui-audit-harness/PumpSyncUITests/PumpSyncUITests.swift (in target 'PumpSyncUITests' from project 'PumpSync')
    cd /tmp/pumpsync-ui-audit-harness
    builtin-SwiftPerFileCompile PumpSyncUITests.swift

SwiftDriverJobDiscovery normal arm64 Compiling SyncMetadataStore.swift, SyncStatusBanner.swift (in target 'PumpSync' from project 'PumpSync')

SwiftCompile normal arm64 Compiling\ AuthServiceTests.swift,\ BackendSessionStoreTests.swift,\ BackgroundExecutionDeadlineTests.swift /tmp/pumpsync-ui-audit-harness/PumpSyncTests/AuthServiceTests.swift /tmp/pumpsync-ui-audit-harness/PumpSyncTests/BackendSessionStoreTests.swift /tmp/pumpsync-ui-audit-harness/PumpSyncTests/BackgroundExecutionDeadlineTests.swift (in target 'PumpSyncTests' from project 'PumpSync')

SwiftCompile normal arm64 /tmp/pumpsync-ui-audit-harness/PumpSyncTests/AuthServiceTests.swift (in target 'PumpSyncTests' from project 'PumpSync')
    cd /tmp/pumpsync-ui-audit-harness
    builtin-SwiftPerFileCompile AuthServiceTests.swift

SwiftCompile normal arm64 /tmp/pumpsync-ui-audit-harness/PumpSyncTests/BackendSessionStoreTests.swift (in target 'PumpSyncTests' from project 'PumpSync')
    cd /tmp/pumpsync-ui-audit-harness
    builtin-SwiftPerFileCompile BackendSessionStoreTests.swift

SwiftCompile normal arm64 /tmp/pumpsync-ui-audit-harness/PumpSyncTests/BackgroundExecutionDeadlineTests.swift (in target 'PumpSyncTests' from project 'PumpSync')
    cd /tmp/pumpsync-ui-audit-harness
    builtin-SwiftPerFileCompile BackgroundExecutionDeadlineTests.swift

SwiftDriverJobDiscovery normal arm64 Emitting module for PumpSyncUITests (in target 'PumpSyncUITests' from project 'PumpSync')

SwiftDriver\ Compilation\ Requirements PumpSyncUITests normal arm64 com.apple.xcode.tools.swift.compiler (in target 'PumpSyncUITests' from project 'PumpSync')
    cd /tmp/pumpsync-ui-audit-harness
    builtin-Swift-Compilation-Requirements -- /Applications/Development/Xcode.app/Contents/Developer/Toolchains/XcodeDefault.xctoolchain/usr/bin/swiftc -module-name PumpSyncUITests -Onone @/tmp/pumpsync-remediation-runtime-build/Build/Intermediates.noindex/PumpSync.build/Debug-iphonesimulator/PumpSyncUITests.build/Objects-normal/arm64/PumpSyncUITests.SwiftFileList -DDEBUG -module-alias Testing\=_Testing_Unavailable -plugin-path /Applications/Development/Xcode.app/Contents/Developer/Toolchains/XcodeDefault.xctoolchain/usr/lib/swift/host/plugins/testing -enable-experimental-feature DebugDescriptionMacro -sdk /Applications/Development/Xcode.app/Contents/Developer/Platforms/iPhoneSimulator.platform/Developer/SDKs/iPhoneSimulator27.0.sdk -target arm64-apple-ios26.0-simulator -g -module-cache-path /tmp/pumpsync-remediation-runtime-build/ModuleCache.noindex -Xfrontend -serialize-debugging-options -enable-testing -warnings-as-errors -index-store-path /tmp/pumpsync-remediation-runtime-build/Index.noindex/DataStore -Xcc -D_LIBCPP_HARDENING_MODE\=_LIBCPP_HARDENING_MODE_DEBUG -swift-version 6 -I /tmp/pumpsync-remediation-runtime-build/Build/Products/Debug-iphonesimulator -Isystem /Applications/Development/Xcode.app/Contents/Developer/Platforms/iPhoneSimulator.platform/Developer/usr/lib -F /tmp/pumpsync-remediation-runtime-build/Build/Products/Debug-iphonesimulator -F /Applications/Development/Xcode.app/Contents/Developer/Platforms/iPhoneSimulator.platform/Developer/Library/Frameworks -F /Applications/Development/Xcode.app/Contents/Developer/Platforms/iPhoneSimulator.platform/Developer/SDKs/iPhoneSimulator27.0.sdk/Developer/Library/Frameworks -parse-as-library -c -j10 -enable-batch-mode -incremental -Xcc -ivfsstatcache -Xcc /tmp/pumpsync-remediation-runtime-build/SDKStatCaches.noindex/iphonesimulator27.0-24A430-8b98ade55cdca77b755c004ede0894fd.sdkstatcache -output-file-map /tmp/pumpsync-remediation-runtime-build/Build/Intermediates.noindex/PumpSync.build/Debug-iphonesimulator/PumpSyncUITests.build/Objects-normal/arm64/PumpSyncUITests-OutputFileMap.json -save-temps -no-color-diagnostics -explicit-module-build -module-cache-path /tmp/pumpsync-remediation-runtime-build/Build/Intermediates.noindex/SwiftExplicitPrecompiledModules -clang-scanner-module-cache-path /tmp/pumpsync-remediation-runtime-build/ModuleCache.noindex -sdk-module-cache-path /tmp/pumpsync-remediation-runtime-build/SDKExplicitPrecompiledModules -emit-dependencies -emit-module -emit-module-path /tmp/pumpsync-remediation-runtime-build/Build/Intermediates.noindex/PumpSync.build/Debug-iphonesimulator/PumpSyncUITests.build/Objects-normal/arm64/PumpSyncUITests.swiftmodule -serialize-diagnostics -dependency-scan-serialize-diagnostics-path /tmp/pumpsync-remediation-runtime-build/Build/Intermediates.noindex/PumpSync.build/Debug-iphonesimulator/PumpSyncUITests.build/Objects-normal/arm64/PumpSyncUITests-dependency-scan.dia -validate-clang-modules-once -clang-build-session-file /tmp/pumpsync-remediation-runtime-build/ModuleCache.noindex/Session.modulevalidation -Xcc -fmodules-prune-interval\=86400 -Xcc -fmodules-prune-after\=345600 -emit-const-values -const-gather-protocols-list /tmp/pumpsync-remediation-runtime-build/Build/Intermediates.noindex/PumpSync.build/Debug-iphonesimulator/PumpSyncUITests.build/Objects-normal/arm64/PumpSyncUITests_const_extract_protocols.json -Xcc -iquote -Xcc /tmp/pumpsync-remediation-runtime-build/Build/Intermediates.noindex/PumpSync.build/Debug-iphonesimulator/PumpSyncUITests.build/PumpSyncUITests-generated-files.hmap -Xcc -I/tmp/pumpsync-remediation-runtime-build/Build/Intermediates.noindex/PumpSync.build/Debug-iphonesimulator/PumpSyncUITests.build/PumpSyncUITests-own-target-headers.hmap -Xcc -I/tmp/pumpsync-remediation-runtime-build/Build/Intermediates.noindex/PumpSync.build/Debug-iphonesimulator/PumpSyncUITests.build/PumpSyncUITests-all-target-headers.hmap -Xcc -iquote -Xcc /tmp/pumpsync-remediation-runtime-build/Build/Intermediates.noindex/PumpSync.build/Debug-iphonesimulator/PumpSyncUITests.build/PumpSyncUITests-project-headers.hmap -Xcc -I/tmp/pumpsync-remediation-runtime-build/Build/Products/Debug-iphonesimulator/include -Xcc -I/tmp/pumpsync-remediation-runtime-build/Build/Intermediates.noindex/PumpSync.build/Debug-iphonesimulator/PumpSyncUITests.build/DerivedSources-normal/arm64 -Xcc -I/tmp/pumpsync-remediation-runtime-build/Build/Intermediates.noindex/PumpSync.build/Debug-iphonesimulator/PumpSyncUITests.build/DerivedSources/arm64 -Xcc -I/tmp/pumpsync-remediation-runtime-build/Build/Intermediates.noindex/PumpSync.build/Debug-iphonesimulator/PumpSyncUITests.build/DerivedSources -Xcc -DDEBUG\=1 -emit-objc-header -emit-objc-header-path /tmp/pumpsync-remediation-runtime-build/Build/Intermediates.noindex/PumpSync.build/Debug-iphonesimulator/PumpSyncUITests.build/Objects-normal/arm64/PumpSyncUITests-Swift.h -working-directory /tmp/pumpsync-ui-audit-harness -experimental-emit-module-separately -disable-cmo

SwiftDriverJobDiscovery normal arm64 Compiling ForegroundRecoveryController.swift, GlassUI.swift, HealthAccessView.swift (in target 'PumpSync' from project 'PumpSync')

SwiftCompile normal arm64 Compiling\ TandemCredentialFormTests.swift,\ URLProtocolStub.swift /tmp/pumpsync-ui-audit-harness/PumpSyncTests/TandemCredentialFormTests.swift /tmp/pumpsync-ui-audit-harness/PumpSyncTests/URLProtocolStub.swift (in target 'PumpSyncTests' from project 'PumpSync')

SwiftCompile normal arm64 /tmp/pumpsync-ui-audit-harness/PumpSyncTests/TandemCredentialFormTests.swift (in target 'PumpSyncTests' from project 'PumpSync')
    cd /tmp/pumpsync-ui-audit-harness
    builtin-SwiftPerFileCompile TandemCredentialFormTests.swift

SwiftCompile normal arm64 /tmp/pumpsync-ui-audit-harness/PumpSyncTests/URLProtocolStub.swift (in target 'PumpSyncTests' from project 'PumpSync')
    cd /tmp/pumpsync-ui-audit-harness
    builtin-SwiftPerFileCompile URLProtocolStub.swift

SwiftMergeGeneratedHeaders /tmp/pumpsync-remediation-runtime-build/Build/Intermediates.noindex/PumpSync.build/Debug-iphonesimulator/PumpSyncUITests.build/DerivedSources/PumpSyncUITests-Swift.h /tmp/pumpsync-remediation-runtime-build/Build/Intermediates.noindex/PumpSync.build/Debug-iphonesimulator/PumpSyncUITests.build/Objects-normal/arm64/PumpSyncUITests-Swift.h (in target 'PumpSyncUITests' from project 'PumpSync')
    cd /tmp/pumpsync-ui-audit-harness
    builtin-swiftHeaderTool -arch arm64 /tmp/pumpsync-remediation-runtime-build/Build/Intermediates.noindex/PumpSync.build/Debug-iphonesimulator/PumpSyncUITests.build/Objects-normal/arm64/PumpSyncUITests-Swift.h -o /tmp/pumpsync-remediation-runtime-build/Build/Intermediates.noindex/PumpSync.build/Debug-iphonesimulator/PumpSyncUITests.build/DerivedSources/PumpSyncUITests-Swift.h

SwiftDriverJobDiscovery normal arm64 Compiling SupportBundleBuilder.swift, SyncCoordinator.swift (in target 'PumpSync' from project 'PumpSync')

Copy /tmp/pumpsync-remediation-runtime-build/Build/Products/Debug-iphonesimulator/PumpSyncUITests.swiftmodule/arm64-apple-ios-simulator.swiftmodule /tmp/pumpsync-remediation-runtime-build/Build/Intermediates.noindex/PumpSync.build/Debug-iphonesimulator/PumpSyncUITests.build/Objects-normal/arm64/PumpSyncUITests.swiftmodule (in target 'PumpSyncUITests' from project 'PumpSync')
    cd /tmp/pumpsync-ui-audit-harness
    builtin-copy -exclude .DS_Store -exclude CVS -exclude .svn -exclude .git -exclude .hg -resolve-src-symlinks -rename /tmp/pumpsync-remediation-runtime-build/Build/Intermediates.noindex/PumpSync.build/Debug-iphonesimulator/PumpSyncUITests.build/Objects-normal/arm64/PumpSyncUITests.swiftmodule /tmp/pumpsync-remediation-runtime-build/Build/Products/Debug-iphonesimulator/PumpSyncUITests.swiftmodule/arm64-apple-ios-simulator.swiftmodule

Copy /tmp/pumpsync-remediation-runtime-build/Build/Products/Debug-iphonesimulator/PumpSyncUITests.swiftmodule/arm64-apple-ios-simulator.swiftdoc /tmp/pumpsync-remediation-runtime-build/Build/Intermediates.noindex/PumpSync.build/Debug-iphonesimulator/PumpSyncUITests.build/Objects-normal/arm64/PumpSyncUITests.swiftdoc (in target 'PumpSyncUITests' from project 'PumpSync')
    cd /tmp/pumpsync-ui-audit-harness
    builtin-copy -exclude .DS_Store -exclude CVS -exclude .svn -exclude .git -exclude .hg -resolve-src-symlinks -rename /tmp/pumpsync-remediation-runtime-build/Build/Intermediates.noindex/PumpSync.build/Debug-iphonesimulator/PumpSyncUITests.build/Objects-normal/arm64/PumpSyncUITests.swiftdoc /tmp/pumpsync-remediation-runtime-build/Build/Products/Debug-iphonesimulator/PumpSyncUITests.swiftmodule/arm64-apple-ios-simulator.swiftdoc

Copy /tmp/pumpsync-remediation-runtime-build/Build/Products/Debug-iphonesimulator/PumpSyncUITests.swiftmodule/arm64-apple-ios-simulator.abi.json /tmp/pumpsync-remediation-runtime-build/Build/Intermediates.noindex/PumpSync.build/Debug-iphonesimulator/PumpSyncUITests.build/Objects-normal/arm64/PumpSyncUITests.abi.json (in target 'PumpSyncUITests' from project 'PumpSync')
    cd /tmp/pumpsync-ui-audit-harness
    builtin-copy -exclude .DS_Store -exclude CVS -exclude .svn -exclude .git -exclude .hg -resolve-src-symlinks -rename /tmp/pumpsync-remediation-runtime-build/Build/Intermediates.noindex/PumpSync.build/Debug-iphonesimulator/PumpSyncUITests.build/Objects-normal/arm64/PumpSyncUITests.abi.json /tmp/pumpsync-remediation-runtime-build/Build/Products/Debug-iphonesimulator/PumpSyncUITests.swiftmodule/arm64-apple-ios-simulator.abi.json

Copy /tmp/pumpsync-remediation-runtime-build/Build/Products/Debug-iphonesimulator/PumpSyncUITests.swiftmodule/Project/arm64-apple-ios-simulator.swiftsourceinfo /tmp/pumpsync-remediation-runtime-build/Build/Intermediates.noindex/PumpSync.build/Debug-iphonesimulator/PumpSyncUITests.build/Objects-normal/arm64/PumpSyncUITests.swiftsourceinfo (in target 'PumpSyncUITests' from project 'PumpSync')
    cd /tmp/pumpsync-ui-audit-harness
    builtin-copy -exclude .DS_Store -exclude CVS -exclude .svn -exclude .git -exclude .hg -resolve-src-symlinks -rename /tmp/pumpsync-remediation-runtime-build/Build/Intermediates.noindex/PumpSync.build/Debug-iphonesimulator/PumpSyncUITests.build/Objects-normal/arm64/PumpSyncUITests.swiftsourceinfo /tmp/pumpsync-remediation-runtime-build/Build/Products/Debug-iphonesimulator/PumpSyncUITests.swiftmodule/Project/arm64-apple-ios-simulator.swiftsourceinfo

SwiftCompile normal arm64 Compiling\ SyncCoordinatorTests.swift,\ SyncViewTests.swift /tmp/pumpsync-ui-audit-harness/PumpSyncTests/SyncCoordinatorTests.swift /tmp/pumpsync-ui-audit-harness/PumpSyncTests/SyncViewTests.swift (in target 'PumpSyncTests' from project 'PumpSync')

SwiftCompile normal arm64 /tmp/pumpsync-ui-audit-harness/PumpSyncTests/SyncCoordinatorTests.swift (in target 'PumpSyncTests' from project 'PumpSync')
    cd /tmp/pumpsync-ui-audit-harness
    builtin-SwiftPerFileCompile SyncCoordinatorTests.swift

SwiftCompile normal arm64 /tmp/pumpsync-ui-audit-harness/PumpSyncTests/SyncViewTests.swift (in target 'PumpSyncTests' from project 'PumpSync')
    cd /tmp/pumpsync-ui-audit-harness
    builtin-SwiftPerFileCompile SyncViewTests.swift

SwiftDriverJobDiscovery normal arm64 Compiling PrivacyView.swift, PumpSyncAPIClient.swift, PumpSyncApp.swift (in target 'PumpSync' from project 'PumpSync')

SwiftCompile normal arm64 Compiling\ InitialImportRangeTests.swift,\ InstallStateReconcilerTests.swift /tmp/pumpsync-ui-audit-harness/PumpSyncTests/InitialImportRangeTests.swift /tmp/pumpsync-ui-audit-harness/PumpSyncTests/InstallStateReconcilerTests.swift (in target 'PumpSyncTests' from project 'PumpSync')

SwiftCompile normal arm64 /tmp/pumpsync-ui-audit-harness/PumpSyncTests/InitialImportRangeTests.swift (in target 'PumpSyncTests' from project 'PumpSync')
    cd /tmp/pumpsync-ui-audit-harness
    builtin-SwiftPerFileCompile InitialImportRangeTests.swift

SwiftCompile normal arm64 /tmp/pumpsync-ui-audit-harness/PumpSyncTests/InstallStateReconcilerTests.swift (in target 'PumpSyncTests' from project 'PumpSync')
    cd /tmp/pumpsync-ui-audit-harness
    builtin-SwiftPerFileCompile InstallStateReconcilerTests.swift

SwiftCompile normal arm64 Compiling\ HealthAccessTests.swift,\ ImportedSampleLedgerTests.swift /tmp/pumpsync-ui-audit-harness/PumpSyncTests/HealthAccessTests.swift /tmp/pumpsync-ui-audit-harness/PumpSyncTests/ImportedSampleLedgerTests.swift (in target 'PumpSyncTests' from project 'PumpSync')

SwiftCompile normal arm64 /tmp/pumpsync-ui-audit-harness/PumpSyncTests/HealthAccessTests.swift (in target 'PumpSyncTests' from project 'PumpSync')
    cd /tmp/pumpsync-ui-audit-harness
    builtin-SwiftPerFileCompile HealthAccessTests.swift

SwiftCompile normal arm64 /tmp/pumpsync-ui-audit-harness/PumpSyncTests/ImportedSampleLedgerTests.swift (in target 'PumpSyncTests' from project 'PumpSync')
    cd /tmp/pumpsync-ui-audit-harness
    builtin-SwiftPerFileCompile ImportedSampleLedgerTests.swift

SwiftDriverJobDiscovery normal arm64 Emitting module for PumpSyncTests (in target 'PumpSyncTests' from project 'PumpSync')

SwiftDriver\ Compilation\ Requirements PumpSyncTests normal arm64 com.apple.xcode.tools.swift.compiler (in target 'PumpSyncTests' from project 'PumpSync')
    cd /tmp/pumpsync-ui-audit-harness
    builtin-Swift-Compilation-Requirements -- /Applications/Development/Xcode.app/Contents/Developer/Toolchains/XcodeDefault.xctoolchain/usr/bin/swiftc -module-name PumpSyncTests -Onone @/tmp/pumpsync-remediation-runtime-build/Build/Intermediates.noindex/PumpSync.build/Debug-iphonesimulator/PumpSyncTests.build/Objects-normal/arm64/PumpSyncTests.SwiftFileList -DDEBUG -plugin-path /Applications/Development/Xcode.app/Contents/Developer/Toolchains/XcodeDefault.xctoolchain/usr/lib/swift/host/plugins/testing -enable-experimental-feature DebugDescriptionMacro -sdk /Applications/Development/Xcode.app/Contents/Developer/Platforms/iPhoneSimulator.platform/Developer/SDKs/iPhoneSimulator27.0.sdk -target arm64-apple-ios26.0-simulator -g -module-cache-path /tmp/pumpsync-remediation-runtime-build/ModuleCache.noindex -Xfrontend -serialize-debugging-options -enable-testing -warnings-as-errors -index-store-path /tmp/pumpsync-remediation-runtime-build/Index.noindex/DataStore -Xcc -D_LIBCPP_HARDENING_MODE\=_LIBCPP_HARDENING_MODE_DEBUG -swift-version 6 -I /tmp/pumpsync-remediation-runtime-build/Build/Products/Debug-iphonesimulator -Isystem /Applications/Development/Xcode.app/Contents/Developer/Platforms/iPhoneSimulator.platform/Developer/usr/lib -F /tmp/pumpsync-remediation-runtime-build/Build/Products/Debug-iphonesimulator -F /Applications/Development/Xcode.app/Contents/Developer/Platforms/iPhoneSimulator.platform/Developer/Library/Frameworks -F /Applications/Development/Xcode.app/Contents/Developer/Platforms/iPhoneSimulator.platform/Developer/SDKs/iPhoneSimulator27.0.sdk/Developer/Library/Frameworks -c -j10 -enable-batch-mode -incremental -Xcc -ivfsstatcache -Xcc /tmp/pumpsync-remediation-runtime-build/SDKStatCaches.noindex/iphonesimulator27.0-24A430-8b98ade55cdca77b755c004ede0894fd.sdkstatcache -output-file-map /tmp/pumpsync-remediation-runtime-build/Build/Intermediates.noindex/PumpSync.build/Debug-iphonesimulator/PumpSyncTests.build/Objects-normal/arm64/PumpSyncTests-OutputFileMap.json -save-temps -no-color-diagnostics -explicit-module-build -module-cache-path /tmp/pumpsync-remediation-runtime-build/Build/Intermediates.noindex/SwiftExplicitPrecompiledModules -clang-scanner-module-cache-path /tmp/pumpsync-remediation-runtime-build/ModuleCache.noindex -sdk-module-cache-path /tmp/pumpsync-remediation-runtime-build/SDKExplicitPrecompiledModules -emit-dependencies -emit-module -emit-module-path /tmp/pumpsync-remediation-runtime-build/Build/Intermediates.noindex/PumpSync.build/Debug-iphonesimulator/PumpSyncTests.build/Objects-normal/arm64/PumpSyncTests.swiftmodule -serialize-diagnostics -dependency-scan-serialize-diagnostics-path /tmp/pumpsync-remediation-runtime-build/Build/Intermediates.noindex/PumpSync.build/Debug-iphonesimulator/PumpSyncTests.build/Objects-normal/arm64/PumpSyncTests-dependency-scan.dia -validate-clang-modules-once -clang-build-session-file /tmp/pumpsync-remediation-runtime-build/ModuleCache.noindex/Session.modulevalidation -Xcc -fmodules-prune-interval\=86400 -Xcc -fmodules-prune-after\=345600 -emit-const-values -const-gather-protocols-list /tmp/pumpsync-remediation-runtime-build/Build/Intermediates.noindex/PumpSync.build/Debug-iphonesimulator/PumpSyncTests.build/Objects-normal/arm64/PumpSyncTests_const_extract_protocols.json -Xcc -iquote -Xcc /tmp/pumpsync-remediation-runtime-build/Build/Intermediates.noindex/PumpSync.build/Debug-iphonesimulator/PumpSyncTests.build/PumpSyncTests-generated-files.hmap -Xcc -I/tmp/pumpsync-remediation-runtime-build/Build/Intermediates.noindex/PumpSync.build/Debug-iphonesimulator/PumpSyncTests.build/PumpSyncTests-own-target-headers.hmap -Xcc -I/tmp/pumpsync-remediation-runtime-build/Build/Intermediates.noindex/PumpSync.build/Debug-iphonesimulator/PumpSyncTests.build/PumpSyncTests-all-target-headers.hmap -Xcc -iquote -Xcc /tmp/pumpsync-remediation-runtime-build/Build/Intermediates.noindex/PumpSync.build/Debug-iphonesimulator/PumpSyncTests.build/PumpSyncTests-project-headers.hmap -Xcc -I/tmp/pumpsync-remediation-runtime-build/Build/Products/Debug-iphonesimulator/include -Xcc -I/tmp/pumpsync-remediation-runtime-build/Build/Intermediates.noindex/PumpSync.build/Debug-iphonesimulator/PumpSyncTests.build/DerivedSources-normal/arm64 -Xcc -I/tmp/pumpsync-remediation-runtime-build/Build/Intermediates.noindex/PumpSync.build/Debug-iphonesimulator/PumpSyncTests.build/DerivedSources/arm64 -Xcc -I/tmp/pumpsync-remediation-runtime-build/Build/Intermediates.noindex/PumpSync.build/Debug-iphonesimulator/PumpSyncTests.build/DerivedSources -Xcc -DDEBUG\=1 -emit-objc-header -emit-objc-header-path /tmp/pumpsync-remediation-runtime-build/Build/Intermediates.noindex/PumpSync.build/Debug-iphonesimulator/PumpSyncTests.build/Objects-normal/arm64/PumpSyncTests-Swift.h -working-directory /tmp/pumpsync-ui-audit-harness -experimental-emit-module-separately -disable-cmo

SwiftDriverJobDiscovery normal arm64 Compiling PumpSyncUITests.swift (in target 'PumpSyncUITests' from project 'PumpSync')

SwiftCompile normal arm64 Compiling\ SubscriptionPresentationTests.swift,\ SupportBundleBuilderTests.swift /tmp/pumpsync-ui-audit-harness/PumpSyncTests/SubscriptionPresentationTests.swift /tmp/pumpsync-ui-audit-harness/PumpSyncTests/SupportBundleBuilderTests.swift (in target 'PumpSyncTests' from project 'PumpSync')

SwiftCompile normal arm64 /tmp/pumpsync-ui-audit-harness/PumpSyncTests/SubscriptionPresentationTests.swift (in target 'PumpSyncTests' from project 'PumpSync')
    cd /tmp/pumpsync-ui-audit-harness
    builtin-SwiftPerFileCompile SubscriptionPresentationTests.swift

SwiftCompile normal arm64 /tmp/pumpsync-ui-audit-harness/PumpSyncTests/SupportBundleBuilderTests.swift (in target 'PumpSyncTests' from project 'PumpSync')
    cd /tmp/pumpsync-ui-audit-harness
    builtin-SwiftPerFileCompile SupportBundleBuilderTests.swift

SwiftDriverJobDiscovery normal arm64 Compiling TandemCredentialFormTests.swift, URLProtocolStub.swift (in target 'PumpSyncTests' from project 'PumpSync')

SwiftMergeGeneratedHeaders /tmp/pumpsync-remediation-runtime-build/Build/Intermediates.noindex/PumpSync.build/Debug-iphonesimulator/PumpSyncTests.build/DerivedSources/PumpSyncTests-Swift.h /tmp/pumpsync-remediation-runtime-build/Build/Intermediates.noindex/PumpSync.build/Debug-iphonesimulator/PumpSyncTests.build/Objects-normal/arm64/PumpSyncTests-Swift.h (in target 'PumpSyncTests' from project 'PumpSync')
    cd /tmp/pumpsync-ui-audit-harness
    builtin-swiftHeaderTool -arch arm64 /tmp/pumpsync-remediation-runtime-build/Build/Intermediates.noindex/PumpSync.build/Debug-iphonesimulator/PumpSyncTests.build/Objects-normal/arm64/PumpSyncTests-Swift.h -o /tmp/pumpsync-remediation-runtime-build/Build/Intermediates.noindex/PumpSync.build/Debug-iphonesimulator/PumpSyncTests.build/DerivedSources/PumpSyncTests-Swift.h

Copy /tmp/pumpsync-remediation-runtime-build/Build/Products/Debug-iphonesimulator/PumpSyncTests.swiftmodule/arm64-apple-ios-simulator.swiftmodule /tmp/pumpsync-remediation-runtime-build/Build/Intermediates.noindex/PumpSync.build/Debug-iphonesimulator/PumpSyncTests.build/Objects-normal/arm64/PumpSyncTests.swiftmodule (in target 'PumpSyncTests' from project 'PumpSync')
    cd /tmp/pumpsync-ui-audit-harness
    builtin-copy -exclude .DS_Store -exclude CVS -exclude .svn -exclude .git -exclude .hg -resolve-src-symlinks -rename /tmp/pumpsync-remediation-runtime-build/Build/Intermediates.noindex/PumpSync.build/Debug-iphonesimulator/PumpSyncTests.build/Objects-normal/arm64/PumpSyncTests.swiftmodule /tmp/pumpsync-remediation-runtime-build/Build/Products/Debug-iphonesimulator/PumpSyncTests.swiftmodule/arm64-apple-ios-simulator.swiftmodule

Copy /tmp/pumpsync-remediation-runtime-build/Build/Products/Debug-iphonesimulator/PumpSyncTests.swiftmodule/arm64-apple-ios-simulator.swiftdoc /tmp/pumpsync-remediation-runtime-build/Build/Intermediates.noindex/PumpSync.build/Debug-iphonesimulator/PumpSyncTests.build/Objects-normal/arm64/PumpSyncTests.swiftdoc (in target 'PumpSyncTests' from project 'PumpSync')
    cd /tmp/pumpsync-ui-audit-harness
    builtin-copy -exclude .DS_Store -exclude CVS -exclude .svn -exclude .git -exclude .hg -resolve-src-symlinks -rename /tmp/pumpsync-remediation-runtime-build/Build/Intermediates.noindex/PumpSync.build/Debug-iphonesimulator/PumpSyncTests.build/Objects-normal/arm64/PumpSyncTests.swiftdoc /tmp/pumpsync-remediation-runtime-build/Build/Products/Debug-iphonesimulator/PumpSyncTests.swiftmodule/arm64-apple-ios-simulator.swiftdoc

Copy /tmp/pumpsync-remediation-runtime-build/Build/Products/Debug-iphonesimulator/PumpSyncTests.swiftmodule/arm64-apple-ios-simulator.abi.json /tmp/pumpsync-remediation-runtime-build/Build/Intermediates.noindex/PumpSync.build/Debug-iphonesimulator/PumpSyncTests.build/Objects-normal/arm64/PumpSyncTests.abi.json (in target 'PumpSyncTests' from project 'PumpSync')
    cd /tmp/pumpsync-ui-audit-harness
    builtin-copy -exclude .DS_Store -exclude CVS -exclude .svn -exclude .git -exclude .hg -resolve-src-symlinks -rename /tmp/pumpsync-remediation-runtime-build/Build/Intermediates.noindex/PumpSync.build/Debug-iphonesimulator/PumpSyncTests.build/Objects-normal/arm64/PumpSyncTests.abi.json /tmp/pumpsync-remediation-runtime-build/Build/Products/Debug-iphonesimulator/PumpSyncTests.swiftmodule/arm64-apple-ios-simulator.abi.json

Copy /tmp/pumpsync-remediation-runtime-build/Build/Products/Debug-iphonesimulator/PumpSyncTests.swiftmodule/Project/arm64-apple-ios-simulator.swiftsourceinfo /tmp/pumpsync-remediation-runtime-build/Build/Intermediates.noindex/PumpSync.build/Debug-iphonesimulator/PumpSyncTests.build/Objects-normal/arm64/PumpSyncTests.swiftsourceinfo (in target 'PumpSyncTests' from project 'PumpSync')
    cd /tmp/pumpsync-ui-audit-harness
    builtin-copy -exclude .DS_Store -exclude CVS -exclude .svn -exclude .git -exclude .hg -resolve-src-symlinks -rename /tmp/pumpsync-remediation-runtime-build/Build/Intermediates.noindex/PumpSync.build/Debug-iphonesimulator/PumpSyncTests.build/Objects-normal/arm64/PumpSyncTests.swiftsourceinfo /tmp/pumpsync-remediation-runtime-build/Build/Products/Debug-iphonesimulator/PumpSyncTests.swiftmodule/Project/arm64-apple-ios-simulator.swiftsourceinfo

SwiftDriver\ Compilation PumpSyncUITests normal arm64 com.apple.xcode.tools.swift.compiler (in target 'PumpSyncUITests' from project 'PumpSync')
    cd /tmp/pumpsync-ui-audit-harness
    builtin-Swift-Compilation -- /Applications/Development/Xcode.app/Contents/Developer/Toolchains/XcodeDefault.xctoolchain/usr/bin/swiftc -module-name PumpSyncUITests -Onone @/tmp/pumpsync-remediation-runtime-build/Build/Intermediates.noindex/PumpSync.build/Debug-iphonesimulator/PumpSyncUITests.build/Objects-normal/arm64/PumpSyncUITests.SwiftFileList -DDEBUG -module-alias Testing\=_Testing_Unavailable -plugin-path /Applications/Development/Xcode.app/Contents/Developer/Toolchains/XcodeDefault.xctoolchain/usr/lib/swift/host/plugins/testing -enable-experimental-feature DebugDescriptionMacro -sdk /Applications/Development/Xcode.app/Contents/Developer/Platforms/iPhoneSimulator.platform/Developer/SDKs/iPhoneSimulator27.0.sdk -target arm64-apple-ios26.0-simulator -g -module-cache-path /tmp/pumpsync-remediation-runtime-build/ModuleCache.noindex -Xfrontend -serialize-debugging-options -enable-testing -warnings-as-errors -index-store-path /tmp/pumpsync-remediation-runtime-build/Index.noindex/DataStore -Xcc -D_LIBCPP_HARDENING_MODE\=_LIBCPP_HARDENING_MODE_DEBUG -swift-version 6 -I /tmp/pumpsync-remediation-runtime-build/Build/Products/Debug-iphonesimulator -Isystem /Applications/Development/Xcode.app/Contents/Developer/Platforms/iPhoneSimulator.platform/Developer/usr/lib -F /tmp/pumpsync-remediation-runtime-build/Build/Products/Debug-iphonesimulator -F /Applications/Development/Xcode.app/Contents/Developer/Platforms/iPhoneSimulator.platform/Developer/Library/Frameworks -F /Applications/Development/Xcode.app/Contents/Developer/Platforms/iPhoneSimulator.platform/Developer/SDKs/iPhoneSimulator27.0.sdk/Developer/Library/Frameworks -parse-as-library -c -j10 -enable-batch-mode -incremental -Xcc -ivfsstatcache -Xcc /tmp/pumpsync-remediation-runtime-build/SDKStatCaches.noindex/iphonesimulator27.0-24A430-8b98ade55cdca77b755c004ede0894fd.sdkstatcache -output-file-map /tmp/pumpsync-remediation-runtime-build/Build/Intermediates.noindex/PumpSync.build/Debug-iphonesimulator/PumpSyncUITests.build/Objects-normal/arm64/PumpSyncUITests-OutputFileMap.json -save-temps -no-color-diagnostics -explicit-module-build -module-cache-path /tmp/pumpsync-remediation-runtime-build/Build/Intermediates.noindex/SwiftExplicitPrecompiledModules -clang-scanner-module-cache-path /tmp/pumpsync-remediation-runtime-build/ModuleCache.noindex -sdk-module-cache-path /tmp/pumpsync-remediation-runtime-build/SDKExplicitPrecompiledModules -emit-dependencies -emit-module -emit-module-path /tmp/pumpsync-remediation-runtime-build/Build/Intermediates.noindex/PumpSync.build/Debug-iphonesimulator/PumpSyncUITests.build/Objects-normal/arm64/PumpSyncUITests.swiftmodule -serialize-diagnostics -dependency-scan-serialize-diagnostics-path /tmp/pumpsync-remediation-runtime-build/Build/Intermediates.noindex/PumpSync.build/Debug-iphonesimulator/PumpSyncUITests.build/Objects-normal/arm64/PumpSyncUITests-dependency-scan.dia -validate-clang-modules-once -clang-build-session-file /tmp/pumpsync-remediation-runtime-build/ModuleCache.noindex/Session.modulevalidation -Xcc -fmodules-prune-interval\=86400 -Xcc -fmodules-prune-after\=345600 -emit-const-values -const-gather-protocols-list /tmp/pumpsync-remediation-runtime-build/Build/Intermediates.noindex/PumpSync.build/Debug-iphonesimulator/PumpSyncUITests.build/Objects-normal/arm64/PumpSyncUITests_const_extract_protocols.json -Xcc -iquote -Xcc /tmp/pumpsync-remediation-runtime-build/Build/Intermediates.noindex/PumpSync.build/Debug-iphonesimulator/PumpSyncUITests.build/PumpSyncUITests-generated-files.hmap -Xcc -I/tmp/pumpsync-remediation-runtime-build/Build/Intermediates.noindex/PumpSync.build/Debug-iphonesimulator/PumpSyncUITests.build/PumpSyncUITests-own-target-headers.hmap -Xcc -I/tmp/pumpsync-remediation-runtime-build/Build/Intermediates.noindex/PumpSync.build/Debug-iphonesimulator/PumpSyncUITests.build/PumpSyncUITests-all-target-headers.hmap -Xcc -iquote -Xcc /tmp/pumpsync-remediation-runtime-build/Build/Intermediates.noindex/PumpSync.build/Debug-iphonesimulator/PumpSyncUITests.build/PumpSyncUITests-project-headers.hmap -Xcc -I/tmp/pumpsync-remediation-runtime-build/Build/Products/Debug-iphonesimulator/include -Xcc -I/tmp/pumpsync-remediation-runtime-build/Build/Intermediates.noindex/PumpSync.build/Debug-iphonesimulator/PumpSyncUITests.build/DerivedSources-normal/arm64 -Xcc -I/tmp/pumpsync-remediation-runtime-build/Build/Intermediates.noindex/PumpSync.build/Debug-iphonesimulator/PumpSyncUITests.build/DerivedSources/arm64 -Xcc -I/tmp/pumpsync-remediation-runtime-build/Build/Intermediates.noindex/PumpSync.build/Debug-iphonesimulator/PumpSyncUITests.build/DerivedSources -Xcc -DDEBUG\=1 -emit-objc-header -emit-objc-header-path /tmp/pumpsync-remediation-runtime-build/Build/Intermediates.noindex/PumpSync.build/Debug-iphonesimulator/PumpSyncUITests.build/Objects-normal/arm64/PumpSyncUITests-Swift.h -working-directory /tmp/pumpsync-ui-audit-harness -experimental-emit-module-separately -disable-cmo

SwiftCompile normal arm64 Compiling\ PolicyURLTests.swift,\ PumpSyncAPIClientTests.swift /tmp/pumpsync-ui-audit-harness/PumpSyncTests/PolicyURLTests.swift /tmp/pumpsync-ui-audit-harness/PumpSyncTests/PumpSyncAPIClientTests.swift (in target 'PumpSyncTests' from project 'PumpSync')

SwiftCompile normal arm64 /tmp/pumpsync-ui-audit-harness/PumpSyncTests/PolicyURLTests.swift (in target 'PumpSyncTests' from project 'PumpSync')
    cd /tmp/pumpsync-ui-audit-harness
    builtin-SwiftPerFileCompile PolicyURLTests.swift

SwiftCompile normal arm64 /tmp/pumpsync-ui-audit-harness/PumpSyncTests/PumpSyncAPIClientTests.swift (in target 'PumpSyncTests' from project 'PumpSync')
    cd /tmp/pumpsync-ui-audit-harness
    builtin-SwiftPerFileCompile PumpSyncAPIClientTests.swift

SwiftCompile normal arm64 Compiling\ BackgroundSyncDiagnosticsTests.swift,\ DeviceSessionProofProviderTests.swift /tmp/pumpsync-ui-audit-harness/PumpSyncTests/BackgroundSyncDiagnosticsTests.swift /tmp/pumpsync-ui-audit-harness/PumpSyncTests/DeviceSessionProofProviderTests.swift (in target 'PumpSyncTests' from project 'PumpSync')

SwiftCompile normal arm64 /tmp/pumpsync-ui-audit-harness/PumpSyncTests/BackgroundSyncDiagnosticsTests.swift (in target 'PumpSyncTests' from project 'PumpSync')
    cd /tmp/pumpsync-ui-audit-harness
    builtin-SwiftPerFileCompile BackgroundSyncDiagnosticsTests.swift

SwiftCompile normal arm64 /tmp/pumpsync-ui-audit-harness/PumpSyncTests/DeviceSessionProofProviderTests.swift (in target 'PumpSyncTests' from project 'PumpSync')
    cd /tmp/pumpsync-ui-audit-harness
    builtin-SwiftPerFileCompile DeviceSessionProofProviderTests.swift

SwiftCompile normal arm64 Compiling\ JSONCodecTests.swift,\ NativeDiagnosticsStoreTests.swift /tmp/pumpsync-ui-audit-harness/PumpSyncTests/JSONCodecTests.swift /tmp/pumpsync-ui-audit-harness/PumpSyncTests/NativeDiagnosticsStoreTests.swift (in target 'PumpSyncTests' from project 'PumpSync')

SwiftCompile normal arm64 /tmp/pumpsync-ui-audit-harness/PumpSyncTests/JSONCodecTests.swift (in target 'PumpSyncTests' from project 'PumpSync')
    cd /tmp/pumpsync-ui-audit-harness
    builtin-SwiftPerFileCompile JSONCodecTests.swift

SwiftCompile normal arm64 /tmp/pumpsync-ui-audit-harness/PumpSyncTests/NativeDiagnosticsStoreTests.swift (in target 'PumpSyncTests' from project 'PumpSync')
    cd /tmp/pumpsync-ui-audit-harness
    builtin-SwiftPerFileCompile NativeDiagnosticsStoreTests.swift

SwiftDriverJobDiscovery normal arm64 Compiling InitialImportRangeTests.swift, InstallStateReconcilerTests.swift (in target 'PumpSyncTests' from project 'PumpSync')

SwiftCompile normal arm64 Compiling\ DiagnosticsLogStoreTests.swift,\ ForegroundRecoveryControllerTests.swift /tmp/pumpsync-ui-audit-harness/PumpSyncTests/DiagnosticsLogStoreTests.swift /tmp/pumpsync-ui-audit-harness/PumpSyncTests/ForegroundRecoveryControllerTests.swift (in target 'PumpSyncTests' from project 'PumpSync')

SwiftCompile normal arm64 /tmp/pumpsync-ui-audit-harness/PumpSyncTests/DiagnosticsLogStoreTests.swift (in target 'PumpSyncTests' from project 'PumpSync')
    cd /tmp/pumpsync-ui-audit-harness
    builtin-SwiftPerFileCompile DiagnosticsLogStoreTests.swift

SwiftCompile normal arm64 /tmp/pumpsync-ui-audit-harness/PumpSyncTests/ForegroundRecoveryControllerTests.swift (in target 'PumpSyncTests' from project 'PumpSync')
    cd /tmp/pumpsync-ui-audit-harness
    builtin-SwiftPerFileCompile ForegroundRecoveryControllerTests.swift

SwiftDriverJobDiscovery normal arm64 Compiling SubscriptionPresentationTests.swift, SupportBundleBuilderTests.swift (in target 'PumpSyncTests' from project 'PumpSync')

SwiftCompile normal arm64 Compiling\ HealthWritePermission.swift /tmp/pumpsync-ui-audit-harness/PumpSync/Sources/Health/HealthWritePermission.swift (in target 'PumpSync' from project 'PumpSync')

SwiftCompile normal arm64 /tmp/pumpsync-ui-audit-harness/PumpSync/Sources/Health/HealthWritePermission.swift (in target 'PumpSync' from project 'PumpSync')
    cd /tmp/pumpsync-ui-audit-harness
    builtin-SwiftPerFileCompile HealthWritePermission.swift

SwiftDriverJobDiscovery normal arm64 Compiling HealthAccessTests.swift, ImportedSampleLedgerTests.swift (in target 'PumpSyncTests' from project 'PumpSync')

SwiftCompile normal arm64 Compiling\ AppServices.swift /tmp/pumpsync-ui-audit-harness/PumpSync/Sources/App/AppServices.swift (in target 'PumpSync' from project 'PumpSync')

SwiftCompile normal arm64 /tmp/pumpsync-ui-audit-harness/PumpSync/Sources/App/AppServices.swift (in target 'PumpSync' from project 'PumpSync')
    cd /tmp/pumpsync-ui-audit-harness
    builtin-SwiftPerFileCompile AppServices.swift

SwiftDriverJobDiscovery normal arm64 Compiling JSONCodecTests.swift, NativeDiagnosticsStoreTests.swift (in target 'PumpSyncTests' from project 'PumpSync')

SwiftCompile normal arm64 Compiling\ HealthKitService.swift /tmp/pumpsync-ui-audit-harness/PumpSync/Sources/Health/HealthKitService.swift (in target 'PumpSync' from project 'PumpSync')

SwiftCompile normal arm64 /tmp/pumpsync-ui-audit-harness/PumpSync/Sources/Health/HealthKitService.swift (in target 'PumpSync' from project 'PumpSync')
    cd /tmp/pumpsync-ui-audit-harness
    builtin-SwiftPerFileCompile HealthKitService.swift

SwiftDriverJobDiscovery normal arm64 Compiling PolicyURLTests.swift, PumpSyncAPIClientTests.swift (in target 'PumpSyncTests' from project 'PumpSync')

SwiftCompile normal arm64 Compiling\ DeveloperView.swift,\ DeviceSessionProofProvider.swift,\ DiagnosticsLogStore.swift /tmp/pumpsync-ui-audit-harness/PumpSync/Sources/UI/DeveloperView.swift /tmp/pumpsync-ui-audit-harness/PumpSync/Sources/Auth/DeviceSessionProofProvider.swift /tmp/pumpsync-ui-audit-harness/PumpSync/Sources/App/DiagnosticsLogStore.swift (in target 'PumpSync' from project 'PumpSync')

SwiftCompile normal arm64 /tmp/pumpsync-ui-audit-harness/PumpSync/Sources/UI/DeveloperView.swift (in target 'PumpSync' from project 'PumpSync')
    cd /tmp/pumpsync-ui-audit-harness
    builtin-SwiftPerFileCompile DeveloperView.swift

SwiftCompile normal arm64 /tmp/pumpsync-ui-audit-harness/PumpSync/Sources/Auth/DeviceSessionProofProvider.swift (in target 'PumpSync' from project 'PumpSync')
    cd /tmp/pumpsync-ui-audit-harness
    builtin-SwiftPerFileCompile DeviceSessionProofProvider.swift

SwiftCompile normal arm64 /tmp/pumpsync-ui-audit-harness/PumpSync/Sources/App/DiagnosticsLogStore.swift (in target 'PumpSync' from project 'PumpSync')
    cd /tmp/pumpsync-ui-audit-harness
    builtin-SwiftPerFileCompile DiagnosticsLogStore.swift

SwiftDriverJobDiscovery normal arm64 Compiling SyncView.swift, TandemCredentialForm.swift (in target 'PumpSync' from project 'PumpSync')

SwiftDriverJobDiscovery normal arm64 Compiling HealthWritePermission.swift (in target 'PumpSync' from project 'PumpSync')

SwiftDriverJobDiscovery normal arm64 Compiling DiagnosticsLogStoreTests.swift, ForegroundRecoveryControllerTests.swift (in target 'PumpSyncTests' from project 'PumpSync')

SwiftDriverJobDiscovery normal arm64 Compiling PumpSyncShortcuts.swift, SecureKeychainStore.swift, SettingsView.swift (in target 'PumpSync' from project 'PumpSync')

SwiftCompile normal arm64 Compiling\ ImportedSampleLedger.swift /tmp/pumpsync-ui-audit-harness/PumpSync/Sources/Storage/ImportedSampleLedger.swift (in target 'PumpSync' from project 'PumpSync')

SwiftCompile normal arm64 /tmp/pumpsync-ui-audit-harness/PumpSync/Sources/Storage/ImportedSampleLedger.swift (in target 'PumpSync' from project 'PumpSync')
    cd /tmp/pumpsync-ui-audit-harness
    builtin-SwiftPerFileCompile ImportedSampleLedger.swift

SwiftCompile normal arm64 Compiling\ TandemCredentialStore.swift /tmp/pumpsync-ui-audit-harness/PumpSync/Sources/Tandem/TandemCredentialStore.swift (in target 'PumpSync' from project 'PumpSync')

SwiftCompile normal arm64 /tmp/pumpsync-ui-audit-harness/PumpSync/Sources/Tandem/TandemCredentialStore.swift (in target 'PumpSync' from project 'PumpSync')
    cd /tmp/pumpsync-ui-audit-harness
    builtin-SwiftPerFileCompile TandemCredentialStore.swift

SwiftDriverJobDiscovery normal arm64 Compiling ImportedSampleLedger.swift (in target 'PumpSync' from project 'PumpSync')

SwiftDriverJobDiscovery normal arm64 Compiling HealthKitService.swift (in target 'PumpSync' from project 'PumpSync')

SwiftDriverJobDiscovery normal arm64 Compiling TandemCredentialStore.swift (in target 'PumpSync' from project 'PumpSync')

SwiftDriverJobDiscovery normal arm64 Compiling SyncCoordinatorTests.swift, SyncViewTests.swift (in target 'PumpSyncTests' from project 'PumpSync')

SwiftDriverJobDiscovery normal arm64 Compiling AppView.swift, AuthService.swift, BackendSessionStore.swift (in target 'PumpSync' from project 'PumpSync')

SwiftCompile normal arm64 Compiling\ APIModels.swift /tmp/pumpsync-ui-audit-harness/PumpSync/Sources/Networking/APIModels.swift (in target 'PumpSync' from project 'PumpSync')

SwiftCompile normal arm64 /tmp/pumpsync-ui-audit-harness/PumpSync/Sources/Networking/APIModels.swift (in target 'PumpSync' from project 'PumpSync')
    cd /tmp/pumpsync-ui-audit-harness
    builtin-SwiftPerFileCompile APIModels.swift

SwiftDriverJobDiscovery normal arm64 Compiling BackgroundSyncDiagnosticsTests.swift, DeviceSessionProofProviderTests.swift (in target 'PumpSyncTests' from project 'PumpSync')

SwiftDriverJobDiscovery normal arm64 Compiling AppServices.swift (in target 'PumpSync' from project 'PumpSync')

SwiftDriverJobDiscovery normal arm64 Compiling APIModels.swift (in target 'PumpSync' from project 'PumpSync')

SwiftDriverJobDiscovery normal arm64 Compiling DeveloperView.swift, DeviceSessionProofProvider.swift, DiagnosticsLogStore.swift (in target 'PumpSync' from project 'PumpSync')

SwiftDriver\ Compilation PumpSync normal arm64 com.apple.xcode.tools.swift.compiler (in target 'PumpSync' from project 'PumpSync')
    cd /tmp/pumpsync-ui-audit-harness
    builtin-Swift-Compilation -- /Applications/Development/Xcode.app/Contents/Developer/Toolchains/XcodeDefault.xctoolchain/usr/bin/swiftc -module-name PumpSync -Onone @/tmp/pumpsync-remediation-runtime-build/Build/Intermediates.noindex/PumpSync.build/Debug-iphonesimulator/PumpSync.build/Objects-normal/arm64/PumpSync.SwiftFileList -DDEBUG -enable-experimental-feature DebugDescriptionMacro -sdk /Applications/Development/Xcode.app/Contents/Developer/Platforms/iPhoneSimulator.platform/Developer/SDKs/iPhoneSimulator27.0.sdk -target arm64-apple-ios26.0-simulator -g -module-cache-path /tmp/pumpsync-remediation-runtime-build/ModuleCache.noindex -Xfrontend -serialize-debugging-options -enable-testing -warnings-as-errors -index-store-path /tmp/pumpsync-remediation-runtime-build/Index.noindex/DataStore -Xcc -D_LIBCPP_HARDENING_MODE\=_LIBCPP_HARDENING_MODE_DEBUG -swift-version 6 -I /tmp/pumpsync-remediation-runtime-build/Build/Products/Debug-iphonesimulator -F /tmp/pumpsync-remediation-runtime-build/Build/Products/Debug-iphonesimulator -c -j10 -enable-batch-mode -incremental -Xcc -ivfsstatcache -Xcc /tmp/pumpsync-remediation-runtime-build/SDKStatCaches.noindex/iphonesimulator27.0-24A430-8b98ade55cdca77b755c004ede0894fd.sdkstatcache -output-file-map /tmp/pumpsync-remediation-runtime-build/Build/Intermediates.noindex/PumpSync.build/Debug-iphonesimulator/PumpSync.build/Objects-normal/arm64/PumpSync-OutputFileMap.json -save-temps -no-color-diagnostics -explicit-module-build -module-cache-path /tmp/pumpsync-remediation-runtime-build/Build/Intermediates.noindex/SwiftExplicitPrecompiledModules -clang-scanner-module-cache-path /tmp/pumpsync-remediation-runtime-build/ModuleCache.noindex -sdk-module-cache-path /tmp/pumpsync-remediation-runtime-build/SDKExplicitPrecompiledModules -emit-dependencies -emit-module -emit-module-path /tmp/pumpsync-remediation-runtime-build/Build/Intermediates.noindex/PumpSync.build/Debug-iphonesimulator/PumpSync.build/Objects-normal/arm64/PumpSync.swiftmodule -serialize-diagnostics -dependency-scan-serialize-diagnostics-path /tmp/pumpsync-remediation-runtime-build/Build/Intermediates.noindex/PumpSync.build/Debug-iphonesimulator/PumpSync.build/Objects-normal/arm64/PumpSync-dependency-scan.dia -validate-clang-modules-once -clang-build-session-file /tmp/pumpsync-remediation-runtime-build/ModuleCache.noindex/Session.modulevalidation -Xcc -fmodules-prune-interval\=86400 -Xcc -fmodules-prune-after\=345600 -emit-const-values -const-gather-protocols-list /tmp/pumpsync-remediation-runtime-build/Build/Intermediates.noindex/PumpSync.build/Debug-iphonesimulator/PumpSync.build/Objects-normal/arm64/PumpSync_const_extract_protocols.json -Xcc -iquote -Xcc /tmp/pumpsync-remediation-runtime-build/Build/Intermediates.noindex/PumpSync.build/Debug-iphonesimulator/PumpSync.build/PumpSync-generated-files.hmap -Xcc -I/tmp/pumpsync-remediation-runtime-build/Build/Intermediates.noindex/PumpSync.build/Debug-iphonesimulator/PumpSync.build/PumpSync-own-target-headers.hmap -Xcc -I/tmp/pumpsync-remediation-runtime-build/Build/Intermediates.noindex/PumpSync.build/Debug-iphonesimulator/PumpSync.build/PumpSync-all-target-headers.hmap -Xcc -iquote -Xcc /tmp/pumpsync-remediation-runtime-build/Build/Intermediates.noindex/PumpSync.build/Debug-iphonesimulator/PumpSync.build/PumpSync-project-headers.hmap -Xcc -I/tmp/pumpsync-remediation-runtime-build/Build/Products/Debug-iphonesimulator/include -Xcc -I/tmp/pumpsync-remediation-runtime-build/Build/Intermediates.noindex/PumpSync.build/Debug-iphonesimulator/PumpSync.build/DerivedSources-normal/arm64 -Xcc -I/tmp/pumpsync-remediation-runtime-build/Build/Intermediates.noindex/PumpSync.build/Debug-iphonesimulator/PumpSync.build/DerivedSources/arm64 -Xcc -I/tmp/pumpsync-remediation-runtime-build/Build/Intermediates.noindex/PumpSync.build/Debug-iphonesimulator/PumpSync.build/DerivedSources -Xcc -DDEBUG\=1 -emit-objc-header -emit-objc-header-path /tmp/pumpsync-remediation-runtime-build/Build/Intermediates.noindex/PumpSync.build/Debug-iphonesimulator/PumpSync.build/Objects-normal/arm64/PumpSync-Swift.h -working-directory /tmp/pumpsync-ui-audit-harness -experimental-emit-module-separately -disable-cmo

Ld /tmp/pumpsync-remediation-runtime-build/Build/Products/Debug-iphonesimulator/PumpSync.app/PumpSync.debug.dylib normal (in target 'PumpSync' from project 'PumpSync')
    cd /tmp/pumpsync-ui-audit-harness
    /Applications/Development/Xcode.app/Contents/Developer/Toolchains/XcodeDefault.xctoolchain/usr/bin/clang -Xlinker -reproducible -target arm64-apple-ios26.0-simulator -dynamiclib -isysroot /Applications/Development/Xcode.app/Contents/Developer/Platforms/iPhoneSimulator.platform/Developer/SDKs/iPhoneSimulator27.0.sdk -O0 -Xlinker -no_warn_duplicate_libraries -L/tmp/pumpsync-remediation-runtime-build/Build/Intermediates.noindex/EagerLinkingTBDs/Debug-iphonesimulator -L/tmp/pumpsync-remediation-runtime-build/Build/Products/Debug-iphonesimulator -F/tmp/pumpsync-remediation-runtime-build/Build/Intermediates.noindex/EagerLinkingTBDs/Debug-iphonesimulator -F/tmp/pumpsync-remediation-runtime-build/Build/Products/Debug-iphonesimulator -filelist /tmp/pumpsync-remediation-runtime-build/Build/Intermediates.noindex/PumpSync.build/Debug-iphonesimulator/PumpSync.build/Objects-normal/arm64/PumpSync.LinkFileList -install_name @rpath/PumpSync.debug.dylib -Xlinker -rpath -Xlinker @executable_path/Frameworks -Xlinker -dead_strip -Xlinker -object_path_lto -Xlinker /tmp/pumpsync-remediation-runtime-build/Build/Intermediates.noindex/PumpSync.build/Debug-iphonesimulator/PumpSync.build/Objects-normal/arm64/PumpSync_lto.o -rdynamic -Xlinker -no_deduplicate -Xlinker -objc_abi_version -Xlinker 2 -Xlinker -dependency_info -Xlinker /tmp/pumpsync-remediation-runtime-build/Build/Intermediates.noindex/PumpSync.build/Debug-iphonesimulator/PumpSync.build/Objects-normal/arm64/PumpSync_dependency_info.dat -fobjc-link-runtime -L/Applications/Development/Xcode.app/Contents/Developer/Toolchains/XcodeDefault.xctoolchain/usr/lib/swift/iphonesimulator -L/usr/lib/swift -Xlinker -add_ast_path -Xlinker /tmp/pumpsync-remediation-runtime-build/Build/Intermediates.noindex/PumpSync.build/Debug-iphonesimulator/PumpSync.build/Objects-normal/arm64/PumpSync.swiftmodule -Xlinker -alias -Xlinker _main -Xlinker ___debug_main_executable_dylib_entry_point -Xlinker -no_adhoc_codesign -o /tmp/pumpsync-remediation-runtime-build/Build/Products/Debug-iphonesimulator/PumpSync.app/PumpSync.debug.dylib

SwiftDriverJobDiscovery normal arm64 Compiling AuthServiceTests.swift, BackendSessionStoreTests.swift, BackgroundExecutionDeadlineTests.swift (in target 'PumpSyncTests' from project 'PumpSync')

SwiftDriver\ Compilation PumpSyncTests normal arm64 com.apple.xcode.tools.swift.compiler (in target 'PumpSyncTests' from project 'PumpSync')
    cd /tmp/pumpsync-ui-audit-harness
    builtin-Swift-Compilation -- /Applications/Development/Xcode.app/Contents/Developer/Toolchains/XcodeDefault.xctoolchain/usr/bin/swiftc -module-name PumpSyncTests -Onone @/tmp/pumpsync-remediation-runtime-build/Build/Intermediates.noindex/PumpSync.build/Debug-iphonesimulator/PumpSyncTests.build/Objects-normal/arm64/PumpSyncTests.SwiftFileList -DDEBUG -plugin-path /Applications/Development/Xcode.app/Contents/Developer/Toolchains/XcodeDefault.xctoolchain/usr/lib/swift/host/plugins/testing -enable-experimental-feature DebugDescriptionMacro -sdk /Applications/Development/Xcode.app/Contents/Developer/Platforms/iPhoneSimulator.platform/Developer/SDKs/iPhoneSimulator27.0.sdk -target arm64-apple-ios26.0-simulator -g -module-cache-path /tmp/pumpsync-remediation-runtime-build/ModuleCache.noindex -Xfrontend -serialize-debugging-options -enable-testing -warnings-as-errors -index-store-path /tmp/pumpsync-remediation-runtime-build/Index.noindex/DataStore -Xcc -D_LIBCPP_HARDENING_MODE\=_LIBCPP_HARDENING_MODE_DEBUG -swift-version 6 -I /tmp/pumpsync-remediation-runtime-build/Build/Products/Debug-iphonesimulator -Isystem /Applications/Development/Xcode.app/Contents/Developer/Platforms/iPhoneSimulator.platform/Developer/usr/lib -F /tmp/pumpsync-remediation-runtime-build/Build/Products/Debug-iphonesimulator -F /Applications/Development/Xcode.app/Contents/Developer/Platforms/iPhoneSimulator.platform/Developer/Library/Frameworks -F /Applications/Development/Xcode.app/Contents/Developer/Platforms/iPhoneSimulator.platform/Developer/SDKs/iPhoneSimulator27.0.sdk/Developer/Library/Frameworks -c -j10 -enable-batch-mode -incremental -Xcc -ivfsstatcache -Xcc /tmp/pumpsync-remediation-runtime-build/SDKStatCaches.noindex/iphonesimulator27.0-24A430-8b98ade55cdca77b755c004ede0894fd.sdkstatcache -output-file-map /tmp/pumpsync-remediation-runtime-build/Build/Intermediates.noindex/PumpSync.build/Debug-iphonesimulator/PumpSyncTests.build/Objects-normal/arm64/PumpSyncTests-OutputFileMap.json -save-temps -no-color-diagnostics -explicit-module-build -module-cache-path /tmp/pumpsync-remediation-runtime-build/Build/Intermediates.noindex/SwiftExplicitPrecompiledModules -clang-scanner-module-cache-path /tmp/pumpsync-remediation-runtime-build/ModuleCache.noindex -sdk-module-cache-path /tmp/pumpsync-remediation-runtime-build/SDKExplicitPrecompiledModules -emit-dependencies -emit-module -emit-module-path /tmp/pumpsync-remediation-runtime-build/Build/Intermediates.noindex/PumpSync.build/Debug-iphonesimulator/PumpSyncTests.build/Objects-normal/arm64/PumpSyncTests.swiftmodule -serialize-diagnostics -dependency-scan-serialize-diagnostics-path /tmp/pumpsync-remediation-runtime-build/Build/Intermediates.noindex/PumpSync.build/Debug-iphonesimulator/PumpSyncTests.build/Objects-normal/arm64/PumpSyncTests-dependency-scan.dia -validate-clang-modules-once -clang-build-session-file /tmp/pumpsync-remediation-runtime-build/ModuleCache.noindex/Session.modulevalidation -Xcc -fmodules-prune-interval\=86400 -Xcc -fmodules-prune-after\=345600 -emit-const-values -const-gather-protocols-list /tmp/pumpsync-remediation-runtime-build/Build/Intermediates.noindex/PumpSync.build/Debug-iphonesimulator/PumpSyncTests.build/Objects-normal/arm64/PumpSyncTests_const_extract_protocols.json -Xcc -iquote -Xcc /tmp/pumpsync-remediation-runtime-build/Build/Intermediates.noindex/PumpSync.build/Debug-iphonesimulator/PumpSyncTests.build/PumpSyncTests-generated-files.hmap -Xcc -I/tmp/pumpsync-remediation-runtime-build/Build/Intermediates.noindex/PumpSync.build/Debug-iphonesimulator/PumpSyncTests.build/PumpSyncTests-own-target-headers.hmap -Xcc -I/tmp/pumpsync-remediation-runtime-build/Build/Intermediates.noindex/PumpSync.build/Debug-iphonesimulator/PumpSyncTests.build/PumpSyncTests-all-target-headers.hmap -Xcc -iquote -Xcc /tmp/pumpsync-remediation-runtime-build/Build/Intermediates.noindex/PumpSync.build/Debug-iphonesimulator/PumpSyncTests.build/PumpSyncTests-project-headers.hmap -Xcc -I/tmp/pumpsync-remediation-runtime-build/Build/Products/Debug-iphonesimulator/include -Xcc -I/tmp/pumpsync-remediation-runtime-build/Build/Intermediates.noindex/PumpSync.build/Debug-iphonesimulator/PumpSyncTests.build/DerivedSources-normal/arm64 -Xcc -I/tmp/pumpsync-remediation-runtime-build/Build/Intermediates.noindex/PumpSync.build/Debug-iphonesimulator/PumpSyncTests.build/DerivedSources/arm64 -Xcc -I/tmp/pumpsync-remediation-runtime-build/Build/Intermediates.noindex/PumpSync.build/Debug-iphonesimulator/PumpSyncTests.build/DerivedSources -Xcc -DDEBUG\=1 -emit-objc-header -emit-objc-header-path /tmp/pumpsync-remediation-runtime-build/Build/Intermediates.noindex/PumpSync.build/Debug-iphonesimulator/PumpSyncTests.build/Objects-normal/arm64/PumpSyncTests-Swift.h -working-directory /tmp/pumpsync-ui-audit-harness -experimental-emit-module-separately -disable-cmo

ConstructStubExecutorLinkFileList /tmp/pumpsync-remediation-runtime-build/Build/Intermediates.noindex/PumpSync.build/Debug-iphonesimulator/PumpSync.build/PumpSync-ExecutorLinkFileList-normal-arm64.txt (in target 'PumpSync' from project 'PumpSync')
    cd /tmp/pumpsync-ui-audit-harness
    construct-stub-executor-link-file-list /tmp/pumpsync-remediation-runtime-build/Build/Products/Debug-iphonesimulator/PumpSync.app/PumpSync.debug.dylib /Applications/Development/Xcode.app/Contents/Developer/Platforms/iPhoneSimulator.platform/Developer/usr/lib/libPreviewsJITStubExecutor_no_swift_entry_point.a /Applications/Development/Xcode.app/Contents/Developer/Platforms/iPhoneSimulator.platform/Developer/usr/lib/libPreviewsJITStubExecutor.a --output /tmp/pumpsync-remediation-runtime-build/Build/Intermediates.noindex/PumpSync.build/Debug-iphonesimulator/PumpSync.build/PumpSync-ExecutorLinkFileList-normal-arm64.txt
note: Using stub executor library with Swift entry point. (in target 'PumpSync' from project 'PumpSync')

Ld /tmp/pumpsync-remediation-runtime-build/Build/Products/Debug-iphonesimulator/PumpSync.app/PumpSync normal (in target 'PumpSync' from project 'PumpSync')
    cd /tmp/pumpsync-ui-audit-harness
    /Applications/Development/Xcode.app/Contents/Developer/Toolchains/XcodeDefault.xctoolchain/usr/bin/clang -Xlinker -reproducible -target arm64-apple-ios26.0-simulator -isysroot /Applications/Development/Xcode.app/Contents/Developer/Platforms/iPhoneSimulator.platform/Developer/SDKs/iPhoneSimulator27.0.sdk -O0 -Xlinker -no_warn_duplicate_libraries -L/tmp/pumpsync-remediation-runtime-build/Build/Products/Debug-iphonesimulator -F/tmp/pumpsync-remediation-runtime-build/Build/Products/Debug-iphonesimulator -Xlinker -rpath -Xlinker @executable_path -Xlinker -rpath -Xlinker @executable_path/Frameworks -rdynamic -Xlinker -no_deduplicate -Xlinker -objc_abi_version -Xlinker 2 -e ___debug_blank_executor_main -Xlinker -sectcreate -Xlinker __TEXT -Xlinker __debug_dylib -Xlinker /tmp/pumpsync-remediation-runtime-build/Build/Intermediates.noindex/PumpSync.build/Debug-iphonesimulator/PumpSync.build/PumpSync-DebugDylibPath-normal-arm64.txt -Xlinker -sectcreate -Xlinker __TEXT -Xlinker __debug_instlnm -Xlinker /tmp/pumpsync-remediation-runtime-build/Build/Intermediates.noindex/PumpSync.build/Debug-iphonesimulator/PumpSync.build/PumpSync-DebugDylibInstallName-normal-arm64.txt -Xlinker -filelist -Xlinker /tmp/pumpsync-remediation-runtime-build/Build/Intermediates.noindex/PumpSync.build/Debug-iphonesimulator/PumpSync.build/PumpSync-ExecutorLinkFileList-normal-arm64.txt -Xlinker -sectcreate -Xlinker __TEXT -Xlinker __entitlements -Xlinker /tmp/pumpsync-remediation-runtime-build/Build/Intermediates.noindex/PumpSync.build/Debug-iphonesimulator/PumpSync.build/PumpSync.app-Simulated.xcent -Xlinker -sectcreate -Xlinker __TEXT -Xlinker __ents_der -Xlinker /tmp/pumpsync-remediation-runtime-build/Build/Intermediates.noindex/PumpSync.build/Debug-iphonesimulator/PumpSync.build/PumpSync.app-Simulated.xcent.der /tmp/pumpsync-remediation-runtime-build/Build/Products/Debug-iphonesimulator/PumpSync.app/PumpSync.debug.dylib -Xlinker -no_adhoc_codesign -o /tmp/pumpsync-remediation-runtime-build/Build/Products/Debug-iphonesimulator/PumpSync.app/PumpSync

CopySwiftLibs /tmp/pumpsync-remediation-runtime-build/Build/Products/Debug-iphonesimulator/PumpSync.app (in target 'PumpSync' from project 'PumpSync')
    cd /tmp/pumpsync-ui-audit-harness
    builtin-swiftStdLibTool --copy --verbose --sign - --scan-executable /tmp/pumpsync-remediation-runtime-build/Build/Products/Debug-iphonesimulator/PumpSync.app/PumpSync.debug.dylib --scan-folder /tmp/pumpsync-remediation-runtime-build/Build/Products/Debug-iphonesimulator/PumpSync.app/Frameworks --scan-folder /tmp/pumpsync-remediation-runtime-build/Build/Products/Debug-iphonesimulator/PumpSync.app/PlugIns --scan-folder /tmp/pumpsync-remediation-runtime-build/Build/Products/Debug-iphonesimulator/PumpSync.app/SystemExtensions --scan-folder /tmp/pumpsync-remediation-runtime-build/Build/Products/Debug-iphonesimulator/PumpSync.app/Extensions --platform iphonesimulator --toolchain /Applications/Development/Xcode.app/Contents/Developer/Toolchains/XcodeDefault.xctoolchain --destination /tmp/pumpsync-remediation-runtime-build/Build/Products/Debug-iphonesimulator/PumpSync.app/Frameworks --strip-bitcode --strip-bitcode-tool /Applications/Development/Xcode.app/Contents/Developer/Toolchains/XcodeDefault.xctoolchain/usr/bin/bitcode_strip --emit-dependency-info /tmp/pumpsync-remediation-runtime-build/Build/Intermediates.noindex/PumpSync.build/Debug-iphonesimulator/PumpSync.build/SwiftStdLibToolInputDependencies.dep --filter-for-swift-os

ExtractAppIntentsMetadata (in target 'PumpSync' from project 'PumpSync')
    cd /tmp/pumpsync-ui-audit-harness
    /Applications/Development/Xcode.app/Contents/Developer/Toolchains/XcodeDefault.xctoolchain/usr/bin/appintentsmetadataprocessor --toolchain-dir /Applications/Development/Xcode.app/Contents/Developer/Toolchains/XcodeDefault.xctoolchain --module-name PumpSync --sdk-root /Applications/Development/Xcode.app/Contents/Developer/Platforms/iPhoneSimulator.platform/Developer/SDKs/iPhoneSimulator27.0.sdk --xcode-version 27A266a --platform-family iOS --deployment-target 26.0 --bundle-identifier dev.ericslutz.PumpSync --output /tmp/pumpsync-remediation-runtime-build/Build/Products/Debug-iphonesimulator/PumpSync.app --target-triple arm64-apple-ios26.0-simulator --binary-file /tmp/pumpsync-remediation-runtime-build/Build/Products/Debug-iphonesimulator/PumpSync.app/PumpSync --dependency-file /tmp/pumpsync-remediation-runtime-build/Build/Intermediates.noindex/PumpSync.build/Debug-iphonesimulator/PumpSync.build/Objects-normal/arm64/PumpSync_dependency_info.dat --stringsdata-file /tmp/pumpsync-remediation-runtime-build/Build/Intermediates.noindex/PumpSync.build/Debug-iphonesimulator/PumpSync.build/Objects-normal/arm64/ExtractedAppShortcutsMetadata.stringsdata --source-file-list /tmp/pumpsync-remediation-runtime-build/Build/Intermediates.noindex/PumpSync.build/Debug-iphonesimulator/PumpSync.build/Objects-normal/arm64/PumpSync.SwiftFileList --metadata-file-list /tmp/pumpsync-remediation-runtime-build/Build/Intermediates.noindex/PumpSync.build/Debug-iphonesimulator/PumpSync.build/PumpSync.DependencyMetadataFileList --static-metadata-file-list /tmp/pumpsync-remediation-runtime-build/Build/Intermediates.noindex/PumpSync.build/Debug-iphonesimulator/PumpSync.build/PumpSync.DependencyStaticMetadataFileList --swift-const-vals-list /tmp/pumpsync-remediation-runtime-build/Build/Intermediates.noindex/PumpSync.build/Debug-iphonesimulator/PumpSync.build/Objects-normal/arm64/PumpSync.SwiftConstValuesFileList --compile-time-extraction --deployment-aware-processing --no-app-shortcuts-localization
2026-10-01 12:12:27.659 appintentsmetadataprocessor[10853:3113153] Starting appintentsmetadataprocessor export
2026-10-01 12:12:27.795 appintentsmetadataprocessor[10853:3113153] Writing Metadata.appintents
2026-10-01 12:12:27.795 appintentsmetadataprocessor[10853:3113153] Metadata root: /tmp/pumpsync-remediation-runtime-build/Build/Products/Debug-iphonesimulator/PumpSync.app/Metadata.appintents

AppIntentsSSUTraining (in target 'PumpSync' from project 'PumpSync')
    cd /tmp/pumpsync-ui-audit-harness
    /Applications/Development/Xcode.app/Contents/Developer/Toolchains/XcodeDefault.xctoolchain/usr/bin/appintentsnltrainingprocessor --infoplist-path /tmp/pumpsync-remediation-runtime-build/Build/Products/Debug-iphonesimulator/PumpSync.app/Info.plist --temp-dir-path /tmp/pumpsync-remediation-runtime-build/Build/Intermediates.noindex/PumpSync.build/Debug-iphonesimulator/PumpSync.build/ssu --bundle-id dev.ericslutz.PumpSync --product-path /tmp/pumpsync-remediation-runtime-build/Build/Products/Debug-iphonesimulator/PumpSync.app --extracted-metadata-path /tmp/pumpsync-remediation-runtime-build/Build/Products/Debug-iphonesimulator/PumpSync.app/Metadata.appintents --metadata-file-list /tmp/pumpsync-remediation-runtime-build/Build/Intermediates.noindex/PumpSync.build/Debug-iphonesimulator/PumpSync.build/PumpSync.DependencyMetadataFileList --source-file /tmp/pumpsync-remediation-runtime-build/Build/Products/Debug-iphonesimulator/PumpSync.app/Info.plist --archive-ssu-assets
2026-10-01 12:12:27.865 appintentsnltrainingprocessor[10854:3113172] Parsing options for appintentsnltrainingprocessor
2026-10-01 12:12:27.866 appintentsnltrainingprocessor[10854:3113172] Starting AppIntents SSU YAML Generation
2026-10-01 12:12:27.887 appintentsnltrainingprocessor[10854:3113172] Training 'Open ${+applicationName}|Launch ${+applicationName}' for en
2026-10-01 12:12:27.887 appintentsnltrainingprocessor[10854:3113172] Training Negative Phrases '' for en
2026-10-01 12:12:27.887 appintentsnltrainingprocessor[10854:3113172] Application name 'PumpSync' for en
2026-10-01 12:12:27.898 appintentsnltrainingprocessor[10854:3113172] Generated AppIntents SSU YAML files in file:///tmp/pumpsync-remediation-runtime-build/Build/Intermediates.noindex/PumpSync.build/Debug-iphonesimulator/PumpSync.build/ssu/
2026-10-01 12:12:27.899 appintentsnltrainingprocessor[10854:3113172] Copied AppIntents SSU YAML files to file:///tmp/pumpsync-remediation-runtime-build/Build/Products/Debug-iphonesimulator/PumpSync.app/Metadata.appintents/
Archiving all locales.

[------------------------------------------------------------] 0% archiving en
[🁢🁢🁢🁢🁢🁢🁢🁢🁢🁢🁢🁢🁢🁢🁢🁢🁢🁢🁢🁢🁢🁢🁢🁢🁢🁢🁢🁢🁢🁢🁢🁢🁢🁢🁢🁢🁢🁢🁢🁢🁢🁢🁢🁢🁢🁢🁢🁢🁢🁢🁢🁢🁢🁢🁢🁢🁢🁢🁢🁢] 100% archived en
[🁢🁢🁢🁢🁢🁢🁢🁢🁢🁢🁢🁢🁢🁢🁢🁢🁢🁢🁢🁢🁢🁢🁢🁢🁢🁢🁢🁢🁢🁢🁢🁢🁢🁢🁢🁢🁢🁢🁢🁢🁢🁢🁢🁢🁢🁢🁢🁢🁢🁢🁢🁢🁢🁢🁢🁢🁢🁢🁢🁢] 100% archived 1 locales/tmp/pumpsync-remediation-runtime-build/Build/Products/Debug-iphonesimulator/PumpSync.app/Metadata.appintents/nlu
/tmp/pumpsync-remediation-runtime-build/Build/Products/Debug-iphonesimulator/PumpSync.app/Metadata.appintents/nlu/cde7cf03b9f3b4b898e5f1b96abcfc3b.version


ProcessInfoPlistFile /tmp/pumpsync-remediation-runtime-build/Build/Products/Debug-iphonesimulator/PumpSync.app/PlugIns/PumpSyncTests.xctest/Info.plist /tmp/pumpsync-remediation-runtime-build/Build/Intermediates.noindex/PumpSync.build/Debug-iphonesimulator/PumpSyncTests.build/empty-PumpSyncTests.plist (in target 'PumpSyncTests' from project 'PumpSync')
    cd /tmp/pumpsync-ui-audit-harness
    builtin-infoPlistUtility /tmp/pumpsync-remediation-runtime-build/Build/Intermediates.noindex/PumpSync.build/Debug-iphonesimulator/PumpSyncTests.build/empty-PumpSyncTests.plist -producttype com.apple.product-type.bundle.unit-test -expandbuildsettings -format binary -platform iphonesimulator -o /tmp/pumpsync-remediation-runtime-build/Build/Products/Debug-iphonesimulator/PumpSync.app/PlugIns/PumpSyncTests.xctest/Info.plist

Ld /tmp/pumpsync-remediation-runtime-build/Build/Products/Debug-iphonesimulator/PumpSync.app/PlugIns/PumpSyncTests.xctest/PumpSyncTests normal (in target 'PumpSyncTests' from project 'PumpSync')
    cd /tmp/pumpsync-ui-audit-harness
    /Applications/Development/Xcode.app/Contents/Developer/Toolchains/XcodeDefault.xctoolchain/usr/bin/clang -Xlinker -reproducible -target arm64-apple-ios26.0-simulator -bundle -isysroot /Applications/Development/Xcode.app/Contents/Developer/Platforms/iPhoneSimulator.platform/Developer/SDKs/iPhoneSimulator27.0.sdk -O0 -Xlinker -no_warn_duplicate_libraries -L/tmp/pumpsync-remediation-runtime-build/Build/Intermediates.noindex/EagerLinkingTBDs/Debug-iphonesimulator -L/tmp/pumpsync-remediation-runtime-build/Build/Products/Debug-iphonesimulator -L/Applications/Development/Xcode.app/Contents/Developer/Platforms/iPhoneSimulator.platform/Developer/usr/lib -F/tmp/pumpsync-remediation-runtime-build/Build/Intermediates.noindex/EagerLinkingTBDs/Debug-iphonesimulator -F/tmp/pumpsync-remediation-runtime-build/Build/Products/Debug-iphonesimulator -iframework /Applications/Development/Xcode.app/Contents/Developer/Platforms/iPhoneSimulator.platform/Developer/Library/Frameworks -iframework /Applications/Development/Xcode.app/Contents/Developer/Platforms/iPhoneSimulator.platform/Developer/SDKs/iPhoneSimulator27.0.sdk/Developer/Library/Frameworks -filelist /tmp/pumpsync-remediation-runtime-build/Build/Intermediates.noindex/PumpSync.build/Debug-iphonesimulator/PumpSyncTests.build/Objects-normal/arm64/PumpSyncTests.LinkFileList -Xlinker -rpath -Xlinker @loader_path/Frameworks -Xlinker -rpath -Xlinker @executable_path/Frameworks -Xlinker -dead_strip -bundle_loader /tmp/pumpsync-remediation-runtime-build/Build/Products/Debug-iphonesimulator/PumpSync.app/PumpSync -Xlinker -object_path_lto -Xlinker /tmp/pumpsync-remediation-runtime-build/Build/Intermediates.noindex/PumpSync.build/Debug-iphonesimulator/PumpSyncTests.build/Objects-normal/arm64/PumpSyncTests_lto.o -rdynamic -Xlinker -no_deduplicate -Xlinker -objc_abi_version -Xlinker 2 -Xlinker -dependency_info -Xlinker /tmp/pumpsync-remediation-runtime-build/Build/Intermediates.noindex/PumpSync.build/Debug-iphonesimulator/PumpSyncTests.build/Objects-normal/arm64/PumpSyncTests_dependency_info.dat -fobjc-link-runtime -L/Applications/Development/Xcode.app/Contents/Developer/Toolchains/XcodeDefault.xctoolchain/usr/lib/swift/iphonesimulator -L/usr/lib/swift -Xlinker -add_ast_path -Xlinker /tmp/pumpsync-remediation-runtime-build/Build/Intermediates.noindex/PumpSync.build/Debug-iphonesimulator/PumpSyncTests.build/Objects-normal/arm64/PumpSyncTests.swiftmodule -Xlinker -needed_framework -Xlinker XCTest -framework XCTest -Xlinker -needed-lXCTestSwiftSupport -lXCTestSwiftSupport /tmp/pumpsync-remediation-runtime-build/Build/Products/Debug-iphonesimulator/PumpSync.app/PumpSync.debug.dylib -Xlinker -no_adhoc_codesign -o /tmp/pumpsync-remediation-runtime-build/Build/Products/Debug-iphonesimulator/PumpSync.app/PlugIns/PumpSyncTests.xctest/PumpSyncTests

CopySwiftLibs /tmp/pumpsync-remediation-runtime-build/Build/Products/Debug-iphonesimulator/PumpSync.app/PlugIns/PumpSyncTests.xctest (in target 'PumpSyncTests' from project 'PumpSync')
    cd /tmp/pumpsync-ui-audit-harness
    builtin-swiftStdLibTool --copy --verbose --sign - --scan-executable /tmp/pumpsync-remediation-runtime-build/Build/Products/Debug-iphonesimulator/PumpSync.app/PlugIns/PumpSyncTests.xctest/PumpSyncTests --scan-folder /tmp/pumpsync-remediation-runtime-build/Build/Products/Debug-iphonesimulator/PumpSync.app/PlugIns/PumpSyncTests.xctest/Frameworks --scan-folder /tmp/pumpsync-remediation-runtime-build/Build/Products/Debug-iphonesimulator/PumpSync.app/PlugIns/PumpSyncTests.xctest/PlugIns --scan-folder /tmp/pumpsync-remediation-runtime-build/Build/Products/Debug-iphonesimulator/PumpSync.app/PlugIns/PumpSyncTests.xctest/SystemExtensions --scan-folder /tmp/pumpsync-remediation-runtime-build/Build/Products/Debug-iphonesimulator/PumpSync.app/PlugIns/PumpSyncTests.xctest/Extensions --platform iphonesimulator --toolchain /Applications/Development/Xcode.app/Contents/Developer/Toolchains/XcodeDefault.xctoolchain --destination /tmp/pumpsync-remediation-runtime-build/Build/Products/Debug-iphonesimulator/PumpSync.app/PlugIns/PumpSyncTests.xctest/Frameworks --strip-bitcode --scan-executable /Applications/Development/Xcode.app/Contents/Developer/Platforms/iPhoneSimulator.platform/Developer/usr/lib/libXCTestSwiftSupport.dylib --strip-bitcode-tool /Applications/Development/Xcode.app/Contents/Developer/Toolchains/XcodeDefault.xctoolchain/usr/bin/bitcode_strip --emit-dependency-info /tmp/pumpsync-remediation-runtime-build/Build/Intermediates.noindex/PumpSync.build/Debug-iphonesimulator/PumpSyncTests.build/SwiftStdLibToolInputDependencies.dep --filter-for-swift-os

ExtractAppIntentsMetadata (in target 'PumpSyncTests' from project 'PumpSync')
    cd /tmp/pumpsync-ui-audit-harness
    /Applications/Development/Xcode.app/Contents/Developer/Toolchains/XcodeDefault.xctoolchain/usr/bin/appintentsmetadataprocessor --toolchain-dir /Applications/Development/Xcode.app/Contents/Developer/Toolchains/XcodeDefault.xctoolchain --module-name PumpSyncTests --sdk-root /Applications/Development/Xcode.app/Contents/Developer/Platforms/iPhoneSimulator.platform/Developer/SDKs/iPhoneSimulator27.0.sdk --xcode-version 27A266a --platform-family iOS --deployment-target 26.0 --bundle-identifier dev.ericslutz.PumpSyncTests --output /tmp/pumpsync-remediation-runtime-build/Build/Products/Debug-iphonesimulator/PumpSync.app/PlugIns/PumpSyncTests.xctest --target-triple arm64-apple-ios26.0-simulator --binary-file /tmp/pumpsync-remediation-runtime-build/Build/Products/Debug-iphonesimulator/PumpSync.app/PlugIns/PumpSyncTests.xctest/PumpSyncTests --dependency-file /tmp/pumpsync-remediation-runtime-build/Build/Intermediates.noindex/PumpSync.build/Debug-iphonesimulator/PumpSyncTests.build/Objects-normal/arm64/PumpSyncTests_dependency_info.dat --stringsdata-file /tmp/pumpsync-remediation-runtime-build/Build/Intermediates.noindex/PumpSync.build/Debug-iphonesimulator/PumpSyncTests.build/Objects-normal/arm64/ExtractedAppShortcutsMetadata.stringsdata --source-file-list /tmp/pumpsync-remediation-runtime-build/Build/Intermediates.noindex/PumpSync.build/Debug-iphonesimulator/PumpSyncTests.build/Objects-normal/arm64/PumpSyncTests.SwiftFileList --metadata-file-list /tmp/pumpsync-remediation-runtime-build/Build/Intermediates.noindex/PumpSync.build/Debug-iphonesimulator/PumpSyncTests.build/PumpSyncTests.DependencyMetadataFileList --static-metadata-file-list /tmp/pumpsync-remediation-runtime-build/Build/Intermediates.noindex/PumpSync.build/Debug-iphonesimulator/PumpSyncTests.build/PumpSyncTests.DependencyStaticMetadataFileList --swift-const-vals-list /tmp/pumpsync-remediation-runtime-build/Build/Intermediates.noindex/PumpSync.build/Debug-iphonesimulator/PumpSyncTests.build/Objects-normal/arm64/PumpSyncTests.SwiftConstValuesFileList --compile-time-extraction --deployment-aware-processing --no-app-shortcuts-localization
2026-10-01 12:12:28.451 appintentsmetadataprocessor[10861:3113232] Starting appintentsmetadataprocessor export
2026-10-01 12:12:28.517 appintentsmetadataprocessor[10861:3113232] Extracted no relevant App Intents symbols, skipping writing output

AppIntentsSSUTraining (in target 'PumpSyncTests' from project 'PumpSync')
    cd /tmp/pumpsync-ui-audit-harness
    /Applications/Development/Xcode.app/Contents/Developer/Toolchains/XcodeDefault.xctoolchain/usr/bin/appintentsnltrainingprocessor --infoplist-path /tmp/pumpsync-remediation-runtime-build/Build/Products/Debug-iphonesimulator/PumpSync.app/PlugIns/PumpSyncTests.xctest/Info.plist --temp-dir-path /tmp/pumpsync-remediation-runtime-build/Build/Intermediates.noindex/PumpSync.build/Debug-iphonesimulator/PumpSyncTests.build/ssu --bundle-id dev.ericslutz.PumpSyncTests --product-path /tmp/pumpsync-remediation-runtime-build/Build/Products/Debug-iphonesimulator/PumpSync.app/PlugIns/PumpSyncTests.xctest --extracted-metadata-path /tmp/pumpsync-remediation-runtime-build/Build/Products/Debug-iphonesimulator/PumpSync.app/PlugIns/PumpSyncTests.xctest/Metadata.appintents --metadata-file-list /tmp/pumpsync-remediation-runtime-build/Build/Intermediates.noindex/PumpSync.build/Debug-iphonesimulator/PumpSyncTests.build/PumpSyncTests.DependencyMetadataFileList --source-file /tmp/pumpsync-remediation-runtime-build/Build/Products/Debug-iphonesimulator/PumpSync.app/PlugIns/PumpSyncTests.xctest/Info.plist --archive-ssu-assets
2026-10-01 12:12:28.549 appintentsnltrainingprocessor[10862:3113238] Parsing options for appintentsnltrainingprocessor
2026-10-01 12:12:28.549 appintentsnltrainingprocessor[10862:3113238] Starting AppIntents SSU YAML Generation
2026-10-01 12:12:28.549 appintentsnltrainingprocessor[10862:3113238] No AppShortcuts found - Skipping.

CodeSign /tmp/pumpsync-remediation-runtime-build/Build/Products/Debug-iphonesimulator/PumpSync.app/PlugIns/PumpSyncTests.xctest (in target 'PumpSyncTests' from project 'PumpSync')
    cd /tmp/pumpsync-ui-audit-harness

    Signing Identity:     "Sign to Run Locally"

    /usr/bin/codesign --force --sign - --timestamp\=none --generate-entitlement-der /tmp/pumpsync-remediation-runtime-build/Build/Products/Debug-iphonesimulator/PumpSync.app/PlugIns/PumpSyncTests.xctest

RegisterExecutionPolicyException /tmp/pumpsync-remediation-runtime-build/Build/Products/Debug-iphonesimulator/PumpSync.app/PlugIns/PumpSyncTests.xctest (in target 'PumpSyncTests' from project 'PumpSync')
    cd /tmp/pumpsync-ui-audit-harness
    builtin-RegisterExecutionPolicyException /tmp/pumpsync-remediation-runtime-build/Build/Products/Debug-iphonesimulator/PumpSync.app/PlugIns/PumpSyncTests.xctest

Touch /tmp/pumpsync-remediation-runtime-build/Build/Products/Debug-iphonesimulator/PumpSync.app/PlugIns/PumpSyncTests.xctest (in target 'PumpSyncTests' from project 'PumpSync')
    cd /tmp/pumpsync-ui-audit-harness
    /usr/bin/touch -c /tmp/pumpsync-remediation-runtime-build/Build/Products/Debug-iphonesimulator/PumpSync.app/PlugIns/PumpSyncTests.xctest

CodeSign /tmp/pumpsync-remediation-runtime-build/Build/Products/Debug-iphonesimulator/PumpSync.app/PumpSync.debug.dylib (in target 'PumpSync' from project 'PumpSync')
    cd /tmp/pumpsync-ui-audit-harness

    Signing Identity:     "Sign to Run Locally"

    /usr/bin/codesign --force --sign - --timestamp\=none --generate-entitlement-der /tmp/pumpsync-remediation-runtime-build/Build/Products/Debug-iphonesimulator/PumpSync.app/PumpSync.debug.dylib

CodeSign /tmp/pumpsync-remediation-runtime-build/Build/Products/Debug-iphonesimulator/PumpSync.app/__preview.dylib (in target 'PumpSync' from project 'PumpSync')
    cd /tmp/pumpsync-ui-audit-harness

    Signing Identity:     "Sign to Run Locally"

    /usr/bin/codesign --force --sign - --timestamp\=none --generate-entitlement-der /tmp/pumpsync-remediation-runtime-build/Build/Products/Debug-iphonesimulator/PumpSync.app/__preview.dylib

CodeSign /tmp/pumpsync-remediation-runtime-build/Build/Products/Debug-iphonesimulator/PumpSync.app (in target 'PumpSync' from project 'PumpSync')
    cd /tmp/pumpsync-ui-audit-harness

    Signing Identity:     "Sign to Run Locally"

    /usr/bin/codesign --force --sign - --entitlements /tmp/pumpsync-remediation-runtime-build/Build/Intermediates.noindex/PumpSync.build/Debug-iphonesimulator/PumpSync.build/PumpSync.app.xcent --timestamp\=none --generate-entitlement-der /tmp/pumpsync-remediation-runtime-build/Build/Products/Debug-iphonesimulator/PumpSync.app

RegisterExecutionPolicyException /tmp/pumpsync-remediation-runtime-build/Build/Products/Debug-iphonesimulator/PumpSync.app (in target 'PumpSync' from project 'PumpSync')
    cd /tmp/pumpsync-ui-audit-harness
    builtin-RegisterExecutionPolicyException /tmp/pumpsync-remediation-runtime-build/Build/Products/Debug-iphonesimulator/PumpSync.app

Validate /tmp/pumpsync-remediation-runtime-build/Build/Products/Debug-iphonesimulator/PumpSync.app (in target 'PumpSync' from project 'PumpSync')
    cd /tmp/pumpsync-ui-audit-harness
    builtin-validationUtility /tmp/pumpsync-remediation-runtime-build/Build/Products/Debug-iphonesimulator/PumpSync.app -shallow-bundle -infoplist-subpath Info.plist

Touch /tmp/pumpsync-remediation-runtime-build/Build/Products/Debug-iphonesimulator/PumpSync.app (in target 'PumpSync' from project 'PumpSync')
    cd /tmp/pumpsync-ui-audit-harness
    /usr/bin/touch -c /tmp/pumpsync-remediation-runtime-build/Build/Products/Debug-iphonesimulator/PumpSync.app

ProcessInfoPlistFile /tmp/pumpsync-remediation-runtime-build/Build/Products/Debug-iphonesimulator/PumpSyncUITests-Runner.app/PlugIns/PumpSyncUITests.xctest/Info.plist /tmp/pumpsync-remediation-runtime-build/Build/Intermediates.noindex/PumpSync.build/Debug-iphonesimulator/PumpSyncUITests.build/empty-PumpSyncUITests.plist (in target 'PumpSyncUITests' from project 'PumpSync')
    cd /tmp/pumpsync-ui-audit-harness
    builtin-infoPlistUtility /tmp/pumpsync-remediation-runtime-build/Build/Intermediates.noindex/PumpSync.build/Debug-iphonesimulator/PumpSyncUITests.build/empty-PumpSyncUITests.plist -producttype com.apple.product-type.bundle.ui-testing -expandbuildsettings -format binary -platform iphonesimulator -additionalcontentfile /tmp/pumpsync-remediation-runtime-build/Build/Intermediates.noindex/PumpSync.build/Debug-iphonesimulator/PumpSyncUITests.build/ProductTypeInfoPlistAdditions.plist -o /tmp/pumpsync-remediation-runtime-build/Build/Products/Debug-iphonesimulator/PumpSyncUITests-Runner.app/PlugIns/PumpSyncUITests.xctest/Info.plist

Ld /tmp/pumpsync-remediation-runtime-build/Build/Products/Debug-iphonesimulator/PumpSyncUITests-Runner.app/PlugIns/PumpSyncUITests.xctest/PumpSyncUITests normal (in target 'PumpSyncUITests' from project 'PumpSync')
    cd /tmp/pumpsync-ui-audit-harness
    /Applications/Development/Xcode.app/Contents/Developer/Toolchains/XcodeDefault.xctoolchain/usr/bin/clang -Xlinker -reproducible -target arm64-apple-ios26.0-simulator -bundle -isysroot /Applications/Development/Xcode.app/Contents/Developer/Platforms/iPhoneSimulator.platform/Developer/SDKs/iPhoneSimulator27.0.sdk -O0 -Xlinker -no_warn_duplicate_libraries -L/tmp/pumpsync-remediation-runtime-build/Build/Intermediates.noindex/EagerLinkingTBDs/Debug-iphonesimulator -L/tmp/pumpsync-remediation-runtime-build/Build/Products/Debug-iphonesimulator -L/Applications/Development/Xcode.app/Contents/Developer/Platforms/iPhoneSimulator.platform/Developer/usr/lib -F/tmp/pumpsync-remediation-runtime-build/Build/Intermediates.noindex/EagerLinkingTBDs/Debug-iphonesimulator -F/tmp/pumpsync-remediation-runtime-build/Build/Products/Debug-iphonesimulator -iframework /Applications/Development/Xcode.app/Contents/Developer/Platforms/iPhoneSimulator.platform/Developer/Library/Frameworks -iframework /Applications/Development/Xcode.app/Contents/Developer/Platforms/iPhoneSimulator.platform/Developer/SDKs/iPhoneSimulator27.0.sdk/Developer/Library/Frameworks -filelist /tmp/pumpsync-remediation-runtime-build/Build/Intermediates.noindex/PumpSync.build/Debug-iphonesimulator/PumpSyncUITests.build/Objects-normal/arm64/PumpSyncUITests.LinkFileList -Xlinker -rpath -Xlinker @loader_path/Frameworks -Xlinker -rpath -Xlinker @executable_path/Frameworks -Xlinker -dead_strip -Xlinker -object_path_lto -Xlinker /tmp/pumpsync-remediation-runtime-build/Build/Intermediates.noindex/PumpSync.build/Debug-iphonesimulator/PumpSyncUITests.build/Objects-normal/arm64/PumpSyncUITests_lto.o -rdynamic -Xlinker -no_deduplicate -Xlinker -objc_abi_version -Xlinker 2 -Xlinker -dependency_info -Xlinker /tmp/pumpsync-remediation-runtime-build/Build/Intermediates.noindex/PumpSync.build/Debug-iphonesimulator/PumpSyncUITests.build/Objects-normal/arm64/PumpSyncUITests_dependency_info.dat -fobjc-link-runtime -L/Applications/Development/Xcode.app/Contents/Developer/Toolchains/XcodeDefault.xctoolchain/usr/lib/swift/iphonesimulator -L/usr/lib/swift -Xlinker -add_ast_path -Xlinker /tmp/pumpsync-remediation-runtime-build/Build/Intermediates.noindex/PumpSync.build/Debug-iphonesimulator/PumpSyncUITests.build/Objects-normal/arm64/PumpSyncUITests.swiftmodule -Xlinker -needed_framework -Xlinker XCTest -framework XCTest -Xlinker -needed-lXCTestSwiftSupport -lXCTestSwiftSupport -Xlinker -sectcreate -Xlinker __TEXT -Xlinker __entitlements -Xlinker /tmp/pumpsync-remediation-runtime-build/Build/Intermediates.noindex/PumpSync.build/Debug-iphonesimulator/PumpSyncUITests.build/PumpSyncUITests.xctest-Simulated.xcent -Xlinker -sectcreate -Xlinker __TEXT -Xlinker __ents_der -Xlinker /tmp/pumpsync-remediation-runtime-build/Build/Intermediates.noindex/PumpSync.build/Debug-iphonesimulator/PumpSyncUITests.build/PumpSyncUITests.xctest-Simulated.xcent.der -framework AppIntents -Xlinker -no_adhoc_codesign -o /tmp/pumpsync-remediation-runtime-build/Build/Products/Debug-iphonesimulator/PumpSyncUITests-Runner.app/PlugIns/PumpSyncUITests.xctest/PumpSyncUITests

CopySwiftLibs /tmp/pumpsync-remediation-runtime-build/Build/Products/Debug-iphonesimulator/PumpSyncUITests-Runner.app/PlugIns/PumpSyncUITests.xctest (in target 'PumpSyncUITests' from project 'PumpSync')
    cd /tmp/pumpsync-ui-audit-harness
    builtin-swiftStdLibTool --copy --verbose --sign - --scan-executable /tmp/pumpsync-remediation-runtime-build/Build/Products/Debug-iphonesimulator/PumpSyncUITests-Runner.app/PlugIns/PumpSyncUITests.xctest/PumpSyncUITests --scan-folder /tmp/pumpsync-remediation-runtime-build/Build/Products/Debug-iphonesimulator/PumpSyncUITests-Runner.app/PlugIns/PumpSyncUITests.xctest/Frameworks --scan-folder /tmp/pumpsync-remediation-runtime-build/Build/Products/Debug-iphonesimulator/PumpSyncUITests-Runner.app/PlugIns/PumpSyncUITests.xctest/PlugIns --scan-folder /tmp/pumpsync-remediation-runtime-build/Build/Products/Debug-iphonesimulator/PumpSyncUITests-Runner.app/PlugIns/PumpSyncUITests.xctest/SystemExtensions --scan-folder /tmp/pumpsync-remediation-runtime-build/Build/Products/Debug-iphonesimulator/PumpSyncUITests-Runner.app/PlugIns/PumpSyncUITests.xctest/Extensions --scan-folder /Applications/Development/Xcode.app/Contents/Developer/Platforms/iPhoneSimulator.platform/Developer/SDKs/iPhoneSimulator27.0.sdk/System/Library/Frameworks/AppIntents.framework --platform iphonesimulator --toolchain /Applications/Development/Xcode.app/Contents/Developer/Toolchains/XcodeDefault.xctoolchain --destination /tmp/pumpsync-remediation-runtime-build/Build/Products/Debug-iphonesimulator/PumpSyncUITests-Runner.app/PlugIns/PumpSyncUITests.xctest/Frameworks --strip-bitcode --scan-executable /Applications/Development/Xcode.app/Contents/Developer/Platforms/iPhoneSimulator.platform/Developer/usr/lib/libXCTestSwiftSupport.dylib --strip-bitcode-tool /Applications/Development/Xcode.app/Contents/Developer/Toolchains/XcodeDefault.xctoolchain/usr/bin/bitcode_strip --emit-dependency-info /tmp/pumpsync-remediation-runtime-build/Build/Intermediates.noindex/PumpSync.build/Debug-iphonesimulator/PumpSyncUITests.build/SwiftStdLibToolInputDependencies.dep --filter-for-swift-os

ExtractAppIntentsMetadata (in target 'PumpSyncUITests' from project 'PumpSync')
    cd /tmp/pumpsync-ui-audit-harness
    /Applications/Development/Xcode.app/Contents/Developer/Toolchains/XcodeDefault.xctoolchain/usr/bin/appintentsmetadataprocessor --toolchain-dir /Applications/Development/Xcode.app/Contents/Developer/Toolchains/XcodeDefault.xctoolchain --module-name PumpSyncUITests --sdk-root /Applications/Development/Xcode.app/Contents/Developer/Platforms/iPhoneSimulator.platform/Developer/SDKs/iPhoneSimulator27.0.sdk --xcode-version 27A266a --platform-family iOS --deployment-target 26.0 --bundle-identifier dev.ericslutz.PumpSyncUITests --output /tmp/pumpsync-remediation-runtime-build/Build/Products/Debug-iphonesimulator/PumpSyncUITests-Runner.app/PlugIns/PumpSyncUITests.xctest --target-triple arm64-apple-ios26.0-simulator --binary-file /tmp/pumpsync-remediation-runtime-build/Build/Products/Debug-iphonesimulator/PumpSyncUITests-Runner.app/PlugIns/PumpSyncUITests.xctest/PumpSyncUITests --dependency-file /tmp/pumpsync-remediation-runtime-build/Build/Intermediates.noindex/PumpSync.build/Debug-iphonesimulator/PumpSyncUITests.build/Objects-normal/arm64/PumpSyncUITests_dependency_info.dat --stringsdata-file /tmp/pumpsync-remediation-runtime-build/Build/Intermediates.noindex/PumpSync.build/Debug-iphonesimulator/PumpSyncUITests.build/Objects-normal/arm64/ExtractedAppShortcutsMetadata.stringsdata --source-file-list /tmp/pumpsync-remediation-runtime-build/Build/Intermediates.noindex/PumpSync.build/Debug-iphonesimulator/PumpSyncUITests.build/Objects-normal/arm64/PumpSyncUITests.SwiftFileList --metadata-file-list /tmp/pumpsync-remediation-runtime-build/Build/Intermediates.noindex/PumpSync.build/Debug-iphonesimulator/PumpSyncUITests.build/PumpSyncUITests.DependencyMetadataFileList --static-metadata-file-list /tmp/pumpsync-remediation-runtime-build/Build/Intermediates.noindex/PumpSync.build/Debug-iphonesimulator/PumpSyncUITests.build/PumpSyncUITests.DependencyStaticMetadataFileList --swift-const-vals-list /tmp/pumpsync-remediation-runtime-build/Build/Intermediates.noindex/PumpSync.build/Debug-iphonesimulator/PumpSyncUITests.build/Objects-normal/arm64/PumpSyncUITests.SwiftConstValuesFileList --compile-time-extraction --deployment-aware-processing --no-app-shortcuts-localization
2026-10-01 12:12:28.980 appintentsmetadataprocessor[10871:3113296] Starting appintentsmetadataprocessor export
2026-10-01 12:12:29.044 appintentsmetadataprocessor[10871:3113296] Extracted no relevant App Intents symbols, skipping writing output

AppIntentsSSUTraining (in target 'PumpSyncUITests' from project 'PumpSync')
    cd /tmp/pumpsync-ui-audit-harness
    /Applications/Development/Xcode.app/Contents/Developer/Toolchains/XcodeDefault.xctoolchain/usr/bin/appintentsnltrainingprocessor --infoplist-path /tmp/pumpsync-remediation-runtime-build/Build/Products/Debug-iphonesimulator/PumpSyncUITests-Runner.app/PlugIns/PumpSyncUITests.xctest/Info.plist --temp-dir-path /tmp/pumpsync-remediation-runtime-build/Build/Intermediates.noindex/PumpSync.build/Debug-iphonesimulator/PumpSyncUITests.build/ssu --bundle-id dev.ericslutz.PumpSyncUITests --product-path /tmp/pumpsync-remediation-runtime-build/Build/Products/Debug-iphonesimulator/PumpSyncUITests-Runner.app/PlugIns/PumpSyncUITests.xctest --extracted-metadata-path /tmp/pumpsync-remediation-runtime-build/Build/Products/Debug-iphonesimulator/PumpSyncUITests-Runner.app/PlugIns/PumpSyncUITests.xctest/Metadata.appintents --metadata-file-list /tmp/pumpsync-remediation-runtime-build/Build/Intermediates.noindex/PumpSync.build/Debug-iphonesimulator/PumpSyncUITests.build/PumpSyncUITests.DependencyMetadataFileList --source-file /tmp/pumpsync-remediation-runtime-build/Build/Products/Debug-iphonesimulator/PumpSyncUITests-Runner.app/PlugIns/PumpSyncUITests.xctest/Info.plist --archive-ssu-assets
2026-10-01 12:12:29.087 appintentsnltrainingprocessor[10872:3113299] Parsing options for appintentsnltrainingprocessor
2026-10-01 12:12:29.087 appintentsnltrainingprocessor[10872:3113299] Starting AppIntents SSU YAML Generation
2026-10-01 12:12:29.087 appintentsnltrainingprocessor[10872:3113299] No AppShortcuts found - Skipping.

MkDir /tmp/pumpsync-remediation-runtime-build/Build/Products/Debug-iphonesimulator/PumpSyncUITests-Runner.app (in target 'PumpSyncUITests' from project 'PumpSync')
    cd /tmp/pumpsync-ui-audit-harness
    /bin/mkdir -p /tmp/pumpsync-remediation-runtime-build/Build/Products/Debug-iphonesimulator/PumpSyncUITests-Runner.app

CopyPlistFile /tmp/pumpsync-remediation-runtime-build/Build/Products/Debug-iphonesimulator/PumpSyncUITests-Runner.app/Info.plist /Applications/Development/Xcode.app/Contents/Developer/Platforms/iPhoneSimulator.platform/Developer/Library/Xcode/Agents/XCTRunner.app/Info.plist (in target 'PumpSyncUITests' from project 'PumpSync')
    cd /tmp/pumpsync-ui-audit-harness
    builtin-copyPlist --validate --convert xml1 --macro-expansion WRAPPEDPRODUCTNAME PumpSyncUITests-Runner --macro-expansion WRAPPEDPRODUCTBUNDLEIDENTIFIER dev.ericslutz.PumpSyncUITests.xctrunner --macro-expansion TESTPRODUCTNAME PumpSyncUITests --macro-expansion TESTPRODUCTBUNDLEIDENTIFIER dev.ericslutz.PumpSyncUITests --copy-value UIDeviceFamily /tmp/pumpsync-remediation-runtime-build/Build/Products/Debug-iphonesimulator/PumpSyncUITests-Runner.app/PlugIns/PumpSyncUITests.xctest/Info.plist --outdir /tmp/pumpsync-remediation-runtime-build/Build/Products/Debug-iphonesimulator/PumpSyncUITests-Runner.app -- /Applications/Development/Xcode.app/Contents/Developer/Platforms/iPhoneSimulator.platform/Developer/Library/Xcode/Agents/XCTRunner.app/Info.plist

Copy /tmp/pumpsync-remediation-runtime-build/Build/Products/Debug-iphonesimulator/PumpSyncUITests-Runner.app/PkgInfo /Applications/Development/Xcode.app/Contents/Developer/Platforms/iPhoneSimulator.platform/Developer/Library/Xcode/Agents/XCTRunner.app/PkgInfo (in target 'PumpSyncUITests' from project 'PumpSync')
    cd /tmp/pumpsync-ui-audit-harness
    builtin-copy -exclude .DS_Store -exclude CVS -exclude .svn -exclude .git -exclude .hg -resolve-src-symlinks /Applications/Development/Xcode.app/Contents/Developer/Platforms/iPhoneSimulator.platform/Developer/Library/Xcode/Agents/XCTRunner.app/PkgInfo /tmp/pumpsync-remediation-runtime-build/Build/Products/Debug-iphonesimulator/PumpSyncUITests-Runner.app

CopyAndPreserveArchs /tmp/pumpsync-remediation-runtime-build/Build/Products/Debug-iphonesimulator/PumpSyncUITests-Runner.app/PumpSyncUITests-Runner (in target 'PumpSyncUITests' from project 'PumpSync')
    cd /tmp/pumpsync-ui-audit-harness
    /Applications/Development/Xcode.app/Contents/Developer/Toolchains/XcodeDefault.xctoolchain/usr/bin/lipo /Applications/Development/Xcode.app/Contents/Developer/Platforms/iPhoneSimulator.platform/Developer/Library/Xcode/Agents/XCTRunner.app/XCTRunner -output /tmp/pumpsync-remediation-runtime-build/Build/Products/Debug-iphonesimulator/PumpSyncUITests-Runner.app/PumpSyncUITests-Runner -extract arm64

CodeSign /tmp/pumpsync-remediation-runtime-build/Build/Products/Debug-iphonesimulator/PumpSyncUITests-Runner.app/PlugIns/PumpSyncUITests.xctest (in target 'PumpSyncUITests' from project 'PumpSync')
    cd /tmp/pumpsync-ui-audit-harness

    Signing Identity:     "Sign to Run Locally"

    /usr/bin/codesign --force --sign - --timestamp\=none --generate-entitlement-der /tmp/pumpsync-remediation-runtime-build/Build/Products/Debug-iphonesimulator/PumpSyncUITests-Runner.app/PlugIns/PumpSyncUITests.xctest

CodeSign /tmp/pumpsync-remediation-runtime-build/Build/Products/Debug-iphonesimulator/PumpSyncUITests-Runner.app (in target 'PumpSyncUITests' from project 'PumpSync')
    cd /tmp/pumpsync-ui-audit-harness

    Signing Identity:     "Sign to Run Locally"

    /usr/bin/codesign --force --sign - --timestamp\=none --generate-entitlement-der /tmp/pumpsync-remediation-runtime-build/Build/Products/Debug-iphonesimulator/PumpSyncUITests-Runner.app
/tmp/pumpsync-remediation-runtime-build/Build/Products/Debug-iphonesimulator/PumpSyncUITests-Runner.app: replacing existing signature

RegisterExecutionPolicyException /tmp/pumpsync-remediation-runtime-build/Build/Products/Debug-iphonesimulator/PumpSyncUITests-Runner.app/PlugIns/PumpSyncUITests.xctest (in target 'PumpSyncUITests' from project 'PumpSync')
    cd /tmp/pumpsync-ui-audit-harness
    builtin-RegisterExecutionPolicyException /tmp/pumpsync-remediation-runtime-build/Build/Products/Debug-iphonesimulator/PumpSyncUITests-Runner.app/PlugIns/PumpSyncUITests.xctest

Touch /tmp/pumpsync-remediation-runtime-build/Build/Products/Debug-iphonesimulator/PumpSyncUITests-Runner.app/PlugIns/PumpSyncUITests.xctest (in target 'PumpSyncUITests' from project 'PumpSync')
    cd /tmp/pumpsync-ui-audit-harness
    /usr/bin/touch -c /tmp/pumpsync-remediation-runtime-build/Build/Products/Debug-iphonesimulator/PumpSyncUITests-Runner.app/PlugIns/PumpSyncUITests.xctest

PruneExplicitPrecompiledModules /tmp/pumpsync-remediation-runtime-build/Build/Intermediates.noindex/SwiftExplicitPrecompiledModules

PruneExplicitPrecompiledModules /tmp/pumpsync-remediation-runtime-build/SDKExplicitPrecompiledModules

PruneExplicitPrecompiledModules /tmp/pumpsync-remediation-runtime-build/Build/Intermediates.noindex/ExplicitPrecompiledModules

2026-10-01 12:12:37.869210-0400 PumpSyncUITests-Runner[10909:3113828] [Default] Running tests...
objc[10909]: Class UIAccessibilityLoaderWebShared is implemented in both /Library/Developer/CoreSimulator/Volumes/iOS_23F77/Library/Developer/CoreSimulator/Profiles/Runtimes/iOS 26.5.simruntime/Contents/Resources/RuntimeRoot/System/Library/AccessibilityBundles/WebCore.axbundle/WebCore (0x109cb8310) and /Library/Developer/CoreSimulator/Volumes/iOS_23F77/Library/Developer/CoreSimulator/Profiles/Runtimes/iOS 26.5.simruntime/Contents/Resources/RuntimeRoot/System/Library/AccessibilityBundles/WebKit.axbundle/WebKit (0x109d34398). This may cause spurious casting failures and mysterious crashes. One of the duplicates must be removed or renamed.
    t =      nans Interface orientation changed to Portrait
Test Suite 'Selected tests' started at 2026-10-01 12:12:40.232.
Test Suite 'PumpSyncUITests.xctest' started at 2026-10-01 12:12:40.233.
Test Suite 'PumpSyncAuditTests' started at 2026-10-01 12:12:40.233.
Test Case '-[PumpSyncUITests.PumpSyncAuditTests testRemediatedSystemLayoutsAndConnectionFeedback]' started.
    t =     0.00s Start Test at 2026-10-01 12:12:40.234
    t =     0.27s Set Up
    t =     0.28s Open dev.ericslutz.PumpSync
    t =     0.28s     Launch dev.ericslutz.PumpSync
2026-10-01 12:12:40.794 xcodebuild[10735:3112007] [MT] IDELaunchParametersSnapshot: debugger version lookup failed for path '<nil>': noURL
2026-10-01 12:12:40.794 xcodebuild[10735:3112007] [MT] IDELaunchParametersSnapshot: no debugger version
    t =     1.59s         Setting up automation session
    t =     2.70s         Wait for dev.ericslutz.PumpSync to idle
    t =     4.90s Waiting 2.0s for "Cancel" Button to exist
    t =     5.92s     Checking `Expect predicate `existsNoRetry == 1` for object "Cancel" Button`
    t =     5.93s         Checking existence of `"Cancel" Button`
    t =     6.03s         Capturing element debug description
    t =     6.90s     Checking `Expect predicate `existsNoRetry == 1` for object "Cancel" Button`
    t =     6.90s         Checking existence of `"Cancel" Button`
    t =     6.93s         Capturing element debug description
    t =     6.93s     Checking existence of `"Cancel" Button`
    t =     6.96s Collecting debug information to assist test failure triage
    t =     6.96s     Requesting snapshot of accessibility hierarchy for app with pid 10281
    t =     7.01s Waiting 10.0s for "Settings" Button to exist
    t =     8.03s     Checking `Expect predicate `existsNoRetry == 1` for object "Settings" Button`
    t =     8.03s         Checking existence of `"Settings" Button`
    t =     9.16s Find the Target Application 'dev.ericslutz.PumpSync'
    t =     9.30s Added attachment named 'remediated-sync.png'
    t =     9.30s Requesting snapshot of accessibility hierarchy for app with pid 10933
    t =     9.46s Requesting snapshot of accessibility hierarchy for app with pid 10933
    t =     9.49s Added attachment named 'remediated-sync-tree.txt'
    t =     9.50s Tap "Settings" Button
    t =     9.50s     Wait for dev.ericslutz.PumpSync to idle
    t =     9.50s     Find the "Settings" Button
    t =     9.53s     Check for interrupting elements affecting "Settings" Button
    t =     9.56s     Synthesize event
    t =     9.98s     Wait for dev.ericslutz.PumpSync to idle
    t =    11.69s Find the "TandemAccountLink" Button
    t =    11.79s Swipe up Target Application 'dev.ericslutz.PumpSync'
    t =    11.79s     Wait for dev.ericslutz.PumpSync to idle
    t =    11.79s     Find the Target Application 'dev.ericslutz.PumpSync'
    t =    11.82s     Check for interrupting elements affecting "PumpSync" Application
    t =    11.85s     Synthesize event
    t =    12.27s     Wait for dev.ericslutz.PumpSync to idle
    t =    14.38s Find the "TandemAccountLink" Button
    t =    14.45s Swipe up Target Application 'dev.ericslutz.PumpSync'
    t =    14.45s     Wait for dev.ericslutz.PumpSync to idle
    t =    14.45s     Find the Target Application 'dev.ericslutz.PumpSync'
    t =    14.48s     Check for interrupting elements affecting "PumpSync" Application
    t =    14.50s     Synthesize event
    t =    14.93s     Wait for dev.ericslutz.PumpSync to idle
    t =    17.04s Find the "TandemAccountLink" Button
    t =    17.10s Tap "TandemAccountLink" Button
    t =    17.10s     Wait for dev.ericslutz.PumpSync to idle
    t =    17.11s     Find the "TandemAccountLink" Button
    t =    17.14s     Check for interrupting elements affecting "TandemAccountLink" Button
    t =    17.18s     Synthesize event
    t =    17.47s     Wait for dev.ericslutz.PumpSync to idle
    t =    18.40s Waiting 5.0s for "Tandem region" Button to exist
    t =    19.44s     Checking `Expect predicate `existsNoRetry == 1` for object "Tandem region" Button`
    t =    19.44s         Checking existence of `"Tandem region" Button`
    t =    19.50s         Capturing element debug description
    t =    20.42s     Checking `Expect predicate `existsNoRetry == 1` for object "Tandem region" Button`
    t =    20.43s         Checking existence of `"Tandem region" Button`
    t =    20.47s         Capturing element debug description
    t =    21.41s     Checking `Expect predicate `existsNoRetry == 1` for object "Tandem region" Button`
    t =    21.41s         Checking existence of `"Tandem region" Button`
    t =    21.45s         Capturing element debug description
    t =    22.50s     Checking `Expect predicate `existsNoRetry == 1` for object "Tandem region" Button`
    t =    22.50s         Checking existence of `"Tandem region" Button`
    t =    22.54s         Capturing element debug description
    t =    23.41s     Checking `Expect predicate `existsNoRetry == 1` for object "Tandem region" Button`
    t =    23.41s         Checking existence of `"Tandem region" Button`
    t =    23.45s         Capturing element debug description
    t =    23.45s     Checking existence of `"Tandem region" Button`
    t =    23.48s Collecting debug information to assist test failure triage
    t =    23.48s     Requesting snapshot of accessibility hierarchy for app with pid 10933
/tmp/pumpsync-ui-audit-harness/PumpSyncUITests/PumpSyncUITests.swift:16: error: -[PumpSyncUITests.PumpSyncAuditTests testRemediatedSystemLayoutsAndConnectionFeedback] : XCTAssertTrue failed
    t =    23.77s Tear Down
Test Case '-[PumpSyncUITests.PumpSyncAuditTests testRemediatedSystemLayoutsAndConnectionFeedback]' failed (24.145 seconds).
Test Suite 'PumpSyncAuditTests' failed at 2026-10-01 12:13:04.380.
	 Executed 1 test, with 1 failure (0 unexpected) in 24.145 (24.147) seconds
Test Suite 'PumpSyncUITests.xctest' failed at 2026-10-01 12:13:04.380.
	 Executed 1 test, with 1 failure (0 unexpected) in 24.145 (24.147) seconds
Test Suite 'Selected tests' failed at 2026-10-01 12:13:04.381.
	 Executed 1 test, with 1 failure (0 unexpected) in 24.145 (24.148) seconds
2026-10-01 12:13:25.129 xcodebuild[10735:3112007] [MT] IDETestOperationsObserverDebug: 55.952 elapsed -- Testing started completed.
2026-10-01 12:13:25.129 xcodebuild[10735:3112007] [MT] IDETestOperationsObserverDebug: 0.000 sec, +0.000 sec -- start
2026-10-01 12:13:25.130 xcodebuild[10735:3112007] [MT] IDETestOperationsObserverDebug: 55.952 sec, +55.952 sec -- end

Test session results, code coverage, and logs:
	/tmp/pumpsync-remediation-ax5-final.xcresult

Failing tests:
	PumpSyncAuditTests.testRemediatedSystemLayoutsAndConnectionFeedback()

** TEST FAILED **

Testing started
