Command line invocation:
    /Applications/Development/Xcode.app/Contents/Developer/usr/bin/xcodebuild test -project PumpSync.xcodeproj -scheme PumpSync -destination "platform=iOS Simulator,id=7C172CFA-650B-4566-BC58-65DD79E00540" -derivedDataPath /private/tmp/pumpsync-remediation-runtime-build -resultBundlePath /private/tmp/pumpsync-remediation-ax5.xcresult "-only-testing:PumpSyncUITests/PumpSyncAuditTests" -parallel-testing-enabled NO

Writing result bundle at path:
	/private/tmp/pumpsync-remediation-ax5.xcresult

ComputePackagePrebuildTargetDependencyGraph

Prepare packages

CreateBuildRequest

SendProjectDescription

CreateBuildOperation

ComputeTargetDependencyGraph
note: Building targets in dependency order
note: Target dependency graph (3 targets)
    Target 'PumpSyncUITests' in project 'PumpSync'
        ➜ Explicit dependency on target 'PumpSync' in project 'PumpSync'
    Target 'PumpSyncTests' in project 'PumpSync'
        ➜ Explicit dependency on target 'PumpSync' in project 'PumpSync'
    Target 'PumpSync' in project 'PumpSync' (no dependencies)

GatherProvisioningInputs

CreateBuildDescription

ExecuteExternalTool /Applications/Development/Xcode.app/Contents/Developer/Toolchains/XcodeDefault.xctoolchain/usr/bin/swiftc --version

ExecuteExternalTool /Applications/Development/Xcode.app/Contents/Developer/Toolchains/XcodeDefault.xctoolchain/usr/bin/clang -v -E -dM -isysroot /Applications/Development/Xcode.app/Contents/Developer/Platforms/iPhoneSimulator.platform/Developer/SDKs/iPhoneSimulator27.0.sdk -x c -c /dev/null

ExecuteExternalTool /Applications/Development/Xcode.app/Contents/Developer/usr/bin/actool --print-asset-tag-combinations --output-format xml1 /tmp/pumpsync-ui-audit-harness/PumpSync/Resources/Assets.xcassets

ExecuteExternalTool /Applications/Development/Xcode.app/Contents/Developer/Toolchains/XcodeDefault.xctoolchain/usr/bin/ld -version_details

ExecuteExternalTool /Applications/Development/Xcode.app/Contents/Developer/usr/bin/actool --version --output-format xml1

Build description signature: 70890699799ad357984257c90016665a
Build description path: /tmp/pumpsync-remediation-runtime-build/Build/Intermediates.noindex/XCBuildData/70890699799ad357984257c90016665a.xcbuilddata
CreateBuildDirectory /tmp/pumpsync-remediation-runtime-build/SDKExplicitPrecompiledModules
    cd /tmp/pumpsync-ui-audit-harness/PumpSync.xcodeproj
    builtin-create-build-directory /tmp/pumpsync-remediation-runtime-build/SDKExplicitPrecompiledModules

CreateBuildDirectory /tmp/pumpsync-remediation-runtime-build/ModuleCache.noindex
    cd /tmp/pumpsync-ui-audit-harness/PumpSync.xcodeproj
    builtin-create-build-directory /tmp/pumpsync-remediation-runtime-build/ModuleCache.noindex

CreateBuildDirectory /tmp/pumpsync-remediation-runtime-build/CompilationCache.noindex
    cd /tmp/pumpsync-ui-audit-harness/PumpSync.xcodeproj
    builtin-create-build-directory /tmp/pumpsync-remediation-runtime-build/CompilationCache.noindex

ClangStatCache /Applications/Development/Xcode.app/Contents/Developer/Toolchains/XcodeDefault.xctoolchain/usr/bin/clang-stat-cache /Applications/Development/Xcode.app/Contents/Developer/Platforms/iPhoneSimulator.platform/Developer/SDKs/iPhoneSimulator27.0.sdk /tmp/pumpsync-remediation-runtime-build/SDKStatCaches.noindex/iphonesimulator27.0-24A430-8b98ade55cdca77b755c004ede0894fd.sdkstatcache
    cd /tmp/pumpsync-ui-audit-harness/PumpSync.xcodeproj
    /Applications/Development/Xcode.app/Contents/Developer/Toolchains/XcodeDefault.xctoolchain/usr/bin/clang-stat-cache /Applications/Development/Xcode.app/Contents/Developer/Platforms/iPhoneSimulator.platform/Developer/SDKs/iPhoneSimulator27.0.sdk -o /tmp/pumpsync-remediation-runtime-build/SDKStatCaches.noindex/iphonesimulator27.0-24A430-8b98ade55cdca77b755c004ede0894fd.sdkstatcache

CreateBuildDirectory /tmp/pumpsync-remediation-runtime-build/Build/Intermediates.noindex
    cd /tmp/pumpsync-ui-audit-harness/PumpSync.xcodeproj
    builtin-create-build-directory /tmp/pumpsync-remediation-runtime-build/Build/Intermediates.noindex

CreateBuildDirectory /tmp/pumpsync-remediation-runtime-build/Build/Products
    cd /tmp/pumpsync-ui-audit-harness/PumpSync.xcodeproj
    builtin-create-build-directory /tmp/pumpsync-remediation-runtime-build/Build/Products

CreateBuildDirectory /tmp/pumpsync-remediation-runtime-build/Build/Intermediates.noindex/SwiftExplicitPrecompiledModules
    cd /tmp/pumpsync-ui-audit-harness/PumpSync.xcodeproj
    builtin-create-build-directory /tmp/pumpsync-remediation-runtime-build/Build/Intermediates.noindex/SwiftExplicitPrecompiledModules

CreateBuildDirectory /tmp/pumpsync-remediation-runtime-build/Build/Products/Debug-iphonesimulator
    cd /tmp/pumpsync-ui-audit-harness/PumpSync.xcodeproj
    builtin-create-build-directory /tmp/pumpsync-remediation-runtime-build/Build/Products/Debug-iphonesimulator

CreateBuildDirectory /tmp/pumpsync-remediation-runtime-build/Build/Intermediates.noindex/ExplicitPrecompiledModules
    cd /tmp/pumpsync-ui-audit-harness/PumpSync.xcodeproj
    builtin-create-build-directory /tmp/pumpsync-remediation-runtime-build/Build/Intermediates.noindex/ExplicitPrecompiledModules

CreateBuildDirectory /tmp/pumpsync-remediation-runtime-build/Build/Intermediates.noindex/PrecompiledHeaders
    cd /tmp/pumpsync-ui-audit-harness/PumpSync.xcodeproj
    builtin-create-build-directory /tmp/pumpsync-remediation-runtime-build/Build/Intermediates.noindex/PrecompiledHeaders

CreateBuildDirectory /tmp/pumpsync-remediation-runtime-build/Build/Intermediates.noindex/EagerLinkingTBDs/Debug-iphonesimulator
    cd /tmp/pumpsync-ui-audit-harness/PumpSync.xcodeproj
    builtin-create-build-directory /tmp/pumpsync-remediation-runtime-build/Build/Intermediates.noindex/EagerLinkingTBDs/Debug-iphonesimulator

WriteAuxiliaryFile /tmp/pumpsync-remediation-runtime-build/Build/Intermediates.noindex/PumpSync.build/Debug-iphonesimulator/PumpSync-7846ac918a4e7053840541c10a91dfd6-VFS-iphonesimulator/all-product-headers.yaml
    cd /tmp/pumpsync-ui-audit-harness/PumpSync.xcodeproj
    write-file /tmp/pumpsync-remediation-runtime-build/Build/Intermediates.noindex/PumpSync.build/Debug-iphonesimulator/PumpSync-7846ac918a4e7053840541c10a91dfd6-VFS-iphonesimulator/all-product-headers.yaml

WriteAuxiliaryFile /tmp/pumpsync-remediation-runtime-build/Build/Intermediates.noindex/PumpSync.build/Debug-iphonesimulator/PumpSync.build/PumpSync.hmap (in target 'PumpSync' from project 'PumpSync')
    cd /tmp/pumpsync-ui-audit-harness
    write-file /tmp/pumpsync-remediation-runtime-build/Build/Intermediates.noindex/PumpSync.build/Debug-iphonesimulator/PumpSync.build/PumpSync.hmap

WriteAuxiliaryFile /tmp/pumpsync-remediation-runtime-build/Build/Intermediates.noindex/PumpSync.build/Debug-iphonesimulator/PumpSyncUITests.build/empty-PumpSyncUITests.plist (in target 'PumpSyncUITests' from project 'PumpSync')
    cd /tmp/pumpsync-ui-audit-harness
    write-file /tmp/pumpsync-remediation-runtime-build/Build/Intermediates.noindex/PumpSync.build/Debug-iphonesimulator/PumpSyncUITests.build/empty-PumpSyncUITests.plist

WriteAuxiliaryFile /tmp/pumpsync-remediation-runtime-build/Build/Intermediates.noindex/PumpSync.build/Debug-iphonesimulator/PumpSyncUITests.build/PumpSyncUITests.hmap (in target 'PumpSyncUITests' from project 'PumpSync')
    cd /tmp/pumpsync-ui-audit-harness
    write-file /tmp/pumpsync-remediation-runtime-build/Build/Intermediates.noindex/PumpSync.build/Debug-iphonesimulator/PumpSyncUITests.build/PumpSyncUITests.hmap

WriteAuxiliaryFile /tmp/pumpsync-remediation-runtime-build/Build/Intermediates.noindex/PumpSync.build/Debug-iphonesimulator/PumpSyncUITests.build/PumpSyncUITests.DependencyStaticMetadataFileList (in target 'PumpSyncUITests' from project 'PumpSync')
    cd /tmp/pumpsync-ui-audit-harness
    write-file /tmp/pumpsync-remediation-runtime-build/Build/Intermediates.noindex/PumpSync.build/Debug-iphonesimulator/PumpSyncUITests.build/PumpSyncUITests.DependencyStaticMetadataFileList

WriteAuxiliaryFile /tmp/pumpsync-remediation-runtime-build/Build/Intermediates.noindex/PumpSync.build/Debug-iphonesimulator/PumpSyncUITests.build/PumpSyncUITests.DependencyMetadataFileList (in target 'PumpSyncUITests' from project 'PumpSync')
    cd /tmp/pumpsync-ui-audit-harness
    write-file /tmp/pumpsync-remediation-runtime-build/Build/Intermediates.noindex/PumpSync.build/Debug-iphonesimulator/PumpSyncUITests.build/PumpSyncUITests.DependencyMetadataFileList

WriteAuxiliaryFile /tmp/pumpsync-remediation-runtime-build/Build/Intermediates.noindex/PumpSync.build/Debug-iphonesimulator/PumpSyncUITests.build/PumpSyncUITests-project-headers.hmap (in target 'PumpSyncUITests' from project 'PumpSync')
    cd /tmp/pumpsync-ui-audit-harness
    write-file /tmp/pumpsync-remediation-runtime-build/Build/Intermediates.noindex/PumpSync.build/Debug-iphonesimulator/PumpSyncUITests.build/PumpSyncUITests-project-headers.hmap

WriteAuxiliaryFile /tmp/pumpsync-remediation-runtime-build/Build/Intermediates.noindex/PumpSync.build/Debug-iphonesimulator/PumpSyncUITests.build/PumpSyncUITests-own-target-headers.hmap (in target 'PumpSyncUITests' from project 'PumpSync')
    cd /tmp/pumpsync-ui-audit-harness
    write-file /tmp/pumpsync-remediation-runtime-build/Build/Intermediates.noindex/PumpSync.build/Debug-iphonesimulator/PumpSyncUITests.build/PumpSyncUITests-own-target-headers.hmap

WriteAuxiliaryFile /tmp/pumpsync-remediation-runtime-build/Build/Intermediates.noindex/PumpSync.build/Debug-iphonesimulator/PumpSyncUITests.build/PumpSyncUITests-generated-files.hmap (in target 'PumpSyncUITests' from project 'PumpSync')
    cd /tmp/pumpsync-ui-audit-harness
    write-file /tmp/pumpsync-remediation-runtime-build/Build/Intermediates.noindex/PumpSync.build/Debug-iphonesimulator/PumpSyncUITests.build/PumpSyncUITests-generated-files.hmap

WriteAuxiliaryFile /tmp/pumpsync-remediation-runtime-build/Build/Intermediates.noindex/PumpSync.build/Debug-iphonesimulator/PumpSyncUITests.build/PumpSyncUITests-all-target-headers.hmap (in target 'PumpSyncUITests' from project 'PumpSync')
    cd /tmp/pumpsync-ui-audit-harness
    write-file /tmp/pumpsync-remediation-runtime-build/Build/Intermediates.noindex/PumpSync.build/Debug-iphonesimulator/PumpSyncUITests.build/PumpSyncUITests-all-target-headers.hmap

WriteAuxiliaryFile /tmp/pumpsync-remediation-runtime-build/Build/Intermediates.noindex/PumpSync.build/Debug-iphonesimulator/PumpSyncUITests.build/PumpSyncUITests-all-non-framework-target-headers.hmap (in target 'PumpSyncUITests' from project 'PumpSync')
    cd /tmp/pumpsync-ui-audit-harness
    write-file /tmp/pumpsync-remediation-runtime-build/Build/Intermediates.noindex/PumpSync.build/Debug-iphonesimulator/PumpSyncUITests.build/PumpSyncUITests-all-non-framework-target-headers.hmap

WriteAuxiliaryFile /tmp/pumpsync-remediation-runtime-build/Build/Intermediates.noindex/PumpSync.build/Debug-iphonesimulator/PumpSyncUITests.build/ProductTypeInfoPlistAdditions.plist (in target 'PumpSyncUITests' from project 'PumpSync')
    cd /tmp/pumpsync-ui-audit-harness
    write-file /tmp/pumpsync-remediation-runtime-build/Build/Intermediates.noindex/PumpSync.build/Debug-iphonesimulator/PumpSyncUITests.build/ProductTypeInfoPlistAdditions.plist

WriteAuxiliaryFile /tmp/pumpsync-remediation-runtime-build/Build/Intermediates.noindex/PumpSync.build/Debug-iphonesimulator/PumpSyncUITests.build/Objects-normal/arm64/PumpSyncUITests.SwiftFileList (in target 'PumpSyncUITests' from project 'PumpSync')
    cd /tmp/pumpsync-ui-audit-harness
    write-file /tmp/pumpsync-remediation-runtime-build/Build/Intermediates.noindex/PumpSync.build/Debug-iphonesimulator/PumpSyncUITests.build/Objects-normal/arm64/PumpSyncUITests.SwiftFileList

WriteAuxiliaryFile /tmp/pumpsync-remediation-runtime-build/Build/Intermediates.noindex/PumpSync.build/Debug-iphonesimulator/PumpSyncUITests.build/Objects-normal/arm64/PumpSyncUITests_const_extract_protocols.json (in target 'PumpSyncUITests' from project 'PumpSync')
    cd /tmp/pumpsync-ui-audit-harness
    write-file /tmp/pumpsync-remediation-runtime-build/Build/Intermediates.noindex/PumpSync.build/Debug-iphonesimulator/PumpSyncUITests.build/Objects-normal/arm64/PumpSyncUITests_const_extract_protocols.json

WriteAuxiliaryFile /tmp/pumpsync-remediation-runtime-build/Build/Intermediates.noindex/PumpSync.build/Debug-iphonesimulator/PumpSyncUITests.build/Objects-normal/arm64/PumpSyncUITests.SwiftConstValuesFileList (in target 'PumpSyncUITests' from project 'PumpSync')
    cd /tmp/pumpsync-ui-audit-harness
    write-file /tmp/pumpsync-remediation-runtime-build/Build/Intermediates.noindex/PumpSync.build/Debug-iphonesimulator/PumpSyncUITests.build/Objects-normal/arm64/PumpSyncUITests.SwiftConstValuesFileList

WriteAuxiliaryFile /tmp/pumpsync-remediation-runtime-build/Build/Intermediates.noindex/PumpSync.build/Debug-iphonesimulator/PumpSyncUITests.build/Objects-normal/arm64/PumpSyncUITests.LinkFileList (in target 'PumpSyncUITests' from project 'PumpSync')
    cd /tmp/pumpsync-ui-audit-harness
    write-file /tmp/pumpsync-remediation-runtime-build/Build/Intermediates.noindex/PumpSync.build/Debug-iphonesimulator/PumpSyncUITests.build/Objects-normal/arm64/PumpSyncUITests.LinkFileList

WriteAuxiliaryFile /tmp/pumpsync-remediation-runtime-build/Build/Intermediates.noindex/PumpSync.build/Debug-iphonesimulator/PumpSyncUITests.build/Objects-normal/arm64/PumpSyncUITests-OutputFileMap.json (in target 'PumpSyncUITests' from project 'PumpSync')
    cd /tmp/pumpsync-ui-audit-harness
    write-file /tmp/pumpsync-remediation-runtime-build/Build/Intermediates.noindex/PumpSync.build/Debug-iphonesimulator/PumpSyncUITests.build/Objects-normal/arm64/PumpSyncUITests-OutputFileMap.json

WriteAuxiliaryFile /tmp/pumpsync-remediation-runtime-build/Build/Intermediates.noindex/PumpSync.build/Debug-iphonesimulator/PumpSyncUITests.build/DerivedSources/Entitlements-Simulated.plist (in target 'PumpSyncUITests' from project 'PumpSync')
    cd /tmp/pumpsync-ui-audit-harness
    write-file /tmp/pumpsync-remediation-runtime-build/Build/Intermediates.noindex/PumpSync.build/Debug-iphonesimulator/PumpSyncUITests.build/DerivedSources/Entitlements-Simulated.plist

WriteAuxiliaryFile /tmp/pumpsync-remediation-runtime-build/Build/Intermediates.noindex/PumpSync.build/Debug-iphonesimulator/PumpSyncTests.build/empty-PumpSyncTests.plist (in target 'PumpSyncTests' from project 'PumpSync')
    cd /tmp/pumpsync-ui-audit-harness
    write-file /tmp/pumpsync-remediation-runtime-build/Build/Intermediates.noindex/PumpSync.build/Debug-iphonesimulator/PumpSyncTests.build/empty-PumpSyncTests.plist

WriteAuxiliaryFile /tmp/pumpsync-remediation-runtime-build/Build/Intermediates.noindex/PumpSync.build/Debug-iphonesimulator/PumpSyncTests.build/PumpSyncTests.hmap (in target 'PumpSyncTests' from project 'PumpSync')
    cd /tmp/pumpsync-ui-audit-harness
    write-file /tmp/pumpsync-remediation-runtime-build/Build/Intermediates.noindex/PumpSync.build/Debug-iphonesimulator/PumpSyncTests.build/PumpSyncTests.hmap

WriteAuxiliaryFile /tmp/pumpsync-remediation-runtime-build/Build/Intermediates.noindex/PumpSync.build/Debug-iphonesimulator/PumpSyncTests.build/PumpSyncTests.DependencyStaticMetadataFileList (in target 'PumpSyncTests' from project 'PumpSync')
    cd /tmp/pumpsync-ui-audit-harness
    write-file /tmp/pumpsync-remediation-runtime-build/Build/Intermediates.noindex/PumpSync.build/Debug-iphonesimulator/PumpSyncTests.build/PumpSyncTests.DependencyStaticMetadataFileList

WriteAuxiliaryFile /tmp/pumpsync-remediation-runtime-build/Build/Intermediates.noindex/PumpSync.build/Debug-iphonesimulator/PumpSyncTests.build/PumpSyncTests.DependencyMetadataFileList (in target 'PumpSyncTests' from project 'PumpSync')
    cd /tmp/pumpsync-ui-audit-harness
    write-file /tmp/pumpsync-remediation-runtime-build/Build/Intermediates.noindex/PumpSync.build/Debug-iphonesimulator/PumpSyncTests.build/PumpSyncTests.DependencyMetadataFileList

WriteAuxiliaryFile /tmp/pumpsync-remediation-runtime-build/Build/Intermediates.noindex/PumpSync.build/Debug-iphonesimulator/PumpSyncTests.build/PumpSyncTests-project-headers.hmap (in target 'PumpSyncTests' from project 'PumpSync')
    cd /tmp/pumpsync-ui-audit-harness
    write-file /tmp/pumpsync-remediation-runtime-build/Build/Intermediates.noindex/PumpSync.build/Debug-iphonesimulator/PumpSyncTests.build/PumpSyncTests-project-headers.hmap

WriteAuxiliaryFile /tmp/pumpsync-remediation-runtime-build/Build/Intermediates.noindex/PumpSync.build/Debug-iphonesimulator/PumpSyncTests.build/PumpSyncTests-own-target-headers.hmap (in target 'PumpSyncTests' from project 'PumpSync')
    cd /tmp/pumpsync-ui-audit-harness
    write-file /tmp/pumpsync-remediation-runtime-build/Build/Intermediates.noindex/PumpSync.build/Debug-iphonesimulator/PumpSyncTests.build/PumpSyncTests-own-target-headers.hmap

WriteAuxiliaryFile /tmp/pumpsync-remediation-runtime-build/Build/Intermediates.noindex/PumpSync.build/Debug-iphonesimulator/PumpSyncTests.build/PumpSyncTests-generated-files.hmap (in target 'PumpSyncTests' from project 'PumpSync')
    cd /tmp/pumpsync-ui-audit-harness
    write-file /tmp/pumpsync-remediation-runtime-build/Build/Intermediates.noindex/PumpSync.build/Debug-iphonesimulator/PumpSyncTests.build/PumpSyncTests-generated-files.hmap

WriteAuxiliaryFile /tmp/pumpsync-remediation-runtime-build/Build/Intermediates.noindex/PumpSync.build/Debug-iphonesimulator/PumpSyncTests.build/PumpSyncTests-all-target-headers.hmap (in target 'PumpSyncTests' from project 'PumpSync')
    cd /tmp/pumpsync-ui-audit-harness
    write-file /tmp/pumpsync-remediation-runtime-build/Build/Intermediates.noindex/PumpSync.build/Debug-iphonesimulator/PumpSyncTests.build/PumpSyncTests-all-target-headers.hmap

WriteAuxiliaryFile /tmp/pumpsync-remediation-runtime-build/Build/Intermediates.noindex/PumpSync.build/Debug-iphonesimulator/PumpSyncTests.build/PumpSyncTests-all-non-framework-target-headers.hmap (in target 'PumpSyncTests' from project 'PumpSync')
    cd /tmp/pumpsync-ui-audit-harness
    write-file /tmp/pumpsync-remediation-runtime-build/Build/Intermediates.noindex/PumpSync.build/Debug-iphonesimulator/PumpSyncTests.build/PumpSyncTests-all-non-framework-target-headers.hmap

WriteAuxiliaryFile /tmp/pumpsync-remediation-runtime-build/Build/Intermediates.noindex/PumpSync.build/Debug-iphonesimulator/PumpSyncTests.build/Objects-normal/arm64/PumpSyncTests.SwiftConstValuesFileList (in target 'PumpSyncTests' from project 'PumpSync')
    cd /tmp/pumpsync-ui-audit-harness
    write-file /tmp/pumpsync-remediation-runtime-build/Build/Intermediates.noindex/PumpSync.build/Debug-iphonesimulator/PumpSyncTests.build/Objects-normal/arm64/PumpSyncTests.SwiftConstValuesFileList

WriteAuxiliaryFile /tmp/pumpsync-remediation-runtime-build/Build/Intermediates.noindex/PumpSync.build/Debug-iphonesimulator/PumpSyncTests.build/Objects-normal/arm64/PumpSyncTests.SwiftFileList (in target 'PumpSyncTests' from project 'PumpSync')
    cd /tmp/pumpsync-ui-audit-harness
    write-file /tmp/pumpsync-remediation-runtime-build/Build/Intermediates.noindex/PumpSync.build/Debug-iphonesimulator/PumpSyncTests.build/Objects-normal/arm64/PumpSyncTests.SwiftFileList

WriteAuxiliaryFile /tmp/pumpsync-remediation-runtime-build/Build/Intermediates.noindex/PumpSync.build/Debug-iphonesimulator/PumpSyncTests.build/Objects-normal/arm64/PumpSyncTests.LinkFileList (in target 'PumpSyncTests' from project 'PumpSync')
    cd /tmp/pumpsync-ui-audit-harness
    write-file /tmp/pumpsync-remediation-runtime-build/Build/Intermediates.noindex/PumpSync.build/Debug-iphonesimulator/PumpSyncTests.build/Objects-normal/arm64/PumpSyncTests.LinkFileList

WriteAuxiliaryFile /tmp/pumpsync-remediation-runtime-build/Build/Intermediates.noindex/PumpSync.build/Debug-iphonesimulator/PumpSyncTests.build/Objects-normal/arm64/PumpSyncTests_const_extract_protocols.json (in target 'PumpSyncTests' from project 'PumpSync')
    cd /tmp/pumpsync-ui-audit-harness
    write-file /tmp/pumpsync-remediation-runtime-build/Build/Intermediates.noindex/PumpSync.build/Debug-iphonesimulator/PumpSyncTests.build/Objects-normal/arm64/PumpSyncTests_const_extract_protocols.json

WriteAuxiliaryFile /tmp/pumpsync-remediation-runtime-build/Build/Intermediates.noindex/PumpSync.build/Debug-iphonesimulator/PumpSyncTests.build/Objects-normal/arm64/PumpSyncTests-OutputFileMap.json (in target 'PumpSyncTests' from project 'PumpSync')
    cd /tmp/pumpsync-ui-audit-harness
    write-file /tmp/pumpsync-remediation-runtime-build/Build/Intermediates.noindex/PumpSync.build/Debug-iphonesimulator/PumpSyncTests.build/Objects-normal/arm64/PumpSyncTests-OutputFileMap.json

WriteAuxiliaryFile /tmp/pumpsync-remediation-runtime-build/Build/Intermediates.noindex/PumpSync.build/Debug-iphonesimulator/PumpSync.build/PumpSync.DependencyStaticMetadataFileList (in target 'PumpSync' from project 'PumpSync')
    cd /tmp/pumpsync-ui-audit-harness
    write-file /tmp/pumpsync-remediation-runtime-build/Build/Intermediates.noindex/PumpSync.build/Debug-iphonesimulator/PumpSync.build/PumpSync.DependencyStaticMetadataFileList

WriteAuxiliaryFile /tmp/pumpsync-remediation-runtime-build/Build/Intermediates.noindex/PumpSync.build/Debug-iphonesimulator/PumpSync.build/PumpSync.DependencyMetadataFileList (in target 'PumpSync' from project 'PumpSync')
    cd /tmp/pumpsync-ui-audit-harness
    write-file /tmp/pumpsync-remediation-runtime-build/Build/Intermediates.noindex/PumpSync.build/Debug-iphonesimulator/PumpSync.build/PumpSync.DependencyMetadataFileList

WriteAuxiliaryFile /tmp/pumpsync-remediation-runtime-build/Build/Intermediates.noindex/PumpSync.build/Debug-iphonesimulator/PumpSync.build/PumpSync-project-headers.hmap (in target 'PumpSync' from project 'PumpSync')
    cd /tmp/pumpsync-ui-audit-harness
    write-file /tmp/pumpsync-remediation-runtime-build/Build/Intermediates.noindex/PumpSync.build/Debug-iphonesimulator/PumpSync.build/PumpSync-project-headers.hmap

WriteAuxiliaryFile /tmp/pumpsync-remediation-runtime-build/Build/Intermediates.noindex/PumpSync.build/Debug-iphonesimulator/PumpSync.build/PumpSync-own-target-headers.hmap (in target 'PumpSync' from project 'PumpSync')
    cd /tmp/pumpsync-ui-audit-harness
    write-file /tmp/pumpsync-remediation-runtime-build/Build/Intermediates.noindex/PumpSync.build/Debug-iphonesimulator/PumpSync.build/PumpSync-own-target-headers.hmap

WriteAuxiliaryFile /tmp/pumpsync-remediation-runtime-build/Build/Intermediates.noindex/PumpSync.build/Debug-iphonesimulator/PumpSync.build/PumpSync-generated-files.hmap (in target 'PumpSync' from project 'PumpSync')
    cd /tmp/pumpsync-ui-audit-harness
    write-file /tmp/pumpsync-remediation-runtime-build/Build/Intermediates.noindex/PumpSync.build/Debug-iphonesimulator/PumpSync.build/PumpSync-generated-files.hmap

WriteAuxiliaryFile /tmp/pumpsync-remediation-runtime-build/Build/Intermediates.noindex/PumpSync.build/Debug-iphonesimulator/PumpSync.build/PumpSync-all-target-headers.hmap (in target 'PumpSync' from project 'PumpSync')
    cd /tmp/pumpsync-ui-audit-harness
    write-file /tmp/pumpsync-remediation-runtime-build/Build/Intermediates.noindex/PumpSync.build/Debug-iphonesimulator/PumpSync.build/PumpSync-all-target-headers.hmap

WriteAuxiliaryFile /tmp/pumpsync-remediation-runtime-build/Build/Intermediates.noindex/PumpSync.build/Debug-iphonesimulator/PumpSync.build/PumpSync-all-non-framework-target-headers.hmap (in target 'PumpSync' from project 'PumpSync')
    cd /tmp/pumpsync-ui-audit-harness
    write-file /tmp/pumpsync-remediation-runtime-build/Build/Intermediates.noindex/PumpSync.build/Debug-iphonesimulator/PumpSync.build/PumpSync-all-non-framework-target-headers.hmap

WriteAuxiliaryFile /tmp/pumpsync-remediation-runtime-build/Build/Intermediates.noindex/PumpSync.build/Debug-iphonesimulator/PumpSync.build/PumpSync-DebugDylibPath-normal-arm64.txt (in target 'PumpSync' from project 'PumpSync')
    cd /tmp/pumpsync-ui-audit-harness
    write-file /tmp/pumpsync-remediation-runtime-build/Build/Intermediates.noindex/PumpSync.build/Debug-iphonesimulator/PumpSync.build/PumpSync-DebugDylibPath-normal-arm64.txt

WriteAuxiliaryFile /tmp/pumpsync-remediation-runtime-build/Build/Intermediates.noindex/PumpSync.build/Debug-iphonesimulator/PumpSync.build/PumpSync-DebugDylibInstallName-normal-arm64.txt (in target 'PumpSync' from project 'PumpSync')
    cd /tmp/pumpsync-ui-audit-harness
    write-file /tmp/pumpsync-remediation-runtime-build/Build/Intermediates.noindex/PumpSync.build/Debug-iphonesimulator/PumpSync.build/PumpSync-DebugDylibInstallName-normal-arm64.txt

WriteAuxiliaryFile /tmp/pumpsync-remediation-runtime-build/Build/Intermediates.noindex/PumpSync.build/Debug-iphonesimulator/PumpSync.build/Objects-normal/arm64/PumpSync_const_extract_protocols.json (in target 'PumpSync' from project 'PumpSync')
    cd /tmp/pumpsync-ui-audit-harness
    write-file /tmp/pumpsync-remediation-runtime-build/Build/Intermediates.noindex/PumpSync.build/Debug-iphonesimulator/PumpSync.build/Objects-normal/arm64/PumpSync_const_extract_protocols.json

WriteAuxiliaryFile /tmp/pumpsync-remediation-runtime-build/Build/Intermediates.noindex/PumpSync.build/Debug-iphonesimulator/PumpSync.build/Objects-normal/arm64/PumpSync.SwiftFileList (in target 'PumpSync' from project 'PumpSync')
    cd /tmp/pumpsync-ui-audit-harness
    write-file /tmp/pumpsync-remediation-runtime-build/Build/Intermediates.noindex/PumpSync.build/Debug-iphonesimulator/PumpSync.build/Objects-normal/arm64/PumpSync.SwiftFileList

WriteAuxiliaryFile /tmp/pumpsync-remediation-runtime-build/Build/Intermediates.noindex/PumpSync.build/Debug-iphonesimulator/PumpSync.build/Objects-normal/arm64/PumpSync.SwiftConstValuesFileList (in target 'PumpSync' from project 'PumpSync')
    cd /tmp/pumpsync-ui-audit-harness
    write-file /tmp/pumpsync-remediation-runtime-build/Build/Intermediates.noindex/PumpSync.build/Debug-iphonesimulator/PumpSync.build/Objects-normal/arm64/PumpSync.SwiftConstValuesFileList

WriteAuxiliaryFile /tmp/pumpsync-remediation-runtime-build/Build/Intermediates.noindex/PumpSync.build/Debug-iphonesimulator/PumpSync.build/Objects-normal/arm64/PumpSync.LinkFileList (in target 'PumpSync' from project 'PumpSync')
    cd /tmp/pumpsync-ui-audit-harness
    write-file /tmp/pumpsync-remediation-runtime-build/Build/Intermediates.noindex/PumpSync.build/Debug-iphonesimulator/PumpSync.build/Objects-normal/arm64/PumpSync.LinkFileList

WriteAuxiliaryFile /tmp/pumpsync-remediation-runtime-build/Build/Intermediates.noindex/PumpSync.build/Debug-iphonesimulator/PumpSync.build/Objects-normal/arm64/PumpSync-OutputFileMap.json (in target 'PumpSync' from project 'PumpSync')
    cd /tmp/pumpsync-ui-audit-harness
    write-file /tmp/pumpsync-remediation-runtime-build/Build/Intermediates.noindex/PumpSync.build/Debug-iphonesimulator/PumpSync.build/Objects-normal/arm64/PumpSync-OutputFileMap.json

WriteAuxiliaryFile /tmp/pumpsync-remediation-runtime-build/Build/Intermediates.noindex/PumpSync.build/Debug-iphonesimulator/PumpSync.build/DerivedSources/Entitlements-Simulated.plist (in target 'PumpSync' from project 'PumpSync')
    cd /tmp/pumpsync-ui-audit-harness
    write-file /tmp/pumpsync-remediation-runtime-build/Build/Intermediates.noindex/PumpSync.build/Debug-iphonesimulator/PumpSync.build/DerivedSources/Entitlements-Simulated.plist

MkDir /tmp/pumpsync-remediation-runtime-build/Build/Products/Debug-iphonesimulator/PumpSync.app/PlugIns (in target 'PumpSync' from project 'PumpSync')
    cd /tmp/pumpsync-ui-audit-harness
    /bin/mkdir -p /tmp/pumpsync-remediation-runtime-build/Build/Products/Debug-iphonesimulator/PumpSync.app/PlugIns

MkDir /tmp/pumpsync-remediation-runtime-build/Build/Products/Debug-iphonesimulator/PumpSync.app/PlugIns/PumpSyncTests.xctest (in target 'PumpSyncTests' from project 'PumpSync')
    cd /tmp/pumpsync-ui-audit-harness
    /bin/mkdir -p /tmp/pumpsync-remediation-runtime-build/Build/Products/Debug-iphonesimulator/PumpSync.app/PlugIns/PumpSyncTests.xctest

MkDir /tmp/pumpsync-remediation-runtime-build/Build/Products/Debug-iphonesimulator/PumpSync.app (in target 'PumpSync' from project 'PumpSync')
    cd /tmp/pumpsync-ui-audit-harness
    /bin/mkdir -p /tmp/pumpsync-remediation-runtime-build/Build/Products/Debug-iphonesimulator/PumpSync.app

MkDir /tmp/pumpsync-remediation-runtime-build/Build/Products/Debug-iphonesimulator/PumpSyncUITests-Runner.app/PlugIns/PumpSyncUITests.xctest (in target 'PumpSyncUITests' from project 'PumpSync')
    cd /tmp/pumpsync-ui-audit-harness
    /bin/mkdir -p /tmp/pumpsync-remediation-runtime-build/Build/Products/Debug-iphonesimulator/PumpSyncUITests-Runner.app/PlugIns/PumpSyncUITests.xctest

ProcessProductPackaging /tmp/pumpsync-ui-audit-harness/PumpSync/PumpSync.entitlements /tmp/pumpsync-remediation-runtime-build/Build/Intermediates.noindex/PumpSync.build/Debug-iphonesimulator/PumpSync.build/PumpSync.app.xcent (in target 'PumpSync' from project 'PumpSync')
    cd /tmp/pumpsync-ui-audit-harness

    Entitlements:

    {
}

    builtin-productPackagingUtility /tmp/pumpsync-ui-audit-harness/PumpSync/PumpSync.entitlements -entitlements -format xml -o /tmp/pumpsync-remediation-runtime-build/Build/Intermediates.noindex/PumpSync.build/Debug-iphonesimulator/PumpSync.build/PumpSync.app.xcent

ProcessProductPackaging /tmp/pumpsync-ui-audit-harness/PumpSync/PumpSync.entitlements /tmp/pumpsync-remediation-runtime-build/Build/Intermediates.noindex/PumpSync.build/Debug-iphonesimulator/PumpSync.build/PumpSync.app-Simulated.xcent (in target 'PumpSync' from project 'PumpSync')
    cd /tmp/pumpsync-ui-audit-harness

    Entitlements:

    {
    "application-identifier" = "QS3GC3CT43.dev.ericslutz.PumpSync";
    "com.apple.developer.devicecheck.appattest-environment" = development;
    "com.apple.developer.healthkit" = 1;
}

    builtin-productPackagingUtility /tmp/pumpsync-ui-audit-harness/PumpSync/PumpSync.entitlements -entitlements -format xml -o /tmp/pumpsync-remediation-runtime-build/Build/Intermediates.noindex/PumpSync.build/Debug-iphonesimulator/PumpSync.build/PumpSync.app-Simulated.xcent

ProcessProductPackagingDER /tmp/pumpsync-remediation-runtime-build/Build/Intermediates.noindex/PumpSync.build/Debug-iphonesimulator/PumpSync.build/PumpSync.app.xcent /tmp/pumpsync-remediation-runtime-build/Build/Intermediates.noindex/PumpSync.build/Debug-iphonesimulator/PumpSync.build/PumpSync.app.xcent.der (in target 'PumpSync' from project 'PumpSync')
    cd /tmp/pumpsync-ui-audit-harness
    /usr/bin/derq query -f xml -i /tmp/pumpsync-remediation-runtime-build/Build/Intermediates.noindex/PumpSync.build/Debug-iphonesimulator/PumpSync.build/PumpSync.app.xcent -o /tmp/pumpsync-remediation-runtime-build/Build/Intermediates.noindex/PumpSync.build/Debug-iphonesimulator/PumpSync.build/PumpSync.app.xcent.der --raw

ProcessProductPackagingDER /tmp/pumpsync-remediation-runtime-build/Build/Intermediates.noindex/PumpSync.build/Debug-iphonesimulator/PumpSync.build/PumpSync.app-Simulated.xcent /tmp/pumpsync-remediation-runtime-build/Build/Intermediates.noindex/PumpSync.build/Debug-iphonesimulator/PumpSync.build/PumpSync.app-Simulated.xcent.der (in target 'PumpSync' from project 'PumpSync')
    cd /tmp/pumpsync-ui-audit-harness
    /usr/bin/derq query -f xml -i /tmp/pumpsync-remediation-runtime-build/Build/Intermediates.noindex/PumpSync.build/Debug-iphonesimulator/PumpSync.build/PumpSync.app-Simulated.xcent -o /tmp/pumpsync-remediation-runtime-build/Build/Intermediates.noindex/PumpSync.build/Debug-iphonesimulator/PumpSync.build/PumpSync.app-Simulated.xcent.der --raw

Ld /tmp/pumpsync-remediation-runtime-build/Build/Products/Debug-iphonesimulator/PumpSync.app/__preview.dylib normal (in target 'PumpSync' from project 'PumpSync')
    cd /tmp/pumpsync-ui-audit-harness
    /Applications/Development/Xcode.app/Contents/Developer/Toolchains/XcodeDefault.xctoolchain/usr/bin/clang -Xlinker -reproducible -target arm64-apple-ios26.0-simulator -dynamiclib -isysroot /Applications/Development/Xcode.app/Contents/Developer/Platforms/iPhoneSimulator.platform/Developer/SDKs/iPhoneSimulator27.0.sdk -O0 -Xlinker -no_warn_duplicate_libraries -L/tmp/pumpsync-remediation-runtime-build/Build/Products/Debug-iphonesimulator -F/tmp/pumpsync-remediation-runtime-build/Build/Products/Debug-iphonesimulator -install_name @rpath/PumpSync.debug.dylib -Xlinker -dead_strip -rdynamic -Xlinker -no_deduplicate -Xlinker -objc_abi_version -Xlinker 2 -Xlinker -dependency_info -Xlinker /tmp/pumpsync-remediation-runtime-build/Build/Intermediates.noindex/PumpSync.build/Debug-iphonesimulator/PumpSync.build/Objects-normal/arm64/PumpSync_dependency_info.dat -Xlinker -sectcreate -Xlinker __TEXT -Xlinker __entitlements -Xlinker /tmp/pumpsync-remediation-runtime-build/Build/Intermediates.noindex/PumpSync.build/Debug-iphonesimulator/PumpSync.build/PumpSync.app-Simulated.xcent -Xlinker -sectcreate -Xlinker __TEXT -Xlinker __ents_der -Xlinker /tmp/pumpsync-remediation-runtime-build/Build/Intermediates.noindex/PumpSync.build/Debug-iphonesimulator/PumpSync.build/PumpSync.app-Simulated.xcent.der -Xlinker -no_adhoc_codesign -o /tmp/pumpsync-remediation-runtime-build/Build/Products/Debug-iphonesimulator/PumpSync.app/__preview.dylib

MkDir /tmp/pumpsync-remediation-runtime-build/Build/Intermediates.noindex/PumpSync.build/Debug-iphonesimulator/PumpSync.build/assetcatalog_output/thinned (in target 'PumpSync' from project 'PumpSync')
    cd /tmp/pumpsync-ui-audit-harness
    /bin/mkdir -p /tmp/pumpsync-remediation-runtime-build/Build/Intermediates.noindex/PumpSync.build/Debug-iphonesimulator/PumpSync.build/assetcatalog_output/thinned

GenerateAssetSymbols /tmp/pumpsync-ui-audit-harness/PumpSync/Resources/Assets.xcassets (in target 'PumpSync' from project 'PumpSync')
    cd /tmp/pumpsync-ui-audit-harness
    /Applications/Development/Xcode.app/Contents/Developer/usr/bin/actool /tmp/pumpsync-ui-audit-harness/PumpSync/Resources/Assets.xcassets --compile /tmp/pumpsync-remediation-runtime-build/Build/Products/Debug-iphonesimulator/PumpSync.app --output-format human-readable-text --notices --warnings --export-dependency-info /tmp/pumpsync-remediation-runtime-build/Build/Intermediates.noindex/PumpSync.build/Debug-iphonesimulator/PumpSync.build/assetcatalog_dependencies --output-partial-info-plist /tmp/pumpsync-remediation-runtime-build/Build/Intermediates.noindex/PumpSync.build/Debug-iphonesimulator/PumpSync.build/assetcatalog_generated_info.plist --app-icon AppIcon --compress-pngs --enable-on-demand-resources YES --development-region en --target-device iphone --target-device ipad --minimum-deployment-target 26.0 --platform iphonesimulator --bundle-identifier dev.ericslutz.PumpSync --generate-swift-asset-symbol-extensions NO --generate-swift-asset-symbols /tmp/pumpsync-remediation-runtime-build/Build/Intermediates.noindex/PumpSync.build/Debug-iphonesimulator/PumpSync.build/DerivedSources/GeneratedAssetSymbols.swift --generate-objc-asset-symbols /tmp/pumpsync-remediation-runtime-build/Build/Intermediates.noindex/PumpSync.build/Debug-iphonesimulator/PumpSync.build/DerivedSources/GeneratedAssetSymbols.h --generate-asset-symbol-index /tmp/pumpsync-remediation-runtime-build/Build/Intermediates.noindex/PumpSync.build/Debug-iphonesimulator/PumpSync.build/DerivedSources/GeneratedAssetSymbols-Index.plist
/* com.apple.actool.compilation-results */
/tmp/pumpsync-remediation-runtime-build/Build/Intermediates.noindex/PumpSync.build/Debug-iphonesimulator/PumpSync.build/DerivedSources/GeneratedAssetSymbols-Index.plist
/tmp/pumpsync-remediation-runtime-build/Build/Intermediates.noindex/PumpSync.build/Debug-iphonesimulator/PumpSync.build/DerivedSources/GeneratedAssetSymbols.h
/tmp/pumpsync-remediation-runtime-build/Build/Intermediates.noindex/PumpSync.build/Debug-iphonesimulator/PumpSync.build/DerivedSources/GeneratedAssetSymbols.swift


MkDir /tmp/pumpsync-remediation-runtime-build/Build/Intermediates.noindex/PumpSync.build/Debug-iphonesimulator/PumpSync.build/assetcatalog_output/unthinned (in target 'PumpSync' from project 'PumpSync')
    cd /tmp/pumpsync-ui-audit-harness
    /bin/mkdir -p /tmp/pumpsync-remediation-runtime-build/Build/Intermediates.noindex/PumpSync.build/Debug-iphonesimulator/PumpSync.build/assetcatalog_output/unthinned

CompileAssetCatalogVariant thinned /tmp/pumpsync-remediation-runtime-build/Build/Products/Debug-iphonesimulator/PumpSync.app /tmp/pumpsync-ui-audit-harness/PumpSync/Resources/Assets.xcassets (in target 'PumpSync' from project 'PumpSync')
    cd /tmp/pumpsync-ui-audit-harness
    /Applications/Development/Xcode.app/Contents/Developer/usr/bin/actool /tmp/pumpsync-ui-audit-harness/PumpSync/Resources/Assets.xcassets --compile /tmp/pumpsync-remediation-runtime-build/Build/Intermediates.noindex/PumpSync.build/Debug-iphonesimulator/PumpSync.build/assetcatalog_output/thinned --output-format human-readable-text --notices --warnings --export-dependency-info /tmp/pumpsync-remediation-runtime-build/Build/Intermediates.noindex/PumpSync.build/Debug-iphonesimulator/PumpSync.build/assetcatalog_dependencies_thinned --output-partial-info-plist /tmp/pumpsync-remediation-runtime-build/Build/Intermediates.noindex/PumpSync.build/Debug-iphonesimulator/PumpSync.build/assetcatalog_generated_info.plist_thinned --app-icon AppIcon --compress-pngs --enable-on-demand-resources YES --filter-for-thinning-device-configuration iPhone18,3 --filter-for-device-os-version 26.5 --development-region en --target-device iphone --target-device ipad --minimum-deployment-target 26.0 --platform iphonesimulator
/* com.apple.actool.compilation-results */
/tmp/pumpsync-remediation-runtime-build/Build/Intermediates.noindex/PumpSync.build/Debug-iphonesimulator/PumpSync.build/assetcatalog_generated_info.plist_thinned
/tmp/pumpsync-remediation-runtime-build/Build/Intermediates.noindex/PumpSync.build/Debug-iphonesimulator/PumpSync.build/assetcatalog_output/thinned/AppIcon60x60@2x.png
/tmp/pumpsync-remediation-runtime-build/Build/Intermediates.noindex/PumpSync.build/Debug-iphonesimulator/PumpSync.build/assetcatalog_output/thinned/AppIcon76x76@2x~ipad.png
/tmp/pumpsync-remediation-runtime-build/Build/Intermediates.noindex/PumpSync.build/Debug-iphonesimulator/PumpSync.build/assetcatalog_output/thinned/Assets.car


SwiftDriver PumpSync normal arm64 com.apple.xcode.tools.swift.compiler (in target 'PumpSync' from project 'PumpSync')
    cd /tmp/pumpsync-ui-audit-harness
    builtin-SwiftDriver -- /Applications/Development/Xcode.app/Contents/Developer/Toolchains/XcodeDefault.xctoolchain/usr/bin/swiftc -module-name PumpSync -Onone @/tmp/pumpsync-remediation-runtime-build/Build/Intermediates.noindex/PumpSync.build/Debug-iphonesimulator/PumpSync.build/Objects-normal/arm64/PumpSync.SwiftFileList -DDEBUG -enable-experimental-feature DebugDescriptionMacro -sdk /Applications/Development/Xcode.app/Contents/Developer/Platforms/iPhoneSimulator.platform/Developer/SDKs/iPhoneSimulator27.0.sdk -target arm64-apple-ios26.0-simulator -g -module-cache-path /tmp/pumpsync-remediation-runtime-build/ModuleCache.noindex -Xfrontend -serialize-debugging-options -enable-testing -warnings-as-errors -index-store-path /tmp/pumpsync-remediation-runtime-build/Index.noindex/DataStore -Xcc -D_LIBCPP_HARDENING_MODE\=_LIBCPP_HARDENING_MODE_DEBUG -swift-version 6 -I /tmp/pumpsync-remediation-runtime-build/Build/Products/Debug-iphonesimulator -F /tmp/pumpsync-remediation-runtime-build/Build/Products/Debug-iphonesimulator -c -j10 -enable-batch-mode -incremental -Xcc -ivfsstatcache -Xcc /tmp/pumpsync-remediation-runtime-build/SDKStatCaches.noindex/iphonesimulator27.0-24A430-8b98ade55cdca77b755c004ede0894fd.sdkstatcache -output-file-map /tmp/pumpsync-remediation-runtime-build/Build/Intermediates.noindex/PumpSync.build/Debug-iphonesimulator/PumpSync.build/Objects-normal/arm64/PumpSync-OutputFileMap.json -save-temps -no-color-diagnostics -explicit-module-build -module-cache-path /tmp/pumpsync-remediation-runtime-build/Build/Intermediates.noindex/SwiftExplicitPrecompiledModules -clang-scanner-module-cache-path /tmp/pumpsync-remediation-runtime-build/ModuleCache.noindex -sdk-module-cache-path /tmp/pumpsync-remediation-runtime-build/SDKExplicitPrecompiledModules -emit-dependencies -emit-module -emit-module-path /tmp/pumpsync-remediation-runtime-build/Build/Intermediates.noindex/PumpSync.build/Debug-iphonesimulator/PumpSync.build/Objects-normal/arm64/PumpSync.swiftmodule -serialize-diagnostics -dependency-scan-serialize-diagnostics-path /tmp/pumpsync-remediation-runtime-build/Build/Intermediates.noindex/PumpSync.build/Debug-iphonesimulator/PumpSync.build/Objects-normal/arm64/PumpSync-dependency-scan.dia -validate-clang-modules-once -clang-build-session-file /tmp/pumpsync-remediation-runtime-build/ModuleCache.noindex/Session.modulevalidation -Xcc -fmodules-prune-interval\=86400 -Xcc -fmodules-prune-after\=345600 -emit-const-values -const-gather-protocols-list /tmp/pumpsync-remediation-runtime-build/Build/Intermediates.noindex/PumpSync.build/Debug-iphonesimulator/PumpSync.build/Objects-normal/arm64/PumpSync_const_extract_protocols.json -Xcc -iquote -Xcc /tmp/pumpsync-remediation-runtime-build/Build/Intermediates.noindex/PumpSync.build/Debug-iphonesimulator/PumpSync.build/PumpSync-generated-files.hmap -Xcc -I/tmp/pumpsync-remediation-runtime-build/Build/Intermediates.noindex/PumpSync.build/Debug-iphonesimulator/PumpSync.build/PumpSync-own-target-headers.hmap -Xcc -I/tmp/pumpsync-remediation-runtime-build/Build/Intermediates.noindex/PumpSync.build/Debug-iphonesimulator/PumpSync.build/PumpSync-all-target-headers.hmap -Xcc -iquote -Xcc /tmp/pumpsync-remediation-runtime-build/Build/Intermediates.noindex/PumpSync.build/Debug-iphonesimulator/PumpSync.build/PumpSync-project-headers.hmap -Xcc -I/tmp/pumpsync-remediation-runtime-build/Build/Products/Debug-iphonesimulator/include -Xcc -I/tmp/pumpsync-remediation-runtime-build/Build/Intermediates.noindex/PumpSync.build/Debug-iphonesimulator/PumpSync.build/DerivedSources-normal/arm64 -Xcc -I/tmp/pumpsync-remediation-runtime-build/Build/Intermediates.noindex/PumpSync.build/Debug-iphonesimulator/PumpSync.build/DerivedSources/arm64 -Xcc -I/tmp/pumpsync-remediation-runtime-build/Build/Intermediates.noindex/PumpSync.build/Debug-iphonesimulator/PumpSync.build/DerivedSources -Xcc -DDEBUG\=1 -emit-objc-header -emit-objc-header-path /tmp/pumpsync-remediation-runtime-build/Build/Intermediates.noindex/PumpSync.build/Debug-iphonesimulator/PumpSync.build/Objects-normal/arm64/PumpSync-Swift.h -working-directory /tmp/pumpsync-ui-audit-harness -experimental-emit-module-separately -disable-cmo

SwiftExplicitDependencyGeneratePcm arm64 /tmp/pumpsync-remediation-runtime-build/SDKExplicitPrecompiledModules/_AvailabilityInternal-BH4MIZYUL64HN3YQ2GILLSDLL.pcm

SwiftExplicitDependencyGeneratePcm arm64 /tmp/pumpsync-remediation-runtime-build/SDKExplicitPrecompiledModules/DeveloperToolsSupport-E0H3L3FGTGRO6EWGC7BB2B1F9.pcm

SwiftExplicitDependencyGeneratePcm arm64 /tmp/pumpsync-remediation-runtime-build/SDKExplicitPrecompiledModules/ptrauth-EMRKGH96NK8YWRJ8TRVKLH2MQ.pcm

SwiftExplicitDependencyGeneratePcm arm64 /tmp/pumpsync-remediation-runtime-build/SDKExplicitPrecompiledModules/_Builtin_stddef-93K62S1YNA4TLS3GONKZ55ADP.pcm

SwiftExplicitDependencyGeneratePcm arm64 /tmp/pumpsync-remediation-runtime-build/SDKExplicitPrecompiledModules/_Builtin_stdbool-3TG5QAIZNAZ93MPQ1YGXZMEZ.pcm

SwiftExplicitDependencyGeneratePcm arm64 /tmp/pumpsync-remediation-runtime-build/SDKExplicitPrecompiledModules/_SwiftConcurrencyShims-2EFMIGX8O525B0FEF2II6FS2S.pcm

SwiftExplicitDependencyGeneratePcm arm64 /tmp/pumpsync-remediation-runtime-build/SDKExplicitPrecompiledModules/_StoreKit_SwiftUI-A8QBX9219RG1SV2C6GUABEX71.pcm

SwiftExplicitDependencyGeneratePcm arm64 /tmp/pumpsync-remediation-runtime-build/SDKExplicitPrecompiledModules/SwiftShims-EX5CB3BRSGZ43BZHYIKV328Y3.pcm

SwiftExplicitDependencyGeneratePcm arm64 /tmp/pumpsync-remediation-runtime-build/SDKExplicitPrecompiledModules/ptrcheck-6KN4OB610CD1IEC6D4V513WX6.pcm

SwiftExplicitDependencyGeneratePcm arm64 /tmp/pumpsync-remediation-runtime-build/SDKExplicitPrecompiledModules/_Builtin_stdarg-CUU5TQ5H07FXVLDT06XMLS4BI.pcm

SwiftExplicitDependencyGeneratePcm arm64 /tmp/pumpsync-remediation-runtime-build/SDKExplicitPrecompiledModules/_Builtin_float-DKVT65PIBEJU2QIBEERX1VHCP.pcm

SwiftExplicitDependencyGeneratePcm arm64 /tmp/pumpsync-remediation-runtime-build/SDKExplicitPrecompiledModules/_DarwinFoundation1-C5NRAPNYRMNX120J1SW84YRLC.pcm

SwiftExplicitDependencyGeneratePcm arm64 /tmp/pumpsync-remediation-runtime-build/SDKExplicitPrecompiledModules/ExtensionFoundation-D6LRET1HPHFIOK5AXSPON0XOM.pcm

SwiftExplicitDependencyGeneratePcm arm64 /tmp/pumpsync-remediation-runtime-build/SDKExplicitPrecompiledModules/_DarwinFoundation2-5MH395WXYZ24DF8XVQEF8QFA1.pcm

SwiftExplicitDependencyGeneratePcm arm64 /tmp/pumpsync-remediation-runtime-build/SDKExplicitPrecompiledModules/_Builtin_limits-BWX3VAF2OTTYUCXXPRSH1OXTT.pcm

SwiftExplicitDependencyGeneratePcm arm64 /tmp/pumpsync-remediation-runtime-build/SDKExplicitPrecompiledModules/_Builtin_stdint-3664UQJZHFVU6F58PU3N60YZ5.pcm

SwiftExplicitDependencyGeneratePcm arm64 /tmp/pumpsync-remediation-runtime-build/SDKExplicitPrecompiledModules/sys_types-DUU3K5J4OB8HA199N34X80J0M.pcm

SwiftExplicitDependencyGeneratePcm arm64 /tmp/pumpsync-remediation-runtime-build/SDKExplicitPrecompiledModules/_Builtin_tgmath-47KOJ43CDKA9LJ8JR32XM2PMC.pcm

SwiftExplicitDependencyGeneratePcm arm64 /tmp/pumpsync-remediation-runtime-build/SDKExplicitPrecompiledModules/string_h-B4H4FQD957L2IQK6XZ3YKNS7B.pcm

SwiftExplicitDependencyGeneratePcm arm64 /tmp/pumpsync-remediation-runtime-build/SDKExplicitPrecompiledModules/_DarwinFoundation3-8QPXIJCHJ1831DP478OQVNKAJ.pcm

SwiftExplicitDependencyGeneratePcm arm64 /tmp/pumpsync-remediation-runtime-build/SDKExplicitPrecompiledModules/_Builtin_intrinsics-9MUOSTVL2EJG7WFFRDI9RL3I6.pcm

SwiftExplicitDependencyGeneratePcm arm64 /tmp/pumpsync-remediation-runtime-build/SDKExplicitPrecompiledModules/_Builtin_stdatomic-8F5EVFLVGI70QOCCZXKO4PA85.pcm

SwiftExplicitDependencyGeneratePcm arm64 /tmp/pumpsync-remediation-runtime-build/SDKExplicitPrecompiledModules/_Builtin_inttypes-DPSKSJQT5RB45DITR95CHNUO8.pcm

SwiftExplicitDependencyGeneratePcm arm64 /tmp/pumpsync-remediation-runtime-build/SDKExplicitPrecompiledModules/Darwin-61DZYK2TS2XNNDLIQZCJXERIN.pcm

SwiftExplicitDependencyGeneratePcm arm64 /tmp/pumpsync-remediation-runtime-build/SDKExplicitPrecompiledModules/simd-74EWUANFM1VRHLU3YPILECNH0.pcm

LinkAssetCatalog /tmp/pumpsync-ui-audit-harness/PumpSync/Resources/Assets.xcassets (in target 'PumpSync' from project 'PumpSync')
    cd /tmp/pumpsync-ui-audit-harness
    builtin-linkAssetCatalog --thinned /tmp/pumpsync-remediation-runtime-build/Build/Intermediates.noindex/PumpSync.build/Debug-iphonesimulator/PumpSync.build/assetcatalog_output/thinned --thinned-dependencies /tmp/pumpsync-remediation-runtime-build/Build/Intermediates.noindex/PumpSync.build/Debug-iphonesimulator/PumpSync.build/assetcatalog_dependencies_thinned --thinned-info-plist-content /tmp/pumpsync-remediation-runtime-build/Build/Intermediates.noindex/PumpSync.build/Debug-iphonesimulator/PumpSync.build/assetcatalog_generated_info.plist_thinned --unthinned /tmp/pumpsync-remediation-runtime-build/Build/Intermediates.noindex/PumpSync.build/Debug-iphonesimulator/PumpSync.build/assetcatalog_output/unthinned --unthinned-dependencies /tmp/pumpsync-remediation-runtime-build/Build/Intermediates.noindex/PumpSync.build/Debug-iphonesimulator/PumpSync.build/assetcatalog_dependencies_unthinned --unthinned-info-plist-content /tmp/pumpsync-remediation-runtime-build/Build/Intermediates.noindex/PumpSync.build/Debug-iphonesimulator/PumpSync.build/assetcatalog_generated_info.plist_unthinned --output /tmp/pumpsync-remediation-runtime-build/Build/Products/Debug-iphonesimulator/PumpSync.app --plist-output /tmp/pumpsync-remediation-runtime-build/Build/Intermediates.noindex/PumpSync.build/Debug-iphonesimulator/PumpSync.build/assetcatalog_generated_info.plist
note: Emplaced /tmp/pumpsync-remediation-runtime-build/Build/Products/Debug-iphonesimulator/PumpSync.app/Assets.car (in target 'PumpSync' from project 'PumpSync')
note: Emplaced /tmp/pumpsync-remediation-runtime-build/Build/Products/Debug-iphonesimulator/PumpSync.app/AppIcon76x76@2x~ipad.png (in target 'PumpSync' from project 'PumpSync')
note: Emplaced /tmp/pumpsync-remediation-runtime-build/Build/Products/Debug-iphonesimulator/PumpSync.app/AppIcon60x60@2x.png (in target 'PumpSync' from project 'PumpSync')

ProcessInfoPlistFile /tmp/pumpsync-remediation-runtime-build/Build/Products/Debug-iphonesimulator/PumpSync.app/Info.plist /tmp/pumpsync-ui-audit-harness/PumpSync/Resources/Info.plist (in target 'PumpSync' from project 'PumpSync')
    cd /tmp/pumpsync-ui-audit-harness
    builtin-infoPlistUtility /tmp/pumpsync-ui-audit-harness/PumpSync/Resources/Info.plist -producttype com.apple.product-type.application -genpkginfo /tmp/pumpsync-remediation-runtime-build/Build/Products/Debug-iphonesimulator/PumpSync.app/PkgInfo -expandbuildsettings -format binary -platform iphonesimulator -additionalcontentfile /tmp/pumpsync-remediation-runtime-build/Build/Intermediates.noindex/PumpSync.build/Debug-iphonesimulator/PumpSync.build/assetcatalog_generated_info.plist -o /tmp/pumpsync-remediation-runtime-build/Build/Products/Debug-iphonesimulator/PumpSync.app/Info.plist

SwiftExplicitDependencyGeneratePcm arm64 /tmp/pumpsync-remediation-runtime-build/SDKExplicitPrecompiledModules/MachO-1OZZL6O30WHF0IQQ4FIR3TJJY.pcm

SwiftExplicitDependencyGeneratePcm arm64 /tmp/pumpsync-remediation-runtime-build/SDKExplicitPrecompiledModules/ObjectiveC-56NW8VWINIJKH45E82GUVSVZ4.pcm

SwiftExplicitDependencyGeneratePcm arm64 /tmp/pumpsync-remediation-runtime-build/SDKExplicitPrecompiledModules/Spatial-DAVGKAFTE0QIAK1IFNFQX57AR.pcm

SwiftExplicitDependencyGeneratePcm arm64 /tmp/pumpsync-remediation-runtime-build/SDKExplicitPrecompiledModules/os_object-9MZLW4V9WAU42HNLYZ08FV7XF.pcm

SwiftExplicitDependencyGeneratePcm arm64 /tmp/pumpsync-remediation-runtime-build/SDKExplicitPrecompiledModules/os_workgroup-A7E8YXVAZ1K3MN75DG4LDR8U3.pcm

SwiftExplicitDependencyGeneratePcm arm64 /tmp/pumpsync-remediation-runtime-build/SDKExplicitPrecompiledModules/Dispatch-7OX6RKNYKLBF9YV6SEPRD50TW.pcm

SwiftExplicitDependencyGeneratePcm arm64 /tmp/pumpsync-remediation-runtime-build/SDKExplicitPrecompiledModules/CoreFoundation-74W8KJD833CZV1OXR3156QSOG.pcm

SwiftExplicitDependencyGeneratePcm arm64 /tmp/pumpsync-remediation-runtime-build/SDKExplicitPrecompiledModules/XPC-1Z4UWAX8QYX9LP3CW1A3WT8ZN.pcm

SwiftExplicitDependencyGeneratePcm arm64 /tmp/pumpsync-remediation-runtime-build/SDKExplicitPrecompiledModules/dnssd-2OIAA8D7715HEDH73DTLK0YM.pcm

SwiftExplicitDependencyGeneratePcm arm64 /tmp/pumpsync-remediation-runtime-build/SDKExplicitPrecompiledModules/os-69378FKB26JB2S692QF8MUHU9.pcm

SwiftExplicitDependencyGeneratePcm arm64 /tmp/pumpsync-remediation-runtime-build/SDKExplicitPrecompiledModules/CoreAudioTypes-F2K85ZQLT57QATMQ4Z5TCMQDM.pcm

SwiftExplicitDependencyGeneratePcm arm64 /tmp/pumpsync-remediation-runtime-build/SDKExplicitPrecompiledModules/CoreGraphics-8K8SPACWYG3QU5IG40PBG25PB.pcm

SwiftExplicitDependencyGeneratePcm arm64 /tmp/pumpsync-remediation-runtime-build/SDKExplicitPrecompiledModules/CFNetwork-CCXB7Q2HP3ODA714IWD8W91TF.pcm

SwiftExplicitDependencyGeneratePcm arm64 /tmp/pumpsync-remediation-runtime-build/SDKExplicitPrecompiledModules/Security-2PLJ3YTXVP3WT925B57KMW8V4.pcm

SwiftExplicitDependencyGeneratePcm arm64 /tmp/pumpsync-remediation-runtime-build/SDKExplicitPrecompiledModules/CoreAudio-881HYEZ36OKS900D6I3RGOJ29.pcm

SwiftExplicitDependencyGeneratePcm arm64 /tmp/pumpsync-remediation-runtime-build/SDKExplicitPrecompiledModules/Foundation-1U9W2DR860G3EHAY75LIL2S9X.pcm

SwiftExplicitDependencyGeneratePcm arm64 /tmp/pumpsync-remediation-runtime-build/SDKExplicitPrecompiledModules/ImageIO-B0ZI7GIC6GRJ6CMEYDJP29XLO.pcm

SwiftExplicitDependencyGeneratePcm arm64 /tmp/pumpsync-remediation-runtime-build/SDKExplicitPrecompiledModules/CoreText-HN0AQ6FUPJ1U3A0CP9CM6KZQ.pcm

SwiftExplicitDependencyGeneratePcm arm64 /tmp/pumpsync-remediation-runtime-build/SDKExplicitPrecompiledModules/OSLog-V1UUT37HM81UF5AP53IBW8NV.pcm

SwiftExplicitDependencyGeneratePcm arm64 /tmp/pumpsync-remediation-runtime-build/SDKExplicitPrecompiledModules/IOSurface-4AI7YI0SAMYLNJQ5ZHLALW9KU.pcm

SwiftExplicitDependencyGeneratePcm arm64 /tmp/pumpsync-remediation-runtime-build/SDKExplicitPrecompiledModules/CoreData-7XDMWHNKEVJJPM9VU3J3GFEC1.pcm

SwiftExplicitDependencyGeneratePcm arm64 /tmp/pumpsync-remediation-runtime-build/SDKExplicitPrecompiledModules/RelevanceKit-C3PR9VN0GD6JH4TMRKC0NL25L.pcm

SwiftExplicitDependencyGeneratePcm arm64 /tmp/pumpsync-remediation-runtime-build/SDKExplicitPrecompiledModules/DeviceCheck-OUU4FM6N8IFFK0FYRHI8L51Q.pcm

SwiftExplicitDependencyGeneratePcm arm64 /tmp/pumpsync-remediation-runtime-build/SDKExplicitPrecompiledModules/UserNotifications-A8MSHDQI9XXXXL1INW9OSNYN2.pcm

SwiftExplicitDependencyGeneratePcm arm64 /tmp/pumpsync-remediation-runtime-build/SDKExplicitPrecompiledModules/Network-B5YCIP75QPHW70X9PXH2WQVHQ.pcm

SwiftExplicitDependencyGeneratePcm arm64 /tmp/pumpsync-remediation-runtime-build/SDKExplicitPrecompiledModules/_LocationEssentials-BETYFTYFPIW6GXWKTJLIVUKO7.pcm

SwiftExplicitDependencyGeneratePcm arm64 /tmp/pumpsync-remediation-runtime-build/SDKExplicitPrecompiledModules/StateReporting-5EC1RFE673HBJLPYAOZONO5UN.pcm

SwiftExplicitDependencyGeneratePcm arm64 /tmp/pumpsync-remediation-runtime-build/SDKExplicitPrecompiledModules/LocalAuthentication-4DAS7KTZ0L1K2AHH2WZPMOLOB.pcm

SwiftExplicitDependencyGeneratePcm arm64 /tmp/pumpsync-remediation-runtime-build/SDKExplicitPrecompiledModules/BackgroundTasks-A43L6C49GT2GAH05B1IBE04X3.pcm

SwiftExplicitDependencyGeneratePcm arm64 /tmp/pumpsync-remediation-runtime-build/SDKExplicitPrecompiledModules/OpenGLES-EE5D2U6TWZPT511T3V9801T37.pcm

SwiftExplicitDependencyGeneratePcm arm64 /tmp/pumpsync-remediation-runtime-build/SDKExplicitPrecompiledModules/Accessibility-C1HXWFJQCFTWKCB09AALR5M0W.pcm

SwiftExplicitDependencyGeneratePcm arm64 /tmp/pumpsync-remediation-runtime-build/SDKExplicitPrecompiledModules/BackgroundAssets-4HH8WBYW65FQNAAF6AIMJR0D6.pcm

SwiftExplicitDependencyGeneratePcm arm64 /tmp/pumpsync-remediation-runtime-build/SDKExplicitPrecompiledModules/CoreLocation-801SVF7FCM35H3DXAOHZ4XNEG.pcm

SwiftExplicitDependencyGeneratePcm arm64 /tmp/pumpsync-remediation-runtime-build/SDKExplicitPrecompiledModules/Symbols-2CAVWP5KUTH41CPGL2LRCSO6B.pcm

SwiftExplicitDependencyGeneratePcm arm64 /tmp/pumpsync-remediation-runtime-build/SDKExplicitPrecompiledModules/AppIntents-ISCJFZAFPWTMJMOMXWTP6JVW.pcm

SwiftExplicitDependencyGeneratePcm arm64 /tmp/pumpsync-remediation-runtime-build/SDKExplicitPrecompiledModules/CoreTransferable-785A387PY2E7YSAIYDI2WM8TU.pcm

SwiftExplicitDependencyGeneratePcm arm64 /tmp/pumpsync-remediation-runtime-build/SDKExplicitPrecompiledModules/FileProvider-9GOZNSFSLZA1HPF3VJ721RJ0T.pcm

SwiftExplicitDependencyGeneratePcm arm64 /tmp/pumpsync-remediation-runtime-build/SDKExplicitPrecompiledModules/Metal-4UDHLFTGP833UA8HG8MWPWCT8.pcm

SwiftExplicitDependencyGeneratePcm arm64 /tmp/pumpsync-remediation-runtime-build/SDKExplicitPrecompiledModules/AppIntentsTypeSupport-CHAE0RXO4RBY7V495Z0A2VF20.pcm

SwiftExplicitDependencyGeneratePcm arm64 /tmp/pumpsync-remediation-runtime-build/SDKExplicitPrecompiledModules/UIUtilities-BXAX8ZRLQXBLLFA4QO5MIQEC6.pcm

SwiftExplicitDependencyGeneratePcm arm64 /tmp/pumpsync-remediation-runtime-build/SDKExplicitPrecompiledModules/MetricKit-EASX7A9GYPOPTAWO4D8JTGTKS.pcm

SwiftExplicitDependencyGeneratePcm arm64 /tmp/pumpsync-remediation-runtime-build/SDKExplicitPrecompiledModules/DataDetection-AXZGOZWAFWSU19VN1L9ML5T11.pcm

SwiftExplicitDependencyGeneratePcm arm64 /tmp/pumpsync-remediation-runtime-build/SDKExplicitPrecompiledModules/UniformTypeIdentifiers-D35FF49RTC7V3GKMXVGBYDL8S.pcm

SwiftExplicitDependencyGeneratePcm arm64 /tmp/pumpsync-remediation-runtime-build/SDKExplicitPrecompiledModules/CoreMotion-BNQYM8ST752P6HSEUUM1XPU0D.pcm

SwiftExplicitDependencyGeneratePcm arm64 /tmp/pumpsync-remediation-runtime-build/SDKExplicitPrecompiledModules/CoreSpotlight-8DMW4FDZI2PUBO8NTTVE9Y6IJ.pcm

SwiftExplicitDependencyGeneratePcm arm64 /tmp/pumpsync-remediation-runtime-build/SDKExplicitPrecompiledModules/HealthKit-5E3NR4UG6FM0AQ41C3PLK1PEJ.pcm

SwiftExplicitDependencyGeneratePcm arm64 /tmp/pumpsync-remediation-runtime-build/SDKExplicitPrecompiledModules/CoreVideo-1JMTEPL8KB78YMKKFTWUUPAD2.pcm

SwiftExplicitDependencyGeneratePcm arm64 /tmp/pumpsync-remediation-runtime-build/SDKExplicitPrecompiledModules/CoreMedia-1KO7JXOIKFX8P9TCOJP6V8W3N.pcm

SwiftExplicitDependencyGeneratePcm arm64 /tmp/pumpsync-remediation-runtime-build/SDKExplicitPrecompiledModules/CoreImage-N6P2F4BSYQBYA48AYPMM6S1C.pcm

SwiftExplicitDependencyGeneratePcm arm64 /tmp/pumpsync-remediation-runtime-build/SDKExplicitPrecompiledModules/QuartzCore-E249NL8ZUFUZRWTR12QCDLE98.pcm

SwiftExplicitDependencyGeneratePcm arm64 /tmp/pumpsync-remediation-runtime-build/SDKExplicitPrecompiledModules/SwiftUICore-APBT0IOSDTJR48NQOKYWU550U.pcm

SwiftExplicitDependencyGeneratePcm arm64 /tmp/pumpsync-remediation-runtime-build/SDKExplicitPrecompiledModules/UIKit-7UQ87I18AX5MJ0Z61LMBSFLDN.pcm

SwiftExplicitDependencyGeneratePcm arm64 /tmp/pumpsync-remediation-runtime-build/SDKExplicitPrecompiledModules/StoreKit-4ATRBXOYHK4PQ7FAH3NCFFLAB.pcm

SwiftExplicitDependencyGeneratePcm arm64 /tmp/pumpsync-remediation-runtime-build/SDKExplicitPrecompiledModules/SwiftUI-C3DWZDNUKAE6W5NU9DE0AO1T4.pcm

SwiftEmitModule normal arm64 Emitting\ module\ for\ PumpSync (in target 'PumpSync' from project 'PumpSync')

SwiftCompile normal arm64 (in target 'PumpSync' from project 'PumpSync')
    cd /tmp/pumpsync-ui-audit-harness


SwiftCompile normal arm64 Compiling\ HealthKitService.swift,\ HealthWritePermission.swift,\ ImportedSampleLedger.swift,\ InitialImportRange.swift /tmp/pumpsync-ui-audit-harness/PumpSync/Sources/Health/HealthKitService.swift /tmp/pumpsync-ui-audit-harness/PumpSync/Sources/Health/HealthWritePermission.swift /tmp/pumpsync-ui-audit-harness/PumpSync/Sources/Storage/ImportedSampleLedger.swift /tmp/pumpsync-ui-audit-harness/PumpSync/Sources/Sync/InitialImportRange.swift (in target 'PumpSync' from project 'PumpSync')

SwiftCompile normal arm64 /tmp/pumpsync-ui-audit-harness/PumpSync/Sources/Health/HealthKitService.swift (in target 'PumpSync' from project 'PumpSync')
    cd /tmp/pumpsync-ui-audit-harness
    builtin-SwiftPerFileCompile HealthKitService.swift

SwiftCompile normal arm64 /tmp/pumpsync-ui-audit-harness/PumpSync/Sources/Health/HealthWritePermission.swift (in target 'PumpSync' from project 'PumpSync')
    cd /tmp/pumpsync-ui-audit-harness
    builtin-SwiftPerFileCompile HealthWritePermission.swift

SwiftCompile normal arm64 /tmp/pumpsync-ui-audit-harness/PumpSync/Sources/Storage/ImportedSampleLedger.swift (in target 'PumpSync' from project 'PumpSync')
    cd /tmp/pumpsync-ui-audit-harness
    builtin-SwiftPerFileCompile ImportedSampleLedger.swift

SwiftCompile normal arm64 /tmp/pumpsync-ui-audit-harness/PumpSync/Sources/Sync/InitialImportRange.swift (in target 'PumpSync' from project 'PumpSync')
    cd /tmp/pumpsync-ui-audit-harness
    builtin-SwiftPerFileCompile InitialImportRange.swift

SwiftCompile normal arm64 Compiling\ InstallStateReconciler.swift,\ MetricKitDiagnosticsCollector.swift,\ NativeDiagnosticsStore.swift,\ PrivacyView.swift /tmp/pumpsync-ui-audit-harness/PumpSync/Sources/Storage/InstallStateReconciler.swift /tmp/pumpsync-ui-audit-harness/PumpSync/Sources/App/MetricKitDiagnosticsCollector.swift /tmp/pumpsync-ui-audit-harness/PumpSync/Sources/App/NativeDiagnosticsStore.swift /tmp/pumpsync-ui-audit-harness/PumpSync/Sources/UI/PrivacyView.swift (in target 'PumpSync' from project 'PumpSync')
In flight operation:   <DVTOperationGroup: 0x74d421f480; state = AREfc>
     <IDEBuildOperationGroup: 0x74d3579980; state = AREfc>
         <DVTOperationGroup: 0x74d3579800; state = AREfc>
             <IDEXCBuildSupportCore.IDEXCBuildServiceBuildOperation:0x74d4227000:AREfc>
         <__DVTSwiftAsyncOperation: 0x74d3579e00; state = AReFc>
         <__DVTSwiftAsyncOperation: 0x74d3579b00; state = AReFc>
         <DVTOperation: 0x74d43ac8c0; state = aReFc>
         <__DVTSwiftAsyncOperation: 0x74d3579c80; state = AReFc>
         <DVTOperation: 0x74d43ac140; state = arefc>
         <__DVTSwiftAsyncOperation: 0x74d3579f80; state = AReFc>
         <DVTOperation: 0x74d43aca00; state = arefc>
         <DVTOperation: 0x74d43ac000; state = aReFc>
     <DVTOperationGroup: 0x74d421f300; state = Arefc>
         <DVTOperation: 0x74d43ae440; name = 'Remove Log If Needed', state = aRefc>
         <DVTOperationGroup: 0x74d421f180; state = ARefc>
             <DVTOperationGroup: 0x74d421f000; state = Arefc>
                 <DVTOperationGroup: 0x74d421ee80; state = ARefc>
                     <__DVTSwiftAsyncOperation: 0x74d357ba80; state = Arefc>
                     <__DVTSwiftAsyncOperation: 0x74d357bd80; state = Arefc>
                     <DVTOperation: 0x74d43adf40; state = arefc>
                     <DVTOperationGroup: 0x74d357ad00; state = Aref!c, blocking { Blocking finish to clean up test session. }>
                         <DVTOperation: 0x74d43ad900; state = aRefc>
                         <XCTHOperationGroup: 0x74d357ab80>
                             <XCTHOperationGroup: 0x74d357b300>
                                 <XCTHOperationGroup: 0x74d357b480>
                                     <XCTHOperationGroup: 0x74d357b780>{name = 'com.apple.dt.xctest.target-runner'}(Finishing blocked for reasons:
  waiting for workers to materialize
  )
                                         <XCTHOperation: 0x74d43adb80>
                                 <XCTHOperation: 0x74d43adcc0>
                     <DVTOperation: 0x74d43ae1c0; state = arefc>
                     <IDESchemeActionResultOperation: 0x74d357b600; state = Arefc>
                     <__DVTSwiftAsyncOperation: 0x74d357b900; state = ARefc>
                     <__DVTSwiftAsyncOperation: 0x74d357bc00; state = Arefc>
                     <DVTOperation: 0x74d43ade00; state = arefc>
                     <DVTOperation: 0x74d43ae080; state = arefc>
             <DVTOperation: 0x74d43ae300; state = aRefc>
         <_IDETestingFinalizeLogsOperation: 0x74d43ae580; name = 'Finalize test log', state = aref!c, blocking { waiting for test log to finish recording }>
<DVTOperationGroup: 0x74d421f480; state = AREfc> created at:
  0   -[DVTOperation init] (in DVTFoundation)
  1   -[DVTOperationGroup init] (in DVTFoundation)
  2   +[DVTOperationGroup operationGroupWithSuboperations:] (in DVTFoundation)
  3   -[IDEScheme _groupAndImposeDependenciesForOrderedOperations:] (in IDEFoundation)
  4   -[IDEScheme _executionOperationForSchemeOperationParameters:build:onlyBuild:buildParameters:title:buildLog:dontActuallyRunCommands:restorePersistedBuildResults:deviceAvailableChecker:error:actionCallbackBlock:] (in IDEFoundation)
  5   -[IDEScheme(TestSchemeAction) schemeTestActionOperationForSchemeOperationParameters:onlyBuild:buildLog:deviceAvailableChecker:buildParameters:shouldBuild:restorePersistedBuildResults:error:completionBlock:] (in IDEFoundation)
  6   -[IDEScheme buildAndActionTaskForSchemeOperationParameters:shouldBuild:onlyBuild:buildParameters:buildLog:deviceAvailableChecker:restorePersistedBuildResults:dontActuallyRunCommands:error:completionBlock:] (in IDEFoundation)
  7   -[IDEScheme schemeOperationForSchemeOperationParameters:buildLog:overridingProperties:overridingBuildConfiguration:dontActuallyRunCommands:restorePersistedBuildResults:deviceAvailableChecker:error:completionBlock:] (in IDEFoundation)
  8   -[IDEScheme schemeOperationForSchemeOperationParameters:buildLog:overridingProperties:overridingBuildConfiguration:dontActuallyRunCommands:restorePersistedBuildResults:error:completionBlock:] (in IDEFoundation)
  9   -[Xcode3CommandLineBuildTool(TestSchemeAction) buildForTestSchemeCommandWantsSkip:buildAction:isProjectBuild:title:buildLog:isMoreDestinationsPending:runDestinations:runDestination:schemeCommand:executionEnvironment:restorePersistedBuildResults:operationToEnqueue:error:] (in Xcode3Core)
 10   -[Xcode3CommandLineBuildTool doSchemeBuildWithRunDestinations:runDestinationIdx:wantsSkip:buildActionTimingSection:timingSection:buildAction:isMoreDesinationsPending:actionResultBlock:title:buildLog:executionEnvironment:restorePersistedBuildResults:operationToEnqueue:error:] (in Xcode3Core)
 11   -[Xcode3CommandLineBuildTool doBuildForBuildAction:timingSection:colorize:colorizeFailure:error:] (in Xcode3Core)
 12   -[Xcode3CommandLineBuildTool _buildWithTimingSection:] (in Xcode3Core)
 13   -[Xcode3CommandLineBuildTool run] (in Xcode3Core)
 14   XcodeBuildMain (in libxcodebuildLoader.dylib)
 15   -[XcodebuildPreIDEHandler loadXcode3ProjectSupportAndRunXcode3CommandLineBuildToolWithArguments:] (in xcodebuild)
 16   -[XcodebuildPreIDEHandler runWithArguments:] (in xcodebuild)
 17   main (in xcodebuild)
 18   start (in dyld)

<IDEBuildOperationGroup: 0x74d3579980; state = AREfc> created at:
  0   -[DVTOperation init] (in DVTFoundation)
  1   -[DVTOperationGroup init] (in DVTFoundation)
  2   -[IDEBuildOperationGroup initWithBuildOperations:otherOperations:buildLog:] (in IDEFoundation)
  3   -[IDEBuildOperationGroup initWithBuildOperations:buildLog:] (in IDEFoundation)
  4   -[IDEScheme _buildOperationGroupForSchemeOperationParameters:primaryBuildParameters:variantSpecifiers:buildLog:dontActuallyRunCommands:restorePersistedBuildResults:schemeActionRecord:error:] (in IDEFoundation)
  5   -[IDEScheme _executionOperationForSchemeOperationParameters:build:onlyBuild:buildParameters:title:buildLog:dontActuallyRunCommands:restorePersistedBuildResults:deviceAvailableChecker:error:actionCallbackBlock:] (in IDEFoundation)
  6   -[IDEScheme(TestSchemeAction) schemeTestActionOperationForSchemeOperationParameters:onlyBuild:buildLog:deviceAvailableChecker:buildParameters:shouldBuild:restorePersistedBuildResults:error:completionBlock:] (in IDEFoundation)
  7   -[IDEScheme buildAndActionTaskForSchemeOperationParameters:shouldBuild:onlyBuild:buildParameters:buildLog:deviceAvailableChecker:restorePersistedBuildResults:dontActuallyRunCommands:error:completionBlock:] (in IDEFoundation)
  8   -[IDEScheme schemeOperationForSchemeOperationParameters:buildLog:overridingProperties:overridingBuildConfiguration:dontActuallyRunCommands:restorePersistedBuildResults:deviceAvailableChecker:error:completionBlock:] (in IDEFoundation)
  9   -[IDEScheme schemeOperationForSchemeOperationParameters:buildLog:overridingProperties:overridingBuildConfiguration:dontActuallyRunCommands:restorePersistedBuildResults:error:completionBlock:] (in IDEFoundation)
 10   -[Xcode3CommandLineBuildTool(TestSchemeAction) buildForTestSchemeCommandWantsSkip:buildAction:isProjectBuild:title:buildLog:isMoreDestinationsPending:runDestinations:runDestination:schemeCommand:executionEnvironment:restorePersistedBuildResults:operationToEnqueue:error:] (in Xcode3Core)
 11   -[Xcode3CommandLineBuildTool doSchemeBuildWithRunDestinations:runDestinationIdx:wantsSkip:buildActionTimingSection:timingSection:buildAction:isMoreDesinationsPending:actionResultBlock:title:buildLog:executionEnvironment:restorePersistedBuildResults:operationToEnqueue:error:] (in Xcode3Core)
 12   -[Xcode3CommandLineBuildTool doBuildForBuildAction:timingSection:colorize:colorizeFailure:error:] (in Xcode3Core)
 13   -[Xcode3CommandLineBuildTool _buildWithTimingSection:] (in Xcode3Core)
 14   -[Xcode3CommandLineBuildTool run] (in Xcode3Core)
 15   XcodeBuildMain (in libxcodebuildLoader.dylib)
 16   -[XcodebuildPreIDEHandler loadXcode3ProjectSupportAndRunXcode3CommandLineBuildToolWithArguments:] (in xcodebuild)
 17   -[XcodebuildPreIDEHandler runWithArguments:] (in xcodebuild)
 18   main (in xcodebuild)
 19   start (in dyld)

<DVTOperationGroup: 0x74d3579800; state = AREfc> created at:
  0   -[DVTOperation init] (in DVTFoundation)
  1   -[DVTOperationGroup init] (in DVTFoundation)
  2   +[DVTOperationGroup operationGroupWithSuboperations:] (in DVTFoundation)
  3   -[IDEBuildOperationGroup initWithBuildOperations:otherOperations:buildLog:] (in IDEFoundation)
  4   -[IDEBuildOperationGroup initWithBuildOperations:buildLog:] (in IDEFoundation)
  5   -[IDEScheme _buildOperationGroupForSchemeOperationParameters:primaryBuildParameters:variantSpecifiers:buildLog:dontActuallyRunCommands:restorePersistedBuildResults:schemeActionRecord:error:] (in IDEFoundation)
  6   -[IDEScheme _executionOperationForSchemeOperationParameters:build:onlyBuild:buildParameters:title:buildLog:dontActuallyRunCommands:restorePersistedBuildResults:deviceAvailableChecker:error:actionCallbackBlock:] (in IDEFoundation)
  7   -[IDEScheme(TestSchemeAction) schemeTestActionOperationForSchemeOperationParameters:onlyBuild:buildLog:deviceAvailableChecker:buildParameters:shouldBuild:restorePersistedBuildResults:error:completionBlock:] (in IDEFoundation)
  8   -[IDEScheme buildAndActionTaskForSchemeOperationParameters:shouldBuild:onlyBuild:buildParameters:buildLog:deviceAvailableChecker:restorePersistedBuildResults:dontActuallyRunCommands:error:completionBlock:] (in IDEFoundation)
  9   -[IDEScheme schemeOperationForSchemeOperationParameters:buildLog:overridingProperties:overridingBuildConfiguration:dontActuallyRunCommands:restorePersistedBuildResults:deviceAvailableChecker:error:completionBlock:] (in IDEFoundation)
 10   -[IDEScheme schemeOperationForSchemeOperationParameters:buildLog:overridingProperties:overridingBuildConfiguration:dontActuallyRunCommands:restorePersistedBuildResults:error:completionBlock:] (in IDEFoundation)
 11   -[Xcode3CommandLineBuildTool(TestSchemeAction) buildForTestSchemeCommandWantsSkip:buildAction:isProjectBuild:title:buildLog:isMoreDestinationsPending:runDestinations:runDestination:schemeCommand:executionEnvironment:restorePersistedBuildResults:operationToEnqueue:error:] (in Xcode3Core)
 12   -[Xcode3CommandLineBuildTool doSchemeBuildWithRunDestinations:runDestinationIdx:wantsSkip:buildActionTimingSection:timingSection:buildAction:isMoreDesinationsPending:actionResultBlock:title:buildLog:executionEnvironment:restorePersistedBuildResults:operationToEnqueue:error:] (in Xcode3Core)
 13   -[Xcode3CommandLineBuildTool doBuildForBuildAction:timingSection:colorize:colorizeFailure:error:] (in Xcode3Core)
 14   -[Xcode3CommandLineBuildTool _buildWithTimingSection:] (in Xcode3Core)
 15   -[Xcode3CommandLineBuildTool run] (in Xcode3Core)
 16   XcodeBuildMain (in libxcodebuildLoader.dylib)
 17   -[XcodebuildPreIDEHandler loadXcode3ProjectSupportAndRunXcode3CommandLineBuildToolWithArguments:] (in xcodebuild)
 18   -[XcodebuildPreIDEHandler runWithArguments:] (in xcodebuild)
 19   main (in xcodebuild)
 20   start (in dyld)

<IDEXCBuildSupportCore.IDEXCBuildServiceBuildOperation:0x74d4227000:AREfc> created at:
  0   -[DVTOperation init] (in DVTFoundation)
  1   -[IDEBuildOperation initWithConfiguration:] (in IDEFoundation)
  2   IDEXCBuildServiceBuildOperation.init(configuration:) (in IDEXCBuildSupportCore)
  3   @objc IDEXCBuildServiceBuildOperation.init(configuration:) (in IDEXCBuildSupportCore)
  4   -[IDEScheme _buildOperationGroupForSchemeOperationParameters:primaryBuildParameters:variantSpecifiers:buildLog:dontActuallyRunCommands:restorePersistedBuildResults:schemeActionRecord:error:] (in IDEFoundation)
  5   -[IDEScheme _executionOperationForSchemeOperationParameters:build:onlyBuild:buildParameters:title:buildLog:dontActuallyRunCommands:restorePersistedBuildResults:deviceAvailableChecker:error:actionCallbackBlock:] (in IDEFoundation)
  6   -[IDEScheme(TestSchemeAction) schemeTestActionOperationForSchemeOperationParameters:onlyBuild:buildLog:deviceAvailableChecker:buildParameters:shouldBuild:restorePersistedBuildResults:error:completionBlock:] (in IDEFoundation)
  7   -[IDEScheme buildAndActionTaskForSchemeOperationParameters:shouldBuild:onlyBuild:buildParameters:buildLog:deviceAvailableChecker:restorePersistedBuildResults:dontActuallyRunCommands:error:completionBlock:] (in IDEFoundation)
  8   -[IDEScheme schemeOperationForSchemeOperationParameters:buildLog:overridingProperties:overridingBuildConfiguration:dontActuallyRunCommands:restorePersistedBuildResults:deviceAvailableChecker:error:completionBlock:] (in IDEFoundation)
  9   -[IDEScheme schemeOperationForSchemeOperationParameters:buildLog:overridingProperties:overridingBuildConfiguration:dontActuallyRunCommands:restorePersistedBuildResults:error:completionBlock:] (in IDEFoundation)
 10   -[Xcode3CommandLineBuildTool(TestSchemeAction) buildForTestSchemeCommandWantsSkip:buildAction:isProjectBuild:title:buildLog:isMoreDestinationsPending:runDestinations:runDestination:schemeCommand:executionEnvironment:restorePersistedBuildResults:operationToEnqueue:error:] (in Xcode3Core)
 11   -[Xcode3CommandLineBuildTool doSchemeBuildWithRunDestinations:runDestinationIdx:wantsSkip:buildActionTimingSection:timingSection:buildAction:isMoreDesinationsPending:actionResultBlock:title:buildLog:executionEnvironment:restorePersistedBuildResults:operationToEnqueue:error:] (in Xcode3Core)
 12   -[Xcode3CommandLineBuildTool doBuildForBuildAction:timingSection:colorize:colorizeFailure:error:] (in Xcode3Core)
 13   -[Xcode3CommandLineBuildTool _buildWithTimingSection:] (in Xcode3Core)
 14   -[Xcode3CommandLineBuildTool run] (in Xcode3Core)
 15   XcodeBuildMain (in libxcodebuildLoader.dylib)
 16   -[XcodebuildPreIDEHandler loadXcode3ProjectSupportAndRunXcode3CommandLineBuildToolWithArguments:] (in xcodebuild)
 17   -[XcodebuildPreIDEHandler runWithArguments:] (in xcodebuild)
 18   main (in xcodebuild)
 19   start (in dyld)

<__DVTSwiftAsyncOperation: 0x74d3579e00; state = AReFc> created at:
  0   -[DVTOperation init] (in DVTFoundation)
  1   @objc DVTAsyncOperation.init() (in DVTFoundation)
  2   static DVTOperation.awaiting(_:) (in DVTFoundation)
  3   @objc static IDESchemeAction.operationToWaitForFinishedLoadingOperation(of:) (in IDEFoundation)
  4   -[IDESchemeAction _setUpOperationsForPackageLoadingInWorkspace:handlePreActionsActivityLogSection:isCleanOperation:] (in IDEFoundation)
  5   -[IDESchemeAction setUpActionDependenciesForCorePhaseOperation:shouldRunPostActionsBlock:prePhaseEnvironmentPopulationBlock:postPhaseEnvironmentPopulationBlock:handlePreActionsActivityLogSection:handlePostActionsActivityLogSection:buildParameters:schemeActionResultOperation:error:] (in IDEFoundation)
  6   -[IDEScheme _buildOperationGroupForSchemeOperationParameters:primaryBuildParameters:variantSpecifiers:buildLog:dontActuallyRunCommands:restorePersistedBuildResults:schemeActionRecord:error:] (in IDEFoundation)
  7   -[IDEScheme _executionOperationForSchemeOperationParameters:build:onlyBuild:buildParameters:title:buildLog:dontActuallyRunCommands:restorePersistedBuildResults:deviceAvailableChecker:error:actionCallbackBlock:] (in IDEFoundation)
  8   -[IDEScheme(TestSchemeAction) schemeTestActionOperationForSchemeOperationParameters:onlyBuild:buildLog:deviceAvailableChecker:buildParameters:shouldBuild:restorePersistedBuildResults:error:completionBlock:] (in IDEFoundation)
  9   -[IDEScheme buildAndActionTaskForSchemeOperationParameters:shouldBuild:onlyBuild:buildParameters:buildLog:deviceAvailableChecker:restorePersistedBuildResults:dontActuallyRunCommands:error:completionBlock:] (in IDEFoundation)
 10   -[IDEScheme schemeOperationForSchemeOperationParameters:buildLog:overridingProperties:overridingBuildConfiguration:dontActuallyRunCommands:restorePersistedBuildResults:deviceAvailableChecker:error:completionBlock:] (in IDEFoundation)
 11   -[IDEScheme schemeOperationForSchemeOperationParameters:buildLog:overridingProperties:overridingBuildConfiguration:dontActuallyRunCommands:restorePersistedBuildResults:error:completionBlock:] (in IDEFoundation)
 12   -[Xcode3CommandLineBuildTool(TestSchemeAction) buildForTestSchemeCommandWantsSkip:buildAction:isProjectBuild:title:buildLog:isMoreDestinationsPending:runDestinations:runDestination:schemeCommand:executionEnvironment:restorePersistedBuildResults:operationToEnqueue:error:] (in Xcode3Core)
 13   -[Xcode3CommandLineBuildTool doSchemeBuildWithRunDestinations:runDestinationIdx:wantsSkip:buildActionTimingSection:timingSection:buildAction:isMoreDesinationsPending:actionResultBlock:title:buildLog:executionEnvironment:restorePersistedBuildResults:operationToEnqueue:error:] (in Xcode3Core)
 14   -[Xcode3CommandLineBuildTool doBuildForBuildAction:timingSection:colorize:colorizeFailure:error:] (in Xcode3Core)
 15   -[Xcode3CommandLineBuildTool _buildWithTimingSection:] (in Xcode3Core)
 16   -[Xcode3CommandLineBuildTool run] (in Xcode3Core)
 17   XcodeBuildMain (in libxcodebuildLoader.dylib)
 18   -[XcodebuildPreIDEHandler loadXcode3ProjectSupportAndRunXcode3CommandLineBuildToolWithArguments:] (in xcodebuild)
 19   -[XcodebuildPreIDEHandler runWithArguments:] (in xcodebuild)
 20   main (in xcodebuild)
 21   start (in dyld)

<__DVTSwiftAsyncOperation: 0x74d3579b00; state = AReFc> created at:
  0   -[DVTOperation init] (in DVTFoundation)
  1   @objc DVTAsyncOperation.init() (in DVTFoundation)
  2   static DVTOperation.awaiting(_:) (in DVTFoundation)
  3   @objc static IDESchemeAction.operationToWaitForFinishedLoadingOperation(of:) (in IDEFoundation)
  4   -[IDESchemeAction setUpActionDependenciesForCorePhaseOperation:shouldRunPostActionsBlock:prePhaseEnvironmentPopulationBlock:postPhaseEnvironmentPopulationBlock:handlePreActionsActivityLogSection:handlePostActionsActivityLogSection:buildParameters:schemeActionResultOperation:error:] (in IDEFoundation)
  5   -[IDEScheme _buildOperationGroupForSchemeOperationParameters:primaryBuildParameters:variantSpecifiers:buildLog:dontActuallyRunCommands:restorePersistedBuildResults:schemeActionRecord:error:] (in IDEFoundation)
  6   -[IDEScheme _executionOperationForSchemeOperationParameters:build:onlyBuild:buildParameters:title:buildLog:dontActuallyRunCommands:restorePersistedBuildResults:deviceAvailableChecker:error:actionCallbackBlock:] (in IDEFoundation)
  7   -[IDEScheme(TestSchemeAction) schemeTestActionOperationForSchemeOperationParameters:onlyBuild:buildLog:deviceAvailableChecker:buildParameters:shouldBuild:restorePersistedBuildResults:error:completionBlock:] (in IDEFoundation)
  8   -[IDEScheme buildAndActionTaskForSchemeOperationParameters:shouldBuild:onlyBuild:buildParameters:buildLog:deviceAvailableChecker:restorePersistedBuildResults:dontActuallyRunCommands:error:completionBlock:] (in IDEFoundation)
  9   -[IDEScheme schemeOperationForSchemeOperationParameters:buildLog:overridingProperties:overridingBuildConfiguration:dontActuallyRunCommands:restorePersistedBuildResults:deviceAvailableChecker:error:completionBlock:] (in IDEFoundation)
 10   -[IDEScheme schemeOperationForSchemeOperationParameters:buildLog:overridingProperties:overridingBuildConfiguration:dontActuallyRunCommands:restorePersistedBuildResults:error:completionBlock:] (in IDEFoundation)
 11   -[Xcode3CommandLineBuildTool(TestSchemeAction) buildForTestSchemeCommandWantsSkip:buildAction:isProjectBuild:title:buildLog:isMoreDestinationsPending:runDestinations:runDestination:schemeCommand:executionEnvironment:restorePersistedBuildResults:operationToEnqueue:error:] (in Xcode3Core)
 12   -[Xcode3CommandLineBuildTool doSchemeBuildWithRunDestinations:runDestinationIdx:wantsSkip:buildActionTimingSection:timingSection:buildAction:isMoreDesinationsPending:actionResultBlock:title:buildLog:executionEnvironment:restorePersistedBuildResults:operationToEnqueue:error:] (in Xcode3Core)
 13   -[Xcode3CommandLineBuildTool doBuildForBuildAction:timingSection:colorize:colorizeFailure:error:] (in Xcode3Core)
 14   -[Xcode3CommandLineBuildTool _buildWithTimingSection:] (in Xcode3Core)
 15   -[Xcode3CommandLineBuildTool run] (in Xcode3Core)
 16   XcodeBuildMain (in libxcodebuildLoader.dylib)
 17   -[XcodebuildPreIDEHandler loadXcode3ProjectSupportAndRunXcode3CommandLineBuildToolWithArguments:] (in xcodebuild)
 18   -[XcodebuildPreIDEHandler runWithArguments:] (in xcodebuild)
 19   main (in xcodebuild)
 20   start (in dyld)

<DVTOperation: 0x74d43ac8c0; state = aReFc> created at:
  0   -[DVTOperation init] (in DVTFoundation)
  1   +[DVTOperation(DVTConveniences) operationWithBlock:] (in DVTFoundation)
  2   -[IDESchemeAction setUpActionDependenciesForCorePhaseOperation:shouldRunPostActionsBlock:prePhaseEnvironmentPopulationBlock:postPhaseEnvironmentPopulationBlock:handlePreActionsActivityLogSection:handlePostActionsActivityLogSection:buildParameters:schemeActionResultOperation:error:] (in IDEFoundation)
  3   -[IDEScheme _buildOperationGroupForSchemeOperationParameters:primaryBuildParameters:variantSpecifiers:buildLog:dontActuallyRunCommands:restorePersistedBuildResults:schemeActionRecord:error:] (in IDEFoundation)
  4   -[IDEScheme _executionOperationForSchemeOperationParameters:build:onlyBuild:buildParameters:title:buildLog:dontActuallyRunCommands:restorePersistedBuildResults:deviceAvailableChecker:error:actionCallbackBlock:] (in IDEFoundation)
  5   -[IDEScheme(TestSchemeAction) schemeTestActionOperationForSchemeOperationParameters:onlyBuild:buildLog:deviceAvailableChecker:buildParameters:shouldBuild:restorePersistedBuildResults:error:completionBlock:] (in IDEFoundation)
  6   -[IDEScheme buildAndActionTaskForSchemeOperationParameters:shouldBuild:onlyBuild:buildParameters:buildLog:deviceAvailableChecker:restorePersistedBuildResults:dontActuallyRunCommands:error:completionBlock:] (in IDEFoundation)
  7   -[IDEScheme schemeOperationForSchemeOperationParameters:buildLog:overridingProperties:overridingBuildConfiguration:dontActuallyRunCommands:restorePersistedBuildResults:deviceAvailableChecker:error:completionBlock:] (in IDEFoundation)
  8   -[IDEScheme schemeOperationForSchemeOperationParameters:buildLog:overridingProperties:overridingBuildConfiguration:dontActuallyRunCommands:restorePersistedBuildResults:error:completionBlock:] (in IDEFoundation)
  9   -[Xcode3CommandLineBuildTool(TestSchemeAction) buildForTestSchemeCommandWantsSkip:buildAction:isProjectBuild:title:buildLog:isMoreDestinationsPending:runDestinations:runDestination:schemeCommand:executionEnvironment:restorePersistedBuildResults:operationToEnqueue:error:] (in Xcode3Core)
 10   -[Xcode3CommandLineBuildTool doSchemeBuildWithRunDestinations:runDestinationIdx:wantsSkip:buildActionTimingSection:timingSection:buildAction:isMoreDesinationsPending:actionResultBlock:title:buildLog:executionEnvironment:restorePersistedBuildResults:operationToEnqueue:error:] (in Xcode3Core)
 11   -[Xcode3CommandLineBuildTool doBuildForBuildAction:timingSection:colorize:colorizeFailure:error:] (in Xcode3Core)
 12   -[Xcode3CommandLineBuildTool _buildWithTimingSection:] (in Xcode3Core)
 13   -[Xcode3CommandLineBuildTool run] (in Xcode3Core)
 14   XcodeBuildMain (in libxcodebuildLoader.dylib)
 15   -[XcodebuildPreIDEHandler loadXcode3ProjectSupportAndRunXcode3CommandLineBuildToolWithArguments:] (in xcodebuild)
 16   -[XcodebuildPreIDEHandler runWithArguments:] (in xcodebuild)
 17   main (in xcodebuild)
 18   start (in dyld)

<__DVTSwiftAsyncOperation: 0x74d3579c80; state = AReFc> created at:
  0   -[DVTOperation init] (in DVTFoundation)
  1   @objc DVTAsyncOperation.init() (in DVTFoundation)
  2   @objc static DVTOperation.operationWithMainThreadBlock(_:) (in DVTFoundation)
  3   -[IDESchemeAction _setUpOperationsForPackageLoadingInWorkspace:handlePreActionsActivityLogSection:isCleanOperation:] (in IDEFoundation)
  4   -[IDESchemeAction setUpActionDependenciesForCorePhaseOperation:shouldRunPostActionsBlock:prePhaseEnvironmentPopulationBlock:postPhaseEnvironmentPopulationBlock:handlePreActionsActivityLogSection:handlePostActionsActivityLogSection:buildParameters:schemeActionResultOperation:error:] (in IDEFoundation)
  5   -[IDEScheme _buildOperationGroupForSchemeOperationParameters:primaryBuildParameters:variantSpecifiers:buildLog:dontActuallyRunCommands:restorePersistedBuildResults:schemeActionRecord:error:] (in IDEFoundation)
  6   -[IDEScheme _executionOperationForSchemeOperationParameters:build:onlyBuild:buildParameters:title:buildLog:dontActuallyRunCommands:restorePersistedBuildResults:deviceAvailableChecker:error:actionCallbackBlock:] (in IDEFoundation)
  7   -[IDEScheme(TestSchemeAction) schemeTestActionOperationForSchemeOperationParameters:onlyBuild:buildLog:deviceAvailableChecker:buildParameters:shouldBuild:restorePersistedBuildResults:error:completionBlock:] (in IDEFoundation)
  8   -[IDEScheme buildAndActionTaskForSchemeOperationParameters:shouldBuild:onlyBuild:buildParameters:buildLog:deviceAvailableChecker:restorePersistedBuildResults:dontActuallyRunCommands:error:completionBlock:] (in IDEFoundation)
  9   -[IDEScheme schemeOperationForSchemeOperationParameters:buildLog:overridingProperties:overridingBuildConfiguration:dontActuallyRunCommands:restorePersistedBuildResults:deviceAvailableChecker:error:completionBlock:] (in IDEFoundation)
 10   -[IDEScheme schemeOperationForSchemeOperationParameters:buildLog:overridingProperties:overridingBuildConfiguration:dontActuallyRunCommands:restorePersistedBuildResults:error:completionBlock:] (in IDEFoundation)
 11   -[Xcode3CommandLineBuildTool(TestSchemeAction) buildForTestSchemeCommandWantsSkip:buildAction:isProjectBuild:title:buildLog:isMoreDestinationsPending:runDestinations:runDestination:schemeCommand:executionEnvironment:restorePersistedBuildResults:operationToEnqueue:error:] (in Xcode3Core)
 12   -[Xcode3CommandLineBuildTool doSchemeBuildWithRunDestinations:runDestinationIdx:wantsSkip:buildActionTimingSection:timingSection:buildAction:isMoreDesinationsPending:actionResultBlock:title:buildLog:executionEnvironment:restorePersistedBuildResults:operationToEnqueue:error:] (in Xcode3Core)
 13   -[Xcode3CommandLineBuildTool doBuildForBuildAction:timingSection:colorize:colorizeFailure:error:] (in Xcode3Core)
 14   -[Xcode3CommandLineBuildTool _buildWithTimingSection:] (in Xcode3Core)
 15   -[Xcode3CommandLineBuildTool run] (in Xcode3Core)
 16   XcodeBuildMain (in libxcodebuildLoader.dylib)
 17   -[XcodebuildPreIDEHandler loadXcode3ProjectSupportAndRunXcode3CommandLineBuildToolWithArguments:] (in xcodebuild)
 18   -[XcodebuildPreIDEHandler runWithArguments:] (in xcodebuild)
 19   main (in xcodebuild)
 20   start (in dyld)

<DVTOperation: 0x74d43ac140; state = arefc> created at:
  0   -[DVTOperation init] (in DVTFoundation)
  1   +[DVTOperation(DVTConveniences) operationWithBlock:] (in DVTFoundation)
  2   -[IDESchemeAction setUpActionDependenciesForCorePhaseOperation:shouldRunPostActionsBlock:prePhaseEnvironmentPopulationBlock:postPhaseEnvironmentPopulationBlock:handlePreActionsActivityLogSection:handlePostActionsActivityLogSection:buildParameters:schemeActionResultOperation:error:] (in IDEFoundation)
  3   -[IDEScheme _buildOperationGroupForSchemeOperationParameters:primaryBuildParameters:variantSpecifiers:buildLog:dontActuallyRunCommands:restorePersistedBuildResults:schemeActionRecord:error:] (in IDEFoundation)
  4   -[IDEScheme _executionOperationForSchemeOperationParameters:build:onlyBuild:buildParameters:title:buildLog:dontActuallyRunCommands:restorePersistedBuildResults:deviceAvailableChecker:error:actionCallbackBlock:] (in IDEFoundation)
  5   -[IDEScheme(TestSchemeAction) schemeTestActionOperationForSchemeOperationParameters:onlyBuild:buildLog:deviceAvailableChecker:buildParameters:shouldBuild:restorePersistedBuildResults:error:completionBlock:] (in IDEFoundation)
  6   -[IDEScheme buildAndActionTaskForSchemeOperationParameters:shouldBuild:onlyBuild:buildParameters:buildLog:deviceAvailableChecker:restorePersistedBuildResults:dontActuallyRunCommands:error:completionBlock:] (in IDEFoundation)
  7   -[IDEScheme schemeOperationForSchemeOperationParameters:buildLog:overridingProperties:overridingBuildConfiguration:dontActuallyRunCommands:restorePersistedBuildResults:deviceAvailableChecker:error:completionBlock:] (in IDEFoundation)
  8   -[IDEScheme schemeOperationForSchemeOperationParameters:buildLog:overridingProperties:overridingBuildConfiguration:dontActuallyRunCommands:restorePersistedBuildResults:error:completionBlock:] (in IDEFoundation)
  9   -[Xcode3CommandLineBuildTool(TestSchemeAction) buildForTestSchemeCommandWantsSkip:buildAction:isProjectBuild:title:buildLog:isMoreDestinationsPending:runDestinations:runDestination:schemeCommand:executionEnvironment:restorePersistedBuildResults:operationToEnqueue:error:] (in Xcode3Core)
 10   -[Xcode3CommandLineBuildTool doSchemeBuildWithRunDestinations:runDestinationIdx:wantsSkip:buildActionTimingSection:timingSection:buildAction:isMoreDesinationsPending:actionResultBlock:title:buildLog:executionEnvironment:restorePersistedBuildResults:operationToEnqueue:error:] (in Xcode3Core)
 11   -[Xcode3CommandLineBuildTool doBuildForBuildAction:timingSection:colorize:colorizeFailure:error:] (in Xcode3Core)
 12   -[Xcode3CommandLineBuildTool _buildWithTimingSection:] (in Xcode3Core)
 13   -[Xcode3CommandLineBuildTool run] (in Xcode3Core)
 14   XcodeBuildMain (in libxcodebuildLoader.dylib)
 15   -[XcodebuildPreIDEHandler loadXcode3ProjectSupportAndRunXcode3CommandLineBuildToolWithArguments:] (in xcodebuild)
 16   -[XcodebuildPreIDEHandler runWithArguments:] (in xcodebuild)
 17   main (in xcodebuild)
 18   start (in dyld)

<__DVTSwiftAsyncOperation: 0x74d3579f80; state = AReFc> created at:
  0   -[DVTOperation init] (in DVTFoundation)
  1   @objc DVTAsyncOperation.init() (in DVTFoundation)
  2   @objc static DVTOperation.operationWithMainThreadBlock(_:) (in DVTFoundation)
  3   -[IDESchemeAction _setUpOperationsForPackageLoadingInWorkspace:handlePreActionsActivityLogSection:isCleanOperation:] (in IDEFoundation)
  4   -[IDESchemeAction setUpActionDependenciesForCorePhaseOperation:shouldRunPostActionsBlock:prePhaseEnvironmentPopulationBlock:postPhaseEnvironmentPopulationBlock:handlePreActionsActivityLogSection:handlePostActionsActivityLogSection:buildParameters:schemeActionResultOperation:error:] (in IDEFoundation)
  5   -[IDEScheme _buildOperationGroupForSchemeOperationParameters:primaryBuildParameters:variantSpecifiers:buildLog:dontActuallyRunCommands:restorePersistedBuildResults:schemeActionRecord:error:] (in IDEFoundation)
  6   -[IDEScheme _executionOperationForSchemeOperationParameters:build:onlyBuild:buildParameters:title:buildLog:dontActuallyRunCommands:restorePersistedBuildResults:deviceAvailableChecker:error:actionCallbackBlock:] (in IDEFoundation)
  7   -[IDEScheme(TestSchemeAction) schemeTestActionOperationForSchemeOperationParameters:onlyBuild:buildLog:deviceAvailableChecker:buildParameters:shouldBuild:restorePersistedBuildResults:error:completionBlock:] (in IDEFoundation)
  8   -[IDEScheme buildAndActionTaskForSchemeOperationParameters:shouldBuild:onlyBuild:buildParameters:buildLog:deviceAvailableChecker:restorePersistedBuildResults:dontActuallyRunCommands:error:completionBlock:] (in IDEFoundation)
  9   -[IDEScheme schemeOperationForSchemeOperationParameters:buildLog:overridingProperties:overridingBuildConfiguration:dontActuallyRunCommands:restorePersistedBuildResults:deviceAvailableChecker:error:completionBlock:] (in IDEFoundation)
 10   -[IDEScheme schemeOperationForSchemeOperationParameters:buildLog:overridingProperties:overridingBuildConfiguration:dontActuallyRunCommands:restorePersistedBuildResults:error:completionBlock:] (in IDEFoundation)
 11   -[Xcode3CommandLineBuildTool(TestSchemeAction) buildForTestSchemeCommandWantsSkip:buildAction:isProjectBuild:title:buildLog:isMoreDestinationsPending:runDestinations:runDestination:schemeCommand:executionEnvironment:restorePersistedBuildResults:operationToEnqueue:error:] (in Xcode3Core)
 12   -[Xcode3CommandLineBuildTool doSchemeBuildWithRunDestinations:runDestinationIdx:wantsSkip:buildActionTimingSection:timingSection:buildAction:isMoreDesinationsPending:actionResultBlock:title:buildLog:executionEnvironment:restorePersistedBuildResults:operationToEnqueue:error:] (in Xcode3Core)
 13   -[Xcode3CommandLineBuildTool doBuildForBuildAction:timingSection:colorize:colorizeFailure:error:] (in Xcode3Core)
 14   -[Xcode3CommandLineBuildTool _buildWithTimingSection:] (in Xcode3Core)
 15   -[Xcode3CommandLineBuildTool run] (in Xcode3Core)
 16   XcodeBuildMain (in libxcodebuildLoader.dylib)
 17   -[XcodebuildPreIDEHandler loadXcode3ProjectSupportAndRunXcode3CommandLineBuildToolWithArguments:] (in xcodebuild)
 18   -[XcodebuildPreIDEHandler runWithArguments:] (in xcodebuild)
 19   main (in xcodebuild)
 20   start (in dyld)

<DVTOperation: 0x74d43aca00; state = arefc> created at:
  0   -[DVTOperation init] (in DVTFoundation)
  1   +[DVTOperation(DVTConveniences) operationWithBlock:] (in DVTFoundation)
  2   -[IDESchemeAction setUpActionDependenciesForCorePhaseOperation:shouldRunPostActionsBlock:prePhaseEnvironmentPopulationBlock:postPhaseEnvironmentPopulationBlock:handlePreActionsActivityLogSection:handlePostActionsActivityLogSection:buildParameters:schemeActionResultOperation:error:] (in IDEFoundation)
  3   -[IDEScheme _buildOperationGroupForSchemeOperationParameters:primaryBuildParameters:variantSpecifiers:buildLog:dontActuallyRunCommands:restorePersistedBuildResults:schemeActionRecord:error:] (in IDEFoundation)
  4   -[IDEScheme _executionOperationForSchemeOperationParameters:build:onlyBuild:buildParameters:title:buildLog:dontActuallyRunCommands:restorePersistedBuildResults:deviceAvailableChecker:error:actionCallbackBlock:] (in IDEFoundation)
  5   -[IDEScheme(TestSchemeAction) schemeTestActionOperationForSchemeOperationParameters:onlyBuild:buildLog:deviceAvailableChecker:buildParameters:shouldBuild:restorePersistedBuildResults:error:completionBlock:] (in IDEFoundation)
  6   -[IDEScheme buildAndActionTaskForSchemeOperationParameters:shouldBuild:onlyBuild:buildParameters:buildLog:deviceAvailableChecker:restorePersistedBuildResults:dontActuallyRunCommands:error:completionBlock:] (in IDEFoundation)
  7   -[IDEScheme schemeOperationForSchemeOperationParameters:buildLog:overridingProperties:overridingBuildConfiguration:dontActuallyRunCommands:restorePersistedBuildResults:deviceAvailableChecker:error:completionBlock:] (in IDEFoundation)
  8   -[IDEScheme schemeOperationForSchemeOperationParameters:buildLog:overridingProperties:overridingBuildConfiguration:dontActuallyRunCommands:restorePersistedBuildResults:error:completionBlock:] (in IDEFoundation)
  9   -[Xcode3CommandLineBuildTool(TestSchemeAction) buildForTestSchemeCommandWantsSkip:buildAction:isProjectBuild:title:buildLog:isMoreDestinationsPending:runDestinations:runDestination:schemeCommand:executionEnvironment:restorePersistedBuildResults:operationToEnqueue:error:] (in Xcode3Core)
 10   -[Xcode3CommandLineBuildTool doSchemeBuildWithRunDestinations:runDestinationIdx:wantsSkip:buildActionTimingSection:timingSection:buildAction:isMoreDesinationsPending:actionResultBlock:title:buildLog:executionEnvironment:restorePersistedBuildResults:operationToEnqueue:error:] (in Xcode3Core)
 11   -[Xcode3CommandLineBuildTool doBuildForBuildAction:timingSection:colorize:colorizeFailure:error:] (in Xcode3Core)
 12   -[Xcode3CommandLineBuildTool _buildWithTimingSection:] (in Xcode3Core)
 13   -[Xcode3CommandLineBuildTool run] (in Xcode3Core)
 14   XcodeBuildMain (in libxcodebuildLoader.dylib)
 15   -[XcodebuildPreIDEHandler loadXcode3ProjectSupportAndRunXcode3CommandLineBuildToolWithArguments:] (in xcodebuild)
 16   -[XcodebuildPreIDEHandler runWithArguments:] (in xcodebuild)
 17   main (in xcodebuild)
 18   start (in dyld)

<DVTOperation: 0x74d43ac000; state = aReFc> created at:
  0   -[DVTOperation init] (in DVTFoundation)
  1   +[DVTOperation(DVTConveniences) operationWithBlock:] (in DVTFoundation)
  2   -[IDESchemeAction setUpActionDependenciesForCorePhaseOperation:shouldRunPostActionsBlock:prePhaseEnvironmentPopulationBlock:postPhaseEnvironmentPopulationBlock:handlePreActionsActivityLogSection:handlePostActionsActivityLogSection:buildParameters:schemeActionResultOperation:error:] (in IDEFoundation)
  3   -[IDEScheme _buildOperationGroupForSchemeOperationParameters:primaryBuildParameters:variantSpecifiers:buildLog:dontActuallyRunCommands:restorePersistedBuildResults:schemeActionRecord:error:] (in IDEFoundation)
  4   -[IDEScheme _executionOperationForSchemeOperationParameters:build:onlyBuild:buildParameters:title:buildLog:dontActuallyRunCommands:restorePersistedBuildResults:deviceAvailableChecker:error:actionCallbackBlock:] (in IDEFoundation)
  5   -[IDEScheme(TestSchemeAction) schemeTestActionOperationForSchemeOperationParameters:onlyBuild:buildLog:deviceAvailableChecker:buildParameters:shouldBuild:restorePersistedBuildResults:error:completionBlock:] (in IDEFoundation)
  6   -[IDEScheme buildAndActionTaskForSchemeOperationParameters:shouldBuild:onlyBuild:buildParameters:buildLog:deviceAvailableChecker:restorePersistedBuildResults:dontActuallyRunCommands:error:completionBlock:] (in IDEFoundation)
  7   -[IDEScheme schemeOperationForSchemeOperationParameters:buildLog:overridingProperties:overridingBuildConfiguration:dontActuallyRunCommands:restorePersistedBuildResults:deviceAvailableChecker:error:completionBlock:] (in IDEFoundation)
  8   -[IDEScheme schemeOperationForSchemeOperationParameters:buildLog:overridingProperties:overridingBuildConfiguration:dontActuallyRunCommands:restorePersistedBuildResults:error:completionBlock:] (in IDEFoundation)
  9   -[Xcode3CommandLineBuildTool(TestSchemeAction) buildForTestSchemeCommandWantsSkip:buildAction:isProjectBuild:title:buildLog:isMoreDestinationsPending:runDestinations:runDestination:schemeCommand:executionEnvironment:restorePersistedBuildResults:operationToEnqueue:error:] (in Xcode3Core)
 10   -[Xcode3CommandLineBuildTool doSchemeBuildWithRunDestinations:runDestinationIdx:wantsSkip:buildActionTimingSection:timingSection:buildAction:isMoreDesinationsPending:actionResultBlock:title:buildLog:executionEnvironment:restorePersistedBuildResults:operationToEnqueue:error:] (in Xcode3Core)
 11   -[Xcode3CommandLineBuildTool doBuildForBuildAction:timingSection:colorize:colorizeFailure:error:] (in Xcode3Core)
 12   -[Xcode3CommandLineBuildTool _buildWithTimingSection:] (in Xcode3Core)
 13   -[Xcode3CommandLineBuildTool run] (in Xcode3Core)
 14   XcodeBuildMain (in libxcodebuildLoader.dylib)
 15   -[XcodebuildPreIDEHandler loadXcode3ProjectSupportAndRunXcode3CommandLineBuildToolWithArguments:] (in xcodebuild)
 16   -[XcodebuildPreIDEHandler runWithArguments:] (in xcodebuild)
 17   main (in xcodebuild)
 18   start (in dyld)

<DVTOperationGroup: 0x74d421f300; state = Arefc> created at:
  0   -[DVTOperation init] (in DVTFoundation)
  1   -[DVTOperationGroup init] (in DVTFoundation)
  2   +[DVTOperationGroup operationGroupWithSuboperations:] (in DVTFoundation)
  3   -[IDETestSchemeAction testOperationWithSchemeOperationParameters:testManager:buildOperation:buildParameters:schemeCommand:actionRecord:testPlanRunSpecifications:deviceAvailableChecker:outError:actionCallbackBlock:] (in IDEFoundation)
  4   -[IDEScheme(TestSchemeAction) executionOperationForTestSchemeActionWithOperationParameters:command:buildOperationVariantSpecifiers:buildOperationGroup:schemeActionResult:buildParameters:shouldOnlyBuild:runDestination:orderedOperations:schemeActionRecord:deviceAvailableChecker:actionCallbackBlock:error:] (in IDEFoundation)
  5   -[IDEScheme _executionOperationForSchemeOperationParameters:build:onlyBuild:buildParameters:title:buildLog:dontActuallyRunCommands:restorePersistedBuildResults:deviceAvailableChecker:error:actionCallbackBlock:] (in IDEFoundation)
  6   -[IDEScheme(TestSchemeAction) schemeTestActionOperationForSchemeOperationParameters:onlyBuild:buildLog:deviceAvailableChecker:buildParameters:shouldBuild:restorePersistedBuildResults:error:completionBlock:] (in IDEFoundation)
  7   -[IDEScheme buildAndActionTaskForSchemeOperationParameters:shouldBuild:onlyBuild:buildParameters:buildLog:deviceAvailableChecker:restorePersistedBuildResults:dontActuallyRunCommands:error:completionBlock:] (in IDEFoundation)
  8   -[IDEScheme schemeOperationForSchemeOperationParameters:buildLog:overridingProperties:overridingBuildConfiguration:dontActuallyRunCommands:restorePersistedBuildResults:deviceAvailableChecker:error:completionBlock:] (in IDEFoundation)
  9   -[IDEScheme schemeOperationForSchemeOperationParameters:buildLog:overridingProperties:overridingBuildConfiguration:dontActuallyRunCommands:restorePersistedBuildResults:error:completionBlock:] (in IDEFoundation)
 10   -[Xcode3CommandLineBuildTool(TestSchemeAction) buildForTestSchemeCommandWantsSkip:buildAction:isProjectBuild:title:buildLog:isMoreDestinationsPending:runDestinations:runDestination:schemeCommand:executionEnvironment:restorePersistedBuildResults:operationToEnqueue:error:] (in Xcode3Core)
 11   -[Xcode3CommandLineBuildTool doSchemeBuildWithRunDestinations:runDestinationIdx:wantsSkip:buildActionTimingSection:timingSection:buildAction:isMoreDesinationsPending:actionResultBlock:title:buildLog:executionEnvironment:restorePersistedBuildResults:operationToEnqueue:error:] (in Xcode3Core)
 12   -[Xcode3CommandLineBuildTool doBuildForBuildAction:timingSection:colorize:colorizeFailure:error:] (in Xcode3Core)
 13   -[Xcode3CommandLineBuildTool _buildWithTimingSection:] (in Xcode3Core)
 14   -[Xcode3CommandLineBuildTool run] (in Xcode3Core)
 15   XcodeBuildMain (in libxcodebuildLoader.dylib)
 16   -[XcodebuildPreIDEHandler loadXcode3ProjectSupportAndRunXcode3CommandLineBuildToolWithArguments:] (in xcodebuild)
 17   -[XcodebuildPreIDEHandler runWithArguments:] (in xcodebuild)
 18   main (in xcodebuild)
 19   start (in dyld)

<DVTOperation: 0x74d43ae440; name = 'Remove Log If Needed', state = aRefc> created at:
  0   -[DVTOperation init] (in DVTFoundation)
  1   +[DVTOperation(DVTConveniences) operationWithBlock:] (in DVTFoundation)
  2   -[IDETestSchemeAction _removeLogIfNeededOperationWithLogStore:logRecord:buildOperation:] (in IDEFoundation)
  3   -[IDETestSchemeAction testOperationWithSchemeOperationParameters:testManager:buildOperation:buildParameters:schemeCommand:actionRecord:testPlanRunSpecifications:deviceAvailableChecker:outError:actionCallbackBlock:] (in IDEFoundation)
  4   -[IDEScheme(TestSchemeAction) executionOperationForTestSchemeActionWithOperationParameters:command:buildOperationVariantSpecifiers:buildOperationGroup:schemeActionResult:buildParameters:shouldOnlyBuild:runDestination:orderedOperations:schemeActionRecord:deviceAvailableChecker:actionCallbackBlock:error:] (in IDEFoundation)
  5   -[IDEScheme _executionOperationForSchemeOperationParameters:build:onlyBuild:buildParameters:title:buildLog:dontActuallyRunCommands:restorePersistedBuildResults:deviceAvailableChecker:error:actionCallbackBlock:] (in IDEFoundation)
  6   -[IDEScheme(TestSchemeAction) schemeTestActionOperationForSchemeOperationParameters:onlyBuild:buildLog:deviceAvailableChecker:buildParameters:shouldBuild:restorePersistedBuildResults:error:completionBlock:] (in IDEFoundation)
  7   -[IDEScheme buildAndActionTaskForSchemeOperationParameters:shouldBuild:onlyBuild:buildParameters:buildLog:deviceAvailableChecker:restorePersistedBuildResults:dontActuallyRunCommands:error:completionBlock:] (in IDEFoundation)
  8   -[IDEScheme schemeOperationForSchemeOperationParameters:buildLog:overridingProperties:overridingBuildConfiguration:dontActuallyRunCommands:restorePersistedBuildResults:deviceAvailableChecker:error:completionBlock:] (in IDEFoundation)
  9   -[IDEScheme schemeOperationForSchemeOperationParameters:buildLog:overridingProperties:overridingBuildConfiguration:dontActuallyRunCommands:restorePersistedBuildResults:error:completionBlock:] (in IDEFoundation)
 10   -[Xcode3CommandLineBuildTool(TestSchemeAction) buildForTestSchemeCommandWantsSkip:buildAction:isProjectBuild:title:buildLog:isMoreDestinationsPending:runDestinations:runDestination:schemeCommand:executionEnvironment:restorePersistedBuildResults:operationToEnqueue:error:] (in Xcode3Core)
 11   -[Xcode3CommandLineBuildTool doSchemeBuildWithRunDestinations:runDestinationIdx:wantsSkip:buildActionTimingSection:timingSection:buildAction:isMoreDesinationsPending:actionResultBlock:title:buildLog:executionEnvironment:restorePersistedBuildResults:operationToEnqueue:error:] (in Xcode3Core)
 12   -[Xcode3CommandLineBuildTool doBuildForBuildAction:timingSection:colorize:colorizeFailure:error:] (in Xcode3Core)
 13   -[Xcode3CommandLineBuildTool _buildWithTimingSection:] (in Xcode3Core)
 14   -[Xcode3CommandLineBuildTool run] (in Xcode3Core)
 15   XcodeBuildMain (in libxcodebuildLoader.dylib)
 16   -[XcodebuildPreIDEHandler loadXcode3ProjectSupportAndRunXcode3CommandLineBuildToolWithArguments:] (in xcodebuild)
 17   -[XcodebuildPreIDEHandler runWithArguments:] (in xcodebuild)
 18   main (in xcodebuild)
 19   start (in dyld)

<DVTOperationGroup: 0x74d421f180; state = ARefc> created at:
  0   -[DVTOperation init] (in DVTFoundation)
  1   -[DVTOperationGroup init] (in DVTFoundation)
  2   +[DVTOperationGroup operationGroupWithSuboperations:] (in DVTFoundation)
  3   -[IDETestSchemeAction testOperationWithSchemeOperationParameters:testManager:buildOperation:buildParameters:schemeCommand:actionRecord:testPlanRunSpecifications:deviceAvailableChecker:outError:actionCallbackBlock:] (in IDEFoundation)
  4   -[IDEScheme(TestSchemeAction) executionOperationForTestSchemeActionWithOperationParameters:command:buildOperationVariantSpecifiers:buildOperationGroup:schemeActionResult:buildParameters:shouldOnlyBuild:runDestination:orderedOperations:schemeActionRecord:deviceAvailableChecker:actionCallbackBlock:error:] (in IDEFoundation)
  5   -[IDEScheme _executionOperationForSchemeOperationParameters:build:onlyBuild:buildParameters:title:buildLog:dontActuallyRunCommands:restorePersistedBuildResults:deviceAvailableChecker:error:actionCallbackBlock:] (in IDEFoundation)
  6   -[IDEScheme(TestSchemeAction) schemeTestActionOperationForSchemeOperationParameters:onlyBuild:buildLog:deviceAvailableChecker:buildParameters:shouldBuild:restorePersistedBuildResults:error:completionBlock:] (in IDEFoundation)
  7   -[IDEScheme buildAndActionTaskForSchemeOperationParameters:shouldBuild:onlyBuild:buildParameters:buildLog:deviceAvailableChecker:restorePersistedBuildResults:dontActuallyRunCommands:error:completionBlock:] (in IDEFoundation)
  8   -[IDEScheme schemeOperationForSchemeOperationParameters:buildLog:overridingProperties:overridingBuildConfiguration:dontActuallyRunCommands:restorePersistedBuildResults:deviceAvailableChecker:error:completionBlock:] (in IDEFoundation)
  9   -[IDEScheme schemeOperationForSchemeOperationParameters:buildLog:overridingProperties:overridingBuildConfiguration:dontActuallyRunCommands:restorePersistedBuildResults:error:completionBlock:] (in IDEFoundation)
 10   -[Xcode3CommandLineBuildTool(TestSchemeAction) buildForTestSchemeCommandWantsSkip:buildAction:isProjectBuild:title:buildLog:isMoreDestinationsPending:runDestinations:runDestination:schemeCommand:executionEnvironment:restorePersistedBuildResults:operationToEnqueue:error:] (in Xcode3Core)
 11   -[Xcode3CommandLineBuildTool doSchemeBuildWithRunDestinations:runDestinationIdx:wantsSkip:buildActionTimingSection:timingSection:buildAction:isMoreDesinationsPending:actionResultBlock:title:buildLog:executionEnvironment:restorePersistedBuildResults:operationToEnqueue:error:] (in Xcode3Core)
 12   -[Xcode3CommandLineBuildTool doBuildForBuildAction:timingSection:colorize:colorizeFailure:error:] (in Xcode3Core)
 13   -[Xcode3CommandLineBuildTool _buildWithTimingSection:] (in Xcode3Core)
 14   -[Xcode3CommandLineBuildTool run] (in Xcode3Core)
 15   XcodeBuildMain (in libxcodebuildLoader.dylib)
 16   -[XcodebuildPreIDEHandler loadXcode3ProjectSupportAndRunXcode3CommandLineBuildToolWithArguments:] (in xcodebuild)
 17   -[XcodebuildPreIDEHandler runWithArguments:] (in xcodebuild)
 18   main (in xcodebuild)
 19   start (in dyld)

<DVTOperationGroup: 0x74d421f000; state = Arefc> created at:
  0   -[DVTOperation init] (in DVTFoundation)
  1   -[DVTOperationGroup init] (in DVTFoundation)
  2   +[DVTOperationGroup operationGroupWithSuboperations:] (in DVTFoundation)
  3   -[IDETestSchemeAction testOperationWithSchemeOperationParameters:testManager:buildOperation:buildParameters:schemeCommand:actionRecord:testPlanRunSpecifications:deviceAvailableChecker:outError:actionCallbackBlock:] (in IDEFoundation)
  4   -[IDEScheme(TestSchemeAction) executionOperationForTestSchemeActionWithOperationParameters:command:buildOperationVariantSpecifiers:buildOperationGroup:schemeActionResult:buildParameters:shouldOnlyBuild:runDestination:orderedOperations:schemeActionRecord:deviceAvailableChecker:actionCallbackBlock:error:] (in IDEFoundation)
  5   -[IDEScheme _executionOperationForSchemeOperationParameters:build:onlyBuild:buildParameters:title:buildLog:dontActuallyRunCommands:restorePersistedBuildResults:deviceAvailableChecker:error:actionCallbackBlock:] (in IDEFoundation)
  6   -[IDEScheme(TestSchemeAction) schemeTestActionOperationForSchemeOperationParameters:onlyBuild:buildLog:deviceAvailableChecker:buildParameters:shouldBuild:restorePersistedBuildResults:error:completionBlock:] (in IDEFoundation)
  7   -[IDEScheme buildAndActionTaskForSchemeOperationParameters:shouldBuild:onlyBuild:buildParameters:buildLog:deviceAvailableChecker:restorePersistedBuildResults:dontActuallyRunCommands:error:completionBlock:] (in IDEFoundation)
  8   -[IDEScheme schemeOperationForSchemeOperationParameters:buildLog:overridingProperties:overridingBuildConfiguration:dontActuallyRunCommands:restorePersistedBuildResults:deviceAvailableChecker:error:completionBlock:] (in IDEFoundation)
  9   -[IDEScheme schemeOperationForSchemeOperationParameters:buildLog:overridingProperties:overridingBuildConfiguration:dontActuallyRunCommands:restorePersistedBuildResults:error:completionBlock:] (in IDEFoundation)
 10   -[Xcode3CommandLineBuildTool(TestSchemeAction) buildForTestSchemeCommandWantsSkip:buildAction:isProjectBuild:title:buildLog:isMoreDestinationsPending:runDestinations:runDestination:schemeCommand:executionEnvironment:restorePersistedBuildResults:operationToEnqueue:error:] (in Xcode3Core)
 11   -[Xcode3CommandLineBuildTool doSchemeBuildWithRunDestinations:runDestinationIdx:wantsSkip:buildActionTimingSection:timingSection:buildAction:isMoreDesinationsPending:actionResultBlock:title:buildLog:executionEnvironment:restorePersistedBuildResults:operationToEnqueue:error:] (in Xcode3Core)
 12   -[Xcode3CommandLineBuildTool doBuildForBuildAction:timingSection:colorize:colorizeFailure:error:] (in Xcode3Core)
 13   -[Xcode3CommandLineBuildTool _buildWithTimingSection:] (in Xcode3Core)
 14   -[Xcode3CommandLineBuildTool run] (in Xcode3Core)
 15   XcodeBuildMain (in libxcodebuildLoader.dylib)
 16   -[XcodebuildPreIDEHandler loadXcode3ProjectSupportAndRunXcode3CommandLineBuildToolWithArguments:] (in xcodebuild)
 17   -[XcodebuildPreIDEHandler runWithArguments:] (in xcodebuild)
 18   main (in xcodebuild)
 19   start (in dyld)

<DVTOperationGroup: 0x74d421ee80; state = ARefc> created at:
  0   -[DVTOperation init] (in DVTFoundation)
  1   -[DVTOperationGroup init] (in DVTFoundation)
  2   +[DVTOperationGroup operationGroupWithSuboperations:] (in DVTFoundation)
  3   -[IDETestSchemeAction testOperationWithSchemeOperationParameters:testManager:buildOperation:buildParameters:schemeCommand:actionRecord:testPlanRunSpecifications:deviceAvailableChecker:outError:actionCallbackBlock:] (in IDEFoundation)
  4   -[IDEScheme(TestSchemeAction) executionOperationForTestSchemeActionWithOperationParameters:command:buildOperationVariantSpecifiers:buildOperationGroup:schemeActionResult:buildParameters:shouldOnlyBuild:runDestination:orderedOperations:schemeActionRecord:deviceAvailableChecker:actionCallbackBlock:error:] (in IDEFoundation)
  5   -[IDEScheme _executionOperationForSchemeOperationParameters:build:onlyBuild:buildParameters:title:buildLog:dontActuallyRunCommands:restorePersistedBuildResults:deviceAvailableChecker:error:actionCallbackBlock:] (in IDEFoundation)
  6   -[IDEScheme(TestSchemeAction) schemeTestActionOperationForSchemeOperationParameters:onlyBuild:buildLog:deviceAvailableChecker:buildParameters:shouldBuild:restorePersistedBuildResults:error:completionBlock:] (in IDEFoundation)
  7   -[IDEScheme buildAndActionTaskForSchemeOperationParameters:shouldBuild:onlyBuild:buildParameters:buildLog:deviceAvailableChecker:restorePersistedBuildResults:dontActuallyRunCommands:error:completionBlock:] (in IDEFoundation)
  8   -[IDEScheme schemeOperationForSchemeOperationParameters:buildLog:overridingProperties:overridingBuildConfiguration:dontActuallyRunCommands:restorePersistedBuildResults:deviceAvailableChecker:error:completionBlock:] (in IDEFoundation)
  9   -[IDEScheme schemeOperationForSchemeOperationParameters:buildLog:overridingProperties:overridingBuildConfiguration:dontActuallyRunCommands:restorePersistedBuildResults:error:completionBlock:] (in IDEFoundation)
 10   -[Xcode3CommandLineBuildTool(TestSchemeAction) buildForTestSchemeCommandWantsSkip:buildAction:isProjectBuild:title:buildLog:isMoreDestinationsPending:runDestinations:runDestination:schemeCommand:executionEnvironment:restorePersistedBuildResults:operationToEnqueue:error:] (in Xcode3Core)
 11   -[Xcode3CommandLineBuildTool doSchemeBuildWithRunDestinations:runDestinationIdx:wantsSkip:buildActionTimingSection:timingSection:buildAction:isMoreDesinationsPending:actionResultBlock:title:buildLog:executionEnvironment:restorePersistedBuildResults:operationToEnqueue:error:] (in Xcode3Core)
 12   -[Xcode3CommandLineBuildTool doBuildForBuildAction:timingSection:colorize:colorizeFailure:error:] (in Xcode3Core)
 13   -[Xcode3CommandLineBuildTool _buildWithTimingSection:] (in Xcode3Core)
 14   -[Xcode3CommandLineBuildTool run] (in Xcode3Core)
 15   XcodeBuildMain (in libxcodebuildLoader.dylib)
 16   -[XcodebuildPreIDEHandler loadXcode3ProjectSupportAndRunXcode3CommandLineBuildToolWithArguments:] (in xcodebuild)
 17   -[XcodebuildPreIDEHandler runWithArguments:] (in xcodebuild)
 18   main (in xcodebuild)
 19   start (in dyld)

<__DVTSwiftAsyncOperation: 0x74d357ba80; state = Arefc> created at:
  0   -[DVTOperation init] (in DVTFoundation)
  1   @objc DVTAsyncOperation.init() (in DVTFoundation)
  2   @objc static DVTOperation.operationWithMainThreadBlock(_:) (in DVTFoundation)
  3   -[IDESchemeAction _setUpOperationsForPackageLoadingInWorkspace:handlePreActionsActivityLogSection:isCleanOperation:] (in IDEFoundation)
  4   -[IDESchemeAction setUpActionDependenciesForCorePhaseOperation:shouldRunPostActionsBlock:prePhaseEnvironmentPopulationBlock:postPhaseEnvironmentPopulationBlock:handlePreActionsActivityLogSection:handlePostActionsActivityLogSection:buildParameters:schemeActionResultOperation:error:] (in IDEFoundation)
  5   -[IDETestSchemeAction testOperationWithSchemeOperationParameters:testManager:buildOperation:buildParameters:schemeCommand:actionRecord:testPlanRunSpecifications:deviceAvailableChecker:outError:actionCallbackBlock:] (in IDEFoundation)
  6   -[IDEScheme(TestSchemeAction) executionOperationForTestSchemeActionWithOperationParameters:command:buildOperationVariantSpecifiers:buildOperationGroup:schemeActionResult:buildParameters:shouldOnlyBuild:runDestination:orderedOperations:schemeActionRecord:deviceAvailableChecker:actionCallbackBlock:error:] (in IDEFoundation)
  7   -[IDEScheme _executionOperationForSchemeOperationParameters:build:onlyBuild:buildParameters:title:buildLog:dontActuallyRunCommands:restorePersistedBuildResults:deviceAvailableChecker:error:actionCallbackBlock:] (in IDEFoundation)
  8   -[IDEScheme(TestSchemeAction) schemeTestActionOperationForSchemeOperationParameters:onlyBuild:buildLog:deviceAvailableChecker:buildParameters:shouldBuild:restorePersistedBuildResults:error:completionBlock:] (in IDEFoundation)
  9   -[IDEScheme buildAndActionTaskForSchemeOperationParameters:shouldBuild:onlyBuild:buildParameters:buildLog:deviceAvailableChecker:restorePersistedBuildResults:dontActuallyRunCommands:error:completionBlock:] (in IDEFoundation)
 10   -[IDEScheme schemeOperationForSchemeOperationParameters:buildLog:overridingProperties:overridingBuildConfiguration:dontActuallyRunCommands:restorePersistedBuildResults:deviceAvailableChecker:error:completionBlock:] (in IDEFoundation)
 11   -[IDEScheme schemeOperationForSchemeOperationParameters:buildLog:overridingProperties:overridingBuildConfiguration:dontActuallyRunCommands:restorePersistedBuildResults:error:completionBlock:] (in IDEFoundation)
 12   -[Xcode3CommandLineBuildTool(TestSchemeAction) buildForTestSchemeCommandWantsSkip:buildAction:isProjectBuild:title:buildLog:isMoreDestinationsPending:runDestinations:runDestination:schemeCommand:executionEnvironment:restorePersistedBuildResults:operationToEnqueue:error:] (in Xcode3Core)
 13   -[Xcode3CommandLineBuildTool doSchemeBuildWithRunDestinations:runDestinationIdx:wantsSkip:buildActionTimingSection:timingSection:buildAction:isMoreDesinationsPending:actionResultBlock:title:buildLog:executionEnvironment:restorePersistedBuildResults:operationToEnqueue:error:] (in Xcode3Core)
 14   -[Xcode3CommandLineBuildTool doBuildForBuildAction:timingSection:colorize:colorizeFailure:error:] (in Xcode3Core)
 15   -[Xcode3CommandLineBuildTool _buildWithTimingSection:] (in Xcode3Core)
 16   -[Xcode3CommandLineBuildTool run] (in Xcode3Core)
 17   XcodeBuildMain (in libxcodebuildLoader.dylib)
 18   -[XcodebuildPreIDEHandler loadXcode3ProjectSupportAndRunXcode3CommandLineBuildToolWithArguments:] (in xcodebuild)
 19   -[XcodebuildPreIDEHandler runWithArguments:] (in xcodebuild)
 20   main (in xcodebuild)
 21   start (in dyld)

<__DVTSwiftAsyncOperation: 0x74d357bd80; state = Arefc> created at:
  0   -[DVTOperation init] (in DVTFoundation)
  1   @objc DVTAsyncOperation.init() (in DVTFoundation)
  2   @objc static DVTOperation.operationWithMainThreadBlock(_:) (in DVTFoundation)
  3   -[IDESchemeAction _setUpOperationsForPackageLoadingInWorkspace:handlePreActionsActivityLogSection:isCleanOperation:] (in IDEFoundation)
  4   -[IDESchemeAction setUpActionDependenciesForCorePhaseOperation:shouldRunPostActionsBlock:prePhaseEnvironmentPopulationBlock:postPhaseEnvironmentPopulationBlock:handlePreActionsActivityLogSection:handlePostActionsActivityLogSection:buildParameters:schemeActionResultOperation:error:] (in IDEFoundation)
  5   -[IDETestSchemeAction testOperationWithSchemeOperationParameters:testManager:buildOperation:buildParameters:schemeCommand:actionRecord:testPlanRunSpecifications:deviceAvailableChecker:outError:actionCallbackBlock:] (in IDEFoundation)
  6   -[IDEScheme(TestSchemeAction) executionOperationForTestSchemeActionWithOperationParameters:command:buildOperationVariantSpecifiers:buildOperationGroup:schemeActionResult:buildParameters:shouldOnlyBuild:runDestination:orderedOperations:schemeActionRecord:deviceAvailableChecker:actionCallbackBlock:error:] (in IDEFoundation)
  7   -[IDEScheme _executionOperationForSchemeOperationParameters:build:onlyBuild:buildParameters:title:buildLog:dontActuallyRunCommands:restorePersistedBuildResults:deviceAvailableChecker:error:actionCallbackBlock:] (in IDEFoundation)
  8   -[IDEScheme(TestSchemeAction) schemeTestActionOperationForSchemeOperationParameters:onlyBuild:buildLog:deviceAvailableChecker:buildParameters:shouldBuild:restorePersistedBuildResults:error:completionBlock:] (in IDEFoundation)
  9   -[IDEScheme buildAndActionTaskForSchemeOperationParameters:shouldBuild:onlyBuild:buildParameters:buildLog:deviceAvailableChecker:restorePersistedBuildResults:dontActuallyRunCommands:error:completionBlock:] (in IDEFoundation)
 10   -[IDEScheme schemeOperationForSchemeOperationParameters:buildLog:overridingProperties:overridingBuildConfiguration:dontActuallyRunCommands:restorePersistedBuildResults:deviceAvailableChecker:error:completionBlock:] (in IDEFoundation)
 11   -[IDEScheme schemeOperationForSchemeOperationParameters:buildLog:overridingProperties:overridingBuildConfiguration:dontActuallyRunCommands:restorePersistedBuildResults:error:completionBlock:] (in IDEFoundation)
 12   -[Xcode3CommandLineBuildTool(TestSchemeAction) buildForTestSchemeCommandWantsSkip:buildAction:isProjectBuild:title:buildLog:isMoreDestinationsPending:runDestinations:runDestination:schemeCommand:executionEnvironment:restorePersistedBuildResults:operationToEnqueue:error:] (in Xcode3Core)
 13   -[Xcode3CommandLineBuildTool doSchemeBuildWithRunDestinations:runDestinationIdx:wantsSkip:buildActionTimingSection:timingSection:buildAction:isMoreDesinationsPending:actionResultBlock:title:buildLog:executionEnvironment:restorePersistedBuildResults:operationToEnqueue:error:] (in Xcode3Core)
 14   -[Xcode3CommandLineBuildTool doBuildForBuildAction:timingSection:colorize:colorizeFailure:error:] (in Xcode3Core)
 15   -[Xcode3CommandLineBuildTool _buildWithTimingSection:] (in Xcode3Core)
 16   -[Xcode3CommandLineBuildTool run] (in Xcode3Core)
 17   XcodeBuildMain (in libxcodebuildLoader.dylib)
 18   -[XcodebuildPreIDEHandler loadXcode3ProjectSupportAndRunXcode3CommandLineBuildToolWithArguments:] (in xcodebuild)
 19   -[XcodebuildPreIDEHandler runWithArguments:] (in xcodebuild)
 20   main (in xcodebuild)
 21   start (in dyld)

<DVTOperation: 0x74d43adf40; state = arefc> created at:
  0   -[DVTOperation init] (in DVTFoundation)
  1   +[DVTOperation(DVTConveniences) operationWithBlock:] (in DVTFoundation)
  2   -[IDESchemeAction setUpActionDependenciesForCorePhaseOperation:shouldRunPostActionsBlock:prePhaseEnvironmentPopulationBlock:postPhaseEnvironmentPopulationBlock:handlePreActionsActivityLogSection:handlePostActionsActivityLogSection:buildParameters:schemeActionResultOperation:error:] (in IDEFoundation)
  3   -[IDETestSchemeAction testOperationWithSchemeOperationParameters:testManager:buildOperation:buildParameters:schemeCommand:actionRecord:testPlanRunSpecifications:deviceAvailableChecker:outError:actionCallbackBlock:] (in IDEFoundation)
  4   -[IDEScheme(TestSchemeAction) executionOperationForTestSchemeActionWithOperationParameters:command:buildOperationVariantSpecifiers:buildOperationGroup:schemeActionResult:buildParameters:shouldOnlyBuild:runDestination:orderedOperations:schemeActionRecord:deviceAvailableChecker:actionCallbackBlock:error:] (in IDEFoundation)
  5   -[IDEScheme _executionOperationForSchemeOperationParameters:build:onlyBuild:buildParameters:title:buildLog:dontActuallyRunCommands:restorePersistedBuildResults:deviceAvailableChecker:error:actionCallbackBlock:] (in IDEFoundation)
  6   -[IDEScheme(TestSchemeAction) schemeTestActionOperationForSchemeOperationParameters:onlyBuild:buildLog:deviceAvailableChecker:buildParameters:shouldBuild:restorePersistedBuildResults:error:completionBlock:] (in IDEFoundation)
  7   -[IDEScheme buildAndActionTaskForSchemeOperationParameters:shouldBuild:onlyBuild:buildParameters:buildLog:deviceAvailableChecker:restorePersistedBuildResults:dontActuallyRunCommands:error:completionBlock:] (in IDEFoundation)
  8   -[IDEScheme schemeOperationForSchemeOperationParameters:buildLog:overridingProperties:overridingBuildConfiguration:dontActuallyRunCommands:restorePersistedBuildResults:deviceAvailableChecker:error:completionBlock:] (in IDEFoundation)
  9   -[IDEScheme schemeOperationForSchemeOperationParameters:buildLog:overridingProperties:overridingBuildConfiguration:dontActuallyRunCommands:restorePersistedBuildResults:error:completionBlock:] (in IDEFoundation)
 10   -[Xcode3CommandLineBuildTool(TestSchemeAction) buildForTestSchemeCommandWantsSkip:buildAction:isProjectBuild:title:buildLog:isMoreDestinationsPending:runDestinations:runDestination:schemeCommand:executionEnvironment:restorePersistedBuildResults:operationToEnqueue:error:] (in Xcode3Core)
 11   -[Xcode3CommandLineBuildTool doSchemeBuildWithRunDestinations:runDestinationIdx:wantsSkip:buildActionTimingSection:timingSection:buildAction:isMoreDesinationsPending:actionResultBlock:title:buildLog:executionEnvironment:restorePersistedBuildResults:operationToEnqueue:error:] (in Xcode3Core)
 12   -[Xcode3CommandLineBuildTool doBuildForBuildAction:timingSection:colorize:colorizeFailure:error:] (in Xcode3Core)
 13   -[Xcode3CommandLineBuildTool _buildWithTimingSection:] (in Xcode3Core)
 14   -[Xcode3CommandLineBuildTool run] (in Xcode3Core)
 15   XcodeBuildMain (in libxcodebuildLoader.dylib)
 16   -[XcodebuildPreIDEHandler loadXcode3ProjectSupportAndRunXcode3CommandLineBuildToolWithArguments:] (in xcodebuild)
 17   -[XcodebuildPreIDEHandler runWithArguments:] (in xcodebuild)
 18   main (in xcodebuild)
 19   start (in dyld)

<DVTOperationGroup: 0x74d357ad00; state = Aref!c> created at:
  0   -[DVTOperation init] (in DVTFoundation)
  1   -[DVTOperationGroup init] (in DVTFoundation)
  2   -[IDETestRunSession testOperationForTestRunSpecificationGroups:executionEnvironment:invocationRecord:actionRecord:schemeIdentifier:outSchemeActionResultOperation:launchParametersBlock:actionCallbackBlock:error:] (in IDEFoundation)
  3   -[IDETestManager testOperationForTestRunSpecificationGroups:executionEnvironment:runDestinationPool:invocationRecord:actionRecord:schemeIdentifier:outSchemeActionResultOperation:launchParametersBlock:actionCallbackBlock:error:] (in IDEFoundation)
  4   -[IDETestSchemeAction testOperationWithSchemeOperationParameters:testManager:buildOperation:buildParameters:schemeCommand:actionRecord:testPlanRunSpecifications:deviceAvailableChecker:outError:actionCallbackBlock:] (in IDEFoundation)
  5   -[IDEScheme(TestSchemeAction) executionOperationForTestSchemeActionWithOperationParameters:command:buildOperationVariantSpecifiers:buildOperationGroup:schemeActionResult:buildParameters:shouldOnlyBuild:runDestination:orderedOperations:schemeActionRecord:deviceAvailableChecker:actionCallbackBlock:error:] (in IDEFoundation)
  6   -[IDEScheme _executionOperationForSchemeOperationParameters:build:onlyBuild:buildParameters:title:buildLog:dontActuallyRunCommands:restorePersistedBuildResults:deviceAvailableChecker:error:actionCallbackBlock:] (in IDEFoundation)
  7   -[IDEScheme(TestSchemeAction) schemeTestActionOperationForSchemeOperationParameters:onlyBuild:buildLog:deviceAvailableChecker:buildParameters:shouldBuild:restorePersistedBuildResults:error:completionBlock:] (in IDEFoundation)
  8   -[IDEScheme buildAndActionTaskForSchemeOperationParameters:shouldBuild:onlyBuild:buildParameters:buildLog:deviceAvailableChecker:restorePersistedBuildResults:dontActuallyRunCommands:error:completionBlock:] (in IDEFoundation)
  9   -[IDEScheme schemeOperationForSchemeOperationParameters:buildLog:overridingProperties:overridingBuildConfiguration:dontActuallyRunCommands:restorePersistedBuildResults:deviceAvailableChecker:error:completionBlock:] (in IDEFoundation)
 10   -[IDEScheme schemeOperationForSchemeOperationParameters:buildLog:overridingProperties:overridingBuildConfiguration:dontActuallyRunCommands:restorePersistedBuildResults:error:completionBlock:] (in IDEFoundation)
 11   -[Xcode3CommandLineBuildTool(TestSchemeAction) buildForTestSchemeCommandWantsSkip:buildAction:isProjectBuild:title:buildLog:isMoreDestinationsPending:runDestinations:runDestination:schemeCommand:executionEnvironment:restorePersistedBuildResults:operationToEnqueue:error:] (in Xcode3Core)
 12   -[Xcode3CommandLineBuildTool doSchemeBuildWithRunDestinations:runDestinationIdx:wantsSkip:buildActionTimingSection:timingSection:buildAction:isMoreDesinationsPending:actionResultBlock:title:buildLog:executionEnvironment:restorePersistedBuildResults:operationToEnqueue:error:] (in Xcode3Core)
 13   -[Xcode3CommandLineBuildTool doBuildForBuildAction:timingSection:colorize:colorizeFailure:error:] (in Xcode3Core)
 14   -[Xcode3CommandLineBuildTool _buildWithTimingSection:] (in Xcode3Core)
 15   -[Xcode3CommandLineBuildTool run] (in Xcode3Core)
 16   XcodeBuildMain (in libxcodebuildLoader.dylib)
 17   -[XcodebuildPreIDEHandler loadXcode3ProjectSupportAndRunXcode3CommandLineBuildToolWithArguments:] (in xcodebuild)
 18   -[XcodebuildPreIDEHandler runWithArguments:] (in xcodebuild)
 19   main (in xcodebuild)
 20   start (in dyld)

<DVTOperation: 0x74d43ad900; state = aRefc> created at:
  0   -[DVTOperation init] (in DVTFoundation)
  1   +[DVTOperation(DVTConveniences) operationWithBlock:] (in DVTFoundation)
  2   -[IDETestRunSession testOperationForTestRunSpecificationGroups:executionEnvironment:invocationRecord:actionRecord:schemeIdentifier:outSchemeActionResultOperation:launchParametersBlock:actionCallbackBlock:error:] (in IDEFoundation)
  3   -[IDETestManager testOperationForTestRunSpecificationGroups:executionEnvironment:runDestinationPool:invocationRecord:actionRecord:schemeIdentifier:outSchemeActionResultOperation:launchParametersBlock:actionCallbackBlock:error:] (in IDEFoundation)
  4   -[IDETestSchemeAction testOperationWithSchemeOperationParameters:testManager:buildOperation:buildParameters:schemeCommand:actionRecord:testPlanRunSpecifications:deviceAvailableChecker:outError:actionCallbackBlock:] (in IDEFoundation)
  5   -[IDEScheme(TestSchemeAction) executionOperationForTestSchemeActionWithOperationParameters:command:buildOperationVariantSpecifiers:buildOperationGroup:schemeActionResult:buildParameters:shouldOnlyBuild:runDestination:orderedOperations:schemeActionRecord:deviceAvailableChecker:actionCallbackBlock:error:] (in IDEFoundation)
  6   -[IDEScheme _executionOperationForSchemeOperationParameters:build:onlyBuild:buildParameters:title:buildLog:dontActuallyRunCommands:restorePersistedBuildResults:deviceAvailableChecker:error:actionCallbackBlock:] (in IDEFoundation)
  7   -[IDEScheme(TestSchemeAction) schemeTestActionOperationForSchemeOperationParameters:onlyBuild:buildLog:deviceAvailableChecker:buildParameters:shouldBuild:restorePersistedBuildResults:error:completionBlock:] (in IDEFoundation)
  8   -[IDEScheme buildAndActionTaskForSchemeOperationParameters:shouldBuild:onlyBuild:buildParameters:buildLog:deviceAvailableChecker:restorePersistedBuildResults:dontActuallyRunCommands:error:completionBlock:] (in IDEFoundation)
  9   -[IDEScheme schemeOperationForSchemeOperationParameters:buildLog:overridingProperties:overridingBuildConfiguration:dontActuallyRunCommands:restorePersistedBuildResults:deviceAvailableChecker:error:completionBlock:] (in IDEFoundation)
 10   -[IDEScheme schemeOperationForSchemeOperationParameters:buildLog:overridingProperties:overridingBuildConfiguration:dontActuallyRunCommands:restorePersistedBuildResults:error:completionBlock:] (in IDEFoundation)
 11   -[Xcode3CommandLineBuildTool(TestSchemeAction) buildForTestSchemeCommandWantsSkip:buildAction:isProjectBuild:title:buildLog:isMoreDestinationsPending:runDestinations:runDestination:schemeCommand:executionEnvironment:restorePersistedBuildResults:operationToEnqueue:error:] (in Xcode3Core)
 12   -[Xcode3CommandLineBuildTool doSchemeBuildWithRunDestinations:runDestinationIdx:wantsSkip:buildActionTimingSection:timingSection:buildAction:isMoreDesinationsPending:actionResultBlock:title:buildLog:executionEnvironment:restorePersistedBuildResults:operationToEnqueue:error:] (in Xcode3Core)
 13   -[Xcode3CommandLineBuildTool doBuildForBuildAction:timingSection:colorize:colorizeFailure:error:] (in Xcode3Core)
 14   -[Xcode3CommandLineBuildTool _buildWithTimingSection:] (in Xcode3Core)
 15   -[Xcode3CommandLineBuildTool run] (in Xcode3Core)
 16   XcodeBuildMain (in libxcodebuildLoader.dylib)
 17   -[XcodebuildPreIDEHandler loadXcode3ProjectSupportAndRunXcode3CommandLineBuildToolWithArguments:] (in xcodebuild)
 18   -[XcodebuildPreIDEHandler runWithArguments:] (in xcodebuild)
 19   main (in xcodebuild)
 20   start (in dyld)

<DVTOperation: 0x74d43ae1c0; state = arefc> created at:
  0   -[DVTOperation init] (in DVTFoundation)
  1   +[DVTOperation(DVTConveniences) operationWithBlock:] (in DVTFoundation)
  2   -[IDESchemeAction setUpActionDependenciesForCorePhaseOperation:shouldRunPostActionsBlock:prePhaseEnvironmentPopulationBlock:postPhaseEnvironmentPopulationBlock:handlePreActionsActivityLogSection:handlePostActionsActivityLogSection:buildParameters:schemeActionResultOperation:error:] (in IDEFoundation)
  3   -[IDETestSchemeAction testOperationWithSchemeOperationParameters:testManager:buildOperation:buildParameters:schemeCommand:actionRecord:testPlanRunSpecifications:deviceAvailableChecker:outError:actionCallbackBlock:] (in IDEFoundation)
  4   -[IDEScheme(TestSchemeAction) executionOperationForTestSchemeActionWithOperationParameters:command:buildOperationVariantSpecifiers:buildOperationGroup:schemeActionResult:buildParameters:shouldOnlyBuild:runDestination:orderedOperations:schemeActionRecord:deviceAvailableChecker:actionCallbackBlock:error:] (in IDEFoundation)
  5   -[IDEScheme _executionOperationForSchemeOperationParameters:build:onlyBuild:buildParameters:title:buildLog:dontActuallyRunCommands:restorePersistedBuildResults:deviceAvailableChecker:error:actionCallbackBlock:] (in IDEFoundation)
  6   -[IDEScheme(TestSchemeAction) schemeTestActionOperationForSchemeOperationParameters:onlyBuild:buildLog:deviceAvailableChecker:buildParameters:shouldBuild:restorePersistedBuildResults:error:completionBlock:] (in IDEFoundation)
  7   -[IDEScheme buildAndActionTaskForSchemeOperationParameters:shouldBuild:onlyBuild:buildParameters:buildLog:deviceAvailableChecker:restorePersistedBuildResults:dontActuallyRunCommands:error:completionBlock:] (in IDEFoundation)
  8   -[IDEScheme schemeOperationForSchemeOperationParameters:buildLog:overridingProperties:overridingBuildConfiguration:dontActuallyRunCommands:restorePersistedBuildResults:deviceAvailableChecker:error:completionBlock:] (in IDEFoundation)
  9   -[IDEScheme schemeOperationForSchemeOperationParameters:buildLog:overridingProperties:overridingBuildConfiguration:dontActuallyRunCommands:restorePersistedBuildResults:error:completionBlock:] (in IDEFoundation)
 10   -[Xcode3CommandLineBuildTool(TestSchemeAction) buildForTestSchemeCommandWantsSkip:buildAction:isProjectBuild:title:buildLog:isMoreDestinationsPending:runDestinations:runDestination:schemeCommand:executionEnvironment:restorePersistedBuildResults:operationToEnqueue:error:] (in Xcode3Core)
 11   -[Xcode3CommandLineBuildTool doSchemeBuildWithRunDestinations:runDestinationIdx:wantsSkip:buildActionTimingSection:timingSection:buildAction:isMoreDesinationsPending:actionResultBlock:title:buildLog:executionEnvironment:restorePersistedBuildResults:operationToEnqueue:error:] (in Xcode3Core)
 12   -[Xcode3CommandLineBuildTool doBuildForBuildAction:timingSection:colorize:colorizeFailure:error:] (in Xcode3Core)
 13   -[Xcode3CommandLineBuildTool _buildWithTimingSection:] (in Xcode3Core)
 14   -[Xcode3CommandLineBuildTool run] (in Xcode3Core)
 15   XcodeBuildMain (in libxcodebuildLoader.dylib)
 16   -[XcodebuildPreIDEHandler loadXcode3ProjectSupportAndRunXcode3CommandLineBuildToolWithArguments:] (in xcodebuild)
 17   -[XcodebuildPreIDEHandler runWithArguments:] (in xcodebuild)
 18   main (in xcodebuild)
 19   start (in dyld)

<IDESchemeActionResultOperation: 0x74d357b600; state = Arefc> created at:
  0   -[DVTOperation init] (in DVTFoundation)
  1   +[IDESchemeActionResultOperation schemeActionResultOperationWithSchemeActionRecord:trackingExecutionOfOperation:actionCallbackBlock:schemeActionResultComputationBlock:] (in IDEFoundation)
  2   -[IDETestRunSession testOperationForTestRunSpecificationGroups:executionEnvironment:invocationRecord:actionRecord:schemeIdentifier:outSchemeActionResultOperation:launchParametersBlock:actionCallbackBlock:error:] (in IDEFoundation)
  3   -[IDETestManager testOperationForTestRunSpecificationGroups:executionEnvironment:runDestinationPool:invocationRecord:actionRecord:schemeIdentifier:outSchemeActionResultOperation:launchParametersBlock:actionCallbackBlock:error:] (in IDEFoundation)
  4   -[IDETestSchemeAction testOperationWithSchemeOperationParameters:testManager:buildOperation:buildParameters:schemeCommand:actionRecord:testPlanRunSpecifications:deviceAvailableChecker:outError:actionCallbackBlock:] (in IDEFoundation)
  5   -[IDEScheme(TestSchemeAction) executionOperationForTestSchemeActionWithOperationParameters:command:buildOperationVariantSpecifiers:buildOperationGroup:schemeActionResult:buildParameters:shouldOnlyBuild:runDestination:orderedOperations:schemeActionRecord:deviceAvailableChecker:actionCallbackBlock:error:] (in IDEFoundation)
  6   -[IDEScheme _executionOperationForSchemeOperationParameters:build:onlyBuild:buildParameters:title:buildLog:dontActuallyRunCommands:restorePersistedBuildResults:deviceAvailableChecker:error:actionCallbackBlock:] (in IDEFoundation)
  7   -[IDEScheme(TestSchemeAction) schemeTestActionOperationForSchemeOperationParameters:onlyBuild:buildLog:deviceAvailableChecker:buildParameters:shouldBuild:restorePersistedBuildResults:error:completionBlock:] (in IDEFoundation)
  8   -[IDEScheme buildAndActionTaskForSchemeOperationParameters:shouldBuild:onlyBuild:buildParameters:buildLog:deviceAvailableChecker:restorePersistedBuildResults:dontActuallyRunCommands:error:completionBlock:] (in IDEFoundation)
  9   -[IDEScheme schemeOperationForSchemeOperationParameters:buildLog:overridingProperties:overridingBuildConfiguration:dontActuallyRunCommands:restorePersistedBuildResults:deviceAvailableChecker:error:completionBlock:] (in IDEFoundation)
 10   -[IDEScheme schemeOperationForSchemeOperationParameters:buildLog:overridingProperties:overridingBuildConfiguration:dontActuallyRunCommands:restorePersistedBuildResults:error:completionBlock:] (in IDEFoundation)
 11   -[Xcode3CommandLineBuildTool(TestSchemeAction) buildForTestSchemeCommandWantsSkip:buildAction:isProjectBuild:title:buildLog:isMoreDestinationsPending:runDestinations:runDestination:schemeCommand:executionEnvironment:restorePersistedBuildResults:operationToEnqueue:error:] (in Xcode3Core)
 12   -[Xcode3CommandLineBuildTool doSchemeBuildWithRunDestinations:runDestinationIdx:wantsSkip:buildActionTimingSection:timingSection:buildAction:isMoreDesinationsPending:actionResultBlock:title:buildLog:executionEnvironment:restorePersistedBuildResults:operationToEnqueue:error:] (in Xcode3Core)
 13   -[Xcode3CommandLineBuildTool doBuildForBuildAction:timingSection:colorize:colorizeFailure:error:] (in Xcode3Core)
 14   -[Xcode3CommandLineBuildTool _buildWithTimingSection:] (in Xcode3Core)
 15   -[Xcode3CommandLineBuildTool run] (in Xcode3Core)
 16   XcodeBuildMain (in libxcodebuildLoader.dylib)
 17   -[XcodebuildPreIDEHandler loadXcode3ProjectSupportAndRunXcode3CommandLineBuildToolWithArguments:] (in xcodebuild)
 18   -[XcodebuildPreIDEHandler runWithArguments:] (in xcodebuild)
 19   main (in xcodebuild)
 20   start (in dyld)

<__DVTSwiftAsyncOperation: 0x74d357b900; state = ARefc> created at:
  0   -[DVTOperation init] (in DVTFoundation)
  1   @objc DVTAsyncOperation.init() (in DVTFoundation)
  2   static DVTOperation.awaiting(_:) (in DVTFoundation)
  3   @objc static IDESchemeAction.operationToWaitForFinishedLoadingOperation(of:) (in IDEFoundation)
  4   -[IDESchemeAction setUpActionDependenciesForCorePhaseOperation:shouldRunPostActionsBlock:prePhaseEnvironmentPopulationBlock:postPhaseEnvironmentPopulationBlock:handlePreActionsActivityLogSection:handlePostActionsActivityLogSection:buildParameters:schemeActionResultOperation:error:] (in IDEFoundation)
  5   -[IDETestSchemeAction testOperationWithSchemeOperationParameters:testManager:buildOperation:buildParameters:schemeCommand:actionRecord:testPlanRunSpecifications:deviceAvailableChecker:outError:actionCallbackBlock:] (in IDEFoundation)
  6   -[IDEScheme(TestSchemeAction) executionOperationForTestSchemeActionWithOperationParameters:command:buildOperationVariantSpecifiers:buildOperationGroup:schemeActionResult:buildParameters:shouldOnlyBuild:runDestination:orderedOperations:schemeActionRecord:deviceAvailableChecker:actionCallbackBlock:error:] (in IDEFoundation)
  7   -[IDEScheme _executionOperationForSchemeOperationParameters:build:onlyBuild:buildParameters:title:buildLog:dontActuallyRunCommands:restorePersistedBuildResults:deviceAvailableChecker:error:actionCallbackBlock:] (in IDEFoundation)
  8   -[IDEScheme(TestSchemeAction) schemeTestActionOperationForSchemeOperationParameters:onlyBuild:buildLog:deviceAvailableChecker:buildParameters:shouldBuild:restorePersistedBuildResults:error:completionBlock:] (in IDEFoundation)
  9   -[IDEScheme buildAndActionTaskForSchemeOperationParameters:shouldBuild:onlyBuild:buildParameters:buildLog:deviceAvailableChecker:restorePersistedBuildResults:dontActuallyRunCommands:error:completionBlock:] (in IDEFoundation)
 10   -[IDEScheme schemeOperationForSchemeOperationParameters:buildLog:overridingProperties:overridingBuildConfiguration:dontActuallyRunCommands:restorePersistedBuildResults:deviceAvailableChecker:error:completionBlock:] (in IDEFoundation)
 11   -[IDEScheme schemeOperationForSchemeOperationParameters:buildLog:overridingProperties:overridingBuildConfiguration:dontActuallyRunCommands:restorePersistedBuildResults:error:completionBlock:] (in IDEFoundation)
 12   -[Xcode3CommandLineBuildTool(TestSchemeAction) buildForTestSchemeCommandWantsSkip:buildAction:isProjectBuild:title:buildLog:isMoreDestinationsPending:runDestinations:runDestination:schemeCommand:executionEnvironment:restorePersistedBuildResults:operationToEnqueue:error:] (in Xcode3Core)
 13   -[Xcode3CommandLineBuildTool doSchemeBuildWithRunDestinations:runDestinationIdx:wantsSkip:buildActionTimingSection:timingSection:buildAction:isMoreDesinationsPending:actionResultBlock:title:buildLog:executionEnvironment:restorePersistedBuildResults:operationToEnqueue:error:] (in Xcode3Core)
 14   -[Xcode3CommandLineBuildTool doBuildForBuildAction:timingSection:colorize:colorizeFailure:error:] (in Xcode3Core)
 15   -[Xcode3CommandLineBuildTool _buildWithTimingSection:] (in Xcode3Core)
 16   -[Xcode3CommandLineBuildTool run] (in Xcode3Core)
 17   XcodeBuildMain (in libxcodebuildLoader.dylib)
 18   -[XcodebuildPreIDEHandler loadXcode3ProjectSupportAndRunXcode3CommandLineBuildToolWithArguments:] (in xcodebuild)
 19   -[XcodebuildPreIDEHandler runWithArguments:] (in xcodebuild)
 20   main (in xcodebuild)
 21   start (in dyld)

<__DVTSwiftAsyncOperation: 0x74d357bc00; state = Arefc> created at:
  0   -[DVTOperation init] (in DVTFoundation)
  1   @objc DVTAsyncOperation.init() (in DVTFoundation)
  2   static DVTOperation.awaiting(_:) (in DVTFoundation)
  3   @objc static IDESchemeAction.operationToWaitForFinishedLoadingOperation(of:) (in IDEFoundation)
  4   -[IDESchemeAction _setUpOperationsForPackageLoadingInWorkspace:handlePreActionsActivityLogSection:isCleanOperation:] (in IDEFoundation)
  5   -[IDESchemeAction setUpActionDependenciesForCorePhaseOperation:shouldRunPostActionsBlock:prePhaseEnvironmentPopulationBlock:postPhaseEnvironmentPopulationBlock:handlePreActionsActivityLogSection:handlePostActionsActivityLogSection:buildParameters:schemeActionResultOperation:error:] (in IDEFoundation)
  6   -[IDETestSchemeAction testOperationWithSchemeOperationParameters:testManager:buildOperation:buildParameters:schemeCommand:actionRecord:testPlanRunSpecifications:deviceAvailableChecker:outError:actionCallbackBlock:] (in IDEFoundation)
  7   -[IDEScheme(TestSchemeAction) executionOperationForTestSchemeActionWithOperationParameters:command:buildOperationVariantSpecifiers:buildOperationGroup:schemeActionResult:buildParameters:shouldOnlyBuild:runDestination:orderedOperations:schemeActionRecord:deviceAvailableChecker:actionCallbackBlock:error:] (in IDEFoundation)
  8   -[IDEScheme _executionOperationForSchemeOperationParameters:build:onlyBuild:buildParameters:title:buildLog:dontActuallyRunCommands:restorePersistedBuildResults:deviceAvailableChecker:error:actionCallbackBlock:] (in IDEFoundation)
  9   -[IDEScheme(TestSchemeAction) schemeTestActionOperationForSchemeOperationParameters:onlyBuild:buildLog:deviceAvailableChecker:buildParameters:shouldBuild:restorePersistedBuildResults:error:completionBlock:] (in IDEFoundation)
 10   -[IDEScheme buildAndActionTaskForSchemeOperationParameters:shouldBuild:onlyBuild:buildParameters:buildLog:deviceAvailableChecker:restorePersistedBuildResults:dontActuallyRunCommands:error:completionBlock:] (in IDEFoundation)
 11   -[IDEScheme schemeOperationForSchemeOperationParameters:buildLog:overridingProperties:overridingBuildConfiguration:dontActuallyRunCommands:restorePersistedBuildResults:deviceAvailableChecker:error:completionBlock:] (in IDEFoundation)
 12   -[IDEScheme schemeOperationForSchemeOperationParameters:buildLog:overridingProperties:overridingBuildConfiguration:dontActuallyRunCommands:restorePersistedBuildResults:error:completionBlock:] (in IDEFoundation)
 13   -[Xcode3CommandLineBuildTool(TestSchemeAction) buildForTestSchemeCommandWantsSkip:buildAction:isProjectBuild:title:buildLog:isMoreDestinationsPending:runDestinations:runDestination:schemeCommand:executionEnvironment:restorePersistedBuildResults:operationToEnqueue:error:] (in Xcode3Core)
 14   -[Xcode3CommandLineBuildTool doSchemeBuildWithRunDestinations:runDestinationIdx:wantsSkip:buildActionTimingSection:timingSection:buildAction:isMoreDesinationsPending:actionResultBlock:title:buildLog:executionEnvironment:restorePersistedBuildResults:operationToEnqueue:error:] (in Xcode3Core)
 15   -[Xcode3CommandLineBuildTool doBuildForBuildAction:timingSection:colorize:colorizeFailure:error:] (in Xcode3Core)
 16   -[Xcode3CommandLineBuildTool _buildWithTimingSection:] (in Xcode3Core)
 17   -[Xcode3CommandLineBuildTool run] (in Xcode3Core)
 18   XcodeBuildMain (in libxcodebuildLoader.dylib)
 19   -[XcodebuildPreIDEHandler loadXcode3ProjectSupportAndRunXcode3CommandLineBuildToolWithArguments:] (in xcodebuild)
 20   -[XcodebuildPreIDEHandler runWithArguments:] (in xcodebuild)
 21   main (in xcodebuild)
 22   start (in dyld)

<DVTOperation: 0x74d43ade00; state = arefc> created at:
  0   -[DVTOperation init] (in DVTFoundation)
  1   +[DVTOperation(DVTConveniences) operationWithBlock:] (in DVTFoundation)
  2   -[IDESchemeAction setUpActionDependenciesForCorePhaseOperation:shouldRunPostActionsBlock:prePhaseEnvironmentPopulationBlock:postPhaseEnvironmentPopulationBlock:handlePreActionsActivityLogSection:handlePostActionsActivityLogSection:buildParameters:schemeActionResultOperation:error:] (in IDEFoundation)
  3   -[IDETestSchemeAction testOperationWithSchemeOperationParameters:testManager:buildOperation:buildParameters:schemeCommand:actionRecord:testPlanRunSpecifications:deviceAvailableChecker:outError:actionCallbackBlock:] (in IDEFoundation)
  4   -[IDEScheme(TestSchemeAction) executionOperationForTestSchemeActionWithOperationParameters:command:buildOperationVariantSpecifiers:buildOperationGroup:schemeActionResult:buildParameters:shouldOnlyBuild:runDestination:orderedOperations:schemeActionRecord:deviceAvailableChecker:actionCallbackBlock:error:] (in IDEFoundation)
  5   -[IDEScheme _executionOperationForSchemeOperationParameters:build:onlyBuild:buildParameters:title:buildLog:dontActuallyRunCommands:restorePersistedBuildResults:deviceAvailableChecker:error:actionCallbackBlock:] (in IDEFoundation)
  6   -[IDEScheme(TestSchemeAction) schemeTestActionOperationForSchemeOperationParameters:onlyBuild:buildLog:deviceAvailableChecker:buildParameters:shouldBuild:restorePersistedBuildResults:error:completionBlock:] (in IDEFoundation)
  7   -[IDEScheme buildAndActionTaskForSchemeOperationParameters:shouldBuild:onlyBuild:buildParameters:buildLog:deviceAvailableChecker:restorePersistedBuildResults:dontActuallyRunCommands:error:completionBlock:] (in IDEFoundation)
  8   -[IDEScheme schemeOperationForSchemeOperationParameters:buildLog:overridingProperties:overridingBuildConfiguration:dontActuallyRunCommands:restorePersistedBuildResults:deviceAvailableChecker:error:completionBlock:] (in IDEFoundation)
  9   -[IDEScheme schemeOperationForSchemeOperationParameters:buildLog:overridingProperties:overridingBuildConfiguration:dontActuallyRunCommands:restorePersistedBuildResults:error:completionBlock:] (in IDEFoundation)
 10   -[Xcode3CommandLineBuildTool(TestSchemeAction) buildForTestSchemeCommandWantsSkip:buildAction:isProjectBuild:title:buildLog:isMoreDestinationsPending:runDestinations:runDestination:schemeCommand:executionEnvironment:restorePersistedBuildResults:operationToEnqueue:error:] (in Xcode3Core)
 11   -[Xcode3CommandLineBuildTool doSchemeBuildWithRunDestinations:runDestinationIdx:wantsSkip:buildActionTimingSection:timingSection:buildAction:isMoreDesinationsPending:actionResultBlock:title:buildLog:executionEnvironment:restorePersistedBuildResults:operationToEnqueue:error:] (in Xcode3Core)
 12   -[Xcode3CommandLineBuildTool doBuildForBuildAction:timingSection:colorize:colorizeFailure:error:] (in Xcode3Core)
 13   -[Xcode3CommandLineBuildTool _buildWithTimingSection:] (in Xcode3Core)
 14   -[Xcode3CommandLineBuildTool run] (in Xcode3Core)
 15   XcodeBuildMain (in libxcodebuildLoader.dylib)
 16   -[XcodebuildPreIDEHandler loadXcode3ProjectSupportAndRunXcode3CommandLineBuildToolWithArguments:] (in xcodebuild)
 17   -[XcodebuildPreIDEHandler runWithArguments:] (in xcodebuild)
 18   main (in xcodebuild)
 19   start (in dyld)

<DVTOperation: 0x74d43ae080; state = arefc> created at:
  0   -[DVTOperation init] (in DVTFoundation)
  1   +[DVTOperation(DVTConveniences) operationWithBlock:] (in DVTFoundation)
  2   -[IDESchemeAction setUpActionDependenciesForCorePhaseOperation:shouldRunPostActionsBlock:prePhaseEnvironmentPopulationBlock:postPhaseEnvironmentPopulationBlock:handlePreActionsActivityLogSection:handlePostActionsActivityLogSection:buildParameters:schemeActionResultOperation:error:] (in IDEFoundation)
  3   -[IDETestSchemeAction testOperationWithSchemeOperationParameters:testManager:buildOperation:buildParameters:schemeCommand:actionRecord:testPlanRunSpecifications:deviceAvailableChecker:outError:actionCallbackBlock:] (in IDEFoundation)
  4   -[IDEScheme(TestSchemeAction) executionOperationForTestSchemeActionWithOperationParameters:command:buildOperationVariantSpecifiers:buildOperationGroup:schemeActionResult:buildParameters:shouldOnlyBuild:runDestination:orderedOperations:schemeActionRecord:deviceAvailableChecker:actionCallbackBlock:error:] (in IDEFoundation)
  5   -[IDEScheme _executionOperationForSchemeOperationParameters:build:onlyBuild:buildParameters:title:buildLog:dontActuallyRunCommands:restorePersistedBuildResults:deviceAvailableChecker:error:actionCallbackBlock:] (in IDEFoundation)
  6   -[IDEScheme(TestSchemeAction) schemeTestActionOperationForSchemeOperationParameters:onlyBuild:buildLog:deviceAvailableChecker:buildParameters:shouldBuild:restorePersistedBuildResults:error:completionBlock:] (in IDEFoundation)
  7   -[IDEScheme buildAndActionTaskForSchemeOperationParameters:shouldBuild:onlyBuild:buildParameters:buildLog:deviceAvailableChecker:restorePersistedBuildResults:dontActuallyRunCommands:error:completionBlock:] (in IDEFoundation)
  8   -[IDEScheme schemeOperationForSchemeOperationParameters:buildLog:overridingProperties:overridingBuildConfiguration:dontActuallyRunCommands:restorePersistedBuildResults:deviceAvailableChecker:error:completionBlock:] (in IDEFoundation)
  9   -[IDEScheme schemeOperationForSchemeOperationParameters:buildLog:overridingProperties:overridingBuildConfiguration:dontActuallyRunCommands:restorePersistedBuildResults:error:completionBlock:] (in IDEFoundation)
 10   -[Xcode3CommandLineBuildTool(TestSchemeAction) buildForTestSchemeCommandWantsSkip:buildAction:isProjectBuild:title:buildLog:isMoreDestinationsPending:runDestinations:runDestination:schemeCommand:executionEnvironment:restorePersistedBuildResults:operationToEnqueue:error:] (in Xcode3Core)
 11   -[Xcode3CommandLineBuildTool doSchemeBuildWithRunDestinations:runDestinationIdx:wantsSkip:buildActionTimingSection:timingSection:buildAction:isMoreDesinationsPending:actionResultBlock:title:buildLog:executionEnvironment:restorePersistedBuildResults:operationToEnqueue:error:] (in Xcode3Core)
 12   -[Xcode3CommandLineBuildTool doBuildForBuildAction:timingSection:colorize:colorizeFailure:error:] (in Xcode3Core)
 13   -[Xcode3CommandLineBuildTool _buildWithTimingSection:] (in Xcode3Core)
 14   -[Xcode3CommandLineBuildTool run] (in Xcode3Core)
 15   XcodeBuildMain (in libxcodebuildLoader.dylib)
 16   -[XcodebuildPreIDEHandler loadXcode3ProjectSupportAndRunXcode3CommandLineBuildToolWithArguments:] (in xcodebuild)
 17   -[XcodebuildPreIDEHandler runWithArguments:] (in xcodebuild)
 18   main (in xcodebuild)
 19   start (in dyld)

<DVTOperation: 0x74d43ae300; state = aRefc> created at:
  0   -[DVTOperation init] (in DVTFoundation)
  1   +[DVTOperation(DVTConveniences) operationWithBlock:] (in DVTFoundation)
  2   -[IDETestSchemeAction testOperationWithSchemeOperationParameters:testManager:buildOperation:buildParameters:schemeCommand:actionRecord:testPlanRunSpecifications:deviceAvailableChecker:outError:actionCallbackBlock:] (in IDEFoundation)
  3   -[IDEScheme(TestSchemeAction) executionOperationForTestSchemeActionWithOperationParameters:command:buildOperationVariantSpecifiers:buildOperationGroup:schemeActionResult:buildParameters:shouldOnlyBuild:runDestination:orderedOperations:schemeActionRecord:deviceAvailableChecker:actionCallbackBlock:error:] (in IDEFoundation)
  4   -[IDEScheme _executionOperationForSchemeOperationParameters:build:onlyBuild:buildParameters:title:buildLog:dontActuallyRunCommands:restorePersistedBuildResults:deviceAvailableChecker:error:actionCallbackBlock:] (in IDEFoundation)
  5   -[IDEScheme(TestSchemeAction) schemeTestActionOperationForSchemeOperationParameters:onlyBuild:buildLog:deviceAvailableChecker:buildParameters:shouldBuild:restorePersistedBuildResults:error:completionBlock:] (in IDEFoundation)
  6   -[IDEScheme buildAndActionTaskForSchemeOperationParameters:shouldBuild:onlyBuild:buildParameters:buildLog:deviceAvailableChecker:restorePersistedBuildResults:dontActuallyRunCommands:error:completionBlock:] (in IDEFoundation)
  7   -[IDEScheme schemeOperationForSchemeOperationParameters:buildLog:overridingProperties:overridingBuildConfiguration:dontActuallyRunCommands:restorePersistedBuildResults:deviceAvailableChecker:error:completionBlock:] (in IDEFoundation)
  8   -[IDEScheme schemeOperationForSchemeOperationParameters:buildLog:overridingProperties:overridingBuildConfiguration:dontActuallyRunCommands:restorePersistedBuildResults:error:completionBlock:] (in IDEFoundation)
  9   -[Xcode3CommandLineBuildTool(TestSchemeAction) buildForTestSchemeCommandWantsSkip:buildAction:isProjectBuild:title:buildLog:isMoreDestinationsPending:runDestinations:runDestination:schemeCommand:executionEnvironment:restorePersistedBuildResults:operationToEnqueue:error:] (in Xcode3Core)
 10   -[Xcode3CommandLineBuildTool doSchemeBuildWithRunDestinations:runDestinationIdx:wantsSkip:buildActionTimingSection:timingSection:buildAction:isMoreDesinationsPending:actionResultBlock:title:buildLog:executionEnvironment:restorePersistedBuildResults:operationToEnqueue:error:] (in Xcode3Core)
 11   -[Xcode3CommandLineBuildTool doBuildForBuildAction:timingSection:colorize:colorizeFailure:error:] (in Xcode3Core)
 12   -[Xcode3CommandLineBuildTool _buildWithTimingSection:] (in Xcode3Core)
 13   -[Xcode3CommandLineBuildTool run] (in Xcode3Core)
 14   XcodeBuildMain (in libxcodebuildLoader.dylib)
 15   -[XcodebuildPreIDEHandler loadXcode3ProjectSupportAndRunXcode3CommandLineBuildToolWithArguments:] (in xcodebuild)
 16   -[XcodebuildPreIDEHandler runWithArguments:] (in xcodebuild)
 17   main (in xcodebuild)
 18   start (in dyld)

<_IDETestingFinalizeLogsOperation: 0x74d43ae580; name = 'Finalize test log', state = aref!c> created at:
  0   -[DVTOperation init] (in DVTFoundation)
  1   +[DVTOperation(DVTConveniences) operationWithBlock:] (in DVTFoundation)
  2   -[IDETestSchemeAction _finalizeLogOperationWithRecorder:launchLogsSectionRecorder:] (in IDEFoundation)
  3   -[IDETestSchemeAction testOperationWithSchemeOperationParameters:testManager:buildOperation:buildParameters:schemeCommand:actionRecord:testPlanRunSpecifications:deviceAvailableChecker:outError:actionCallbackBlock:] (in IDEFoundation)
  4   -[IDEScheme(TestSchemeAction) executionOperationForTestSchemeActionWithOperationParameters:command:buildOperationVariantSpecifiers:buildOperationGroup:schemeActionResult:buildParameters:shouldOnlyBuild:runDestination:orderedOperations:schemeActionRecord:deviceAvailableChecker:actionCallbackBlock:error:] (in IDEFoundation)
  5   -[IDEScheme _executionOperationForSchemeOperationParameters:build:onlyBuild:buildParameters:title:buildLog:dontActuallyRunCommands:restorePersistedBuildResults:deviceAvailableChecker:error:actionCallbackBlock:] (in IDEFoundation)
  6   -[IDEScheme(TestSchemeAction) schemeTestActionOperationForSchemeOperationParameters:onlyBuild:buildLog:deviceAvailableChecker:buildParameters:shouldBuild:restorePersistedBuildResults:error:completionBlock:] (in IDEFoundation)
  7   -[IDEScheme buildAndActionTaskForSchemeOperationParameters:shouldBuild:onlyBuild:buildParameters:buildLog:deviceAvailableChecker:restorePersistedBuildResults:dontActuallyRunCommands:error:completionBlock:] (in IDEFoundation)
  8   -[IDEScheme schemeOperationForSchemeOperationParameters:buildLog:overridingProperties:overridingBuildConfiguration:dontActuallyRunCommands:restorePersistedBuildResults:deviceAvailableChecker:error:completionBlock:] (in IDEFoundation)
  9   -[IDEScheme schemeOperationForSchemeOperationParameters:buildLog:overridingProperties:overridingBuildConfiguration:dontActuallyRunCommands:restorePersistedBuildResults:error:completionBlock:] (in IDEFoundation)
 10   -[Xcode3CommandLineBuildTool(TestSchemeAction) buildForTestSchemeCommandWantsSkip:buildAction:isProjectBuild:title:buildLog:isMoreDestinationsPending:runDestinations:runDestination:schemeCommand:executionEnvironment:restorePersistedBuildResults:operationToEnqueue:error:] (in Xcode3Core)
 11   -[Xcode3CommandLineBuildTool doSchemeBuildWithRunDestinations:runDestinationIdx:wantsSkip:buildActionTimingSection:timingSection:buildAction:isMoreDesinationsPending:actionResultBlock:title:buildLog:execution
SwiftCompile normal arm64 /tmp/pumpsync-ui-audit-harness/PumpSync/Sources/Storage/InstallStateReconciler.swift (in target 'PumpSync' from project 'PumpSync')
    cd /tmp/pumpsync-ui-audit-harness
    builtin-SwiftPerFileCompile InstallStateReconciler.swift

SwiftCompile normal arm64 /tmp/pumpsync-ui-audit-harness/PumpSync/Sources/App/MetricKitDiagnosticsCollector.swift (in target 'PumpSync' from project 'PumpSync')
    cd /tmp/pumpsync-ui-audit-harness
    builtin-SwiftPerFileCompile MetricKitDiagnosticsCollector.swift

SwiftCompile normal arm64 /tmp/pumpsync-ui-audit-harness/PumpSync/Sources/App/NativeDiagnosticsStore.swift (in target 'PumpSync' from project 'PumpSync')
    cd /tmp/pumpsync-ui-audit-harness
    builtin-SwiftPerFileCompile NativeDiagnosticsStore.swift

SwiftCompile normal arm64 /tmp/pumpsync-ui-audit-harness/PumpSync/Sources/UI/PrivacyView.swift (in target 'PumpSync' from project 'PumpSync')
    cd /tmp/pumpsync-ui-audit-harness
    builtin-SwiftPerFileCompile PrivacyView.swift

SwiftCompile normal arm64 Compiling\ DiagnosticsLogStore.swift,\ ForegroundRecoveryController.swift,\ GlassUI.swift,\ HealthAccessView.swift /tmp/pumpsync-ui-audit-harness/PumpSync/Sources/App/DiagnosticsLogStore.swift /tmp/pumpsync-ui-audit-harness/PumpSync/Sources/App/ForegroundRecoveryController.swift /tmp/pumpsync-ui-audit-harness/PumpSync/Sources/UI/GlassUI.swift /tmp/pumpsync-ui-audit-harness/PumpSync/Sources/UI/HealthAccessView.swift (in target 'PumpSync' from project 'PumpSync')

SwiftCompile normal arm64 /tmp/pumpsync-ui-audit-harness/PumpSync/Sources/App/DiagnosticsLogStore.swift (in target 'PumpSync' from project 'PumpSync')
    cd /tmp/pumpsync-ui-audit-harness
    builtin-SwiftPerFileCompile DiagnosticsLogStore.swift

SwiftCompile normal arm64 /tmp/pumpsync-ui-audit-harness/PumpSync/Sources/App/ForegroundRecoveryController.swift (in target 'PumpSync' from project 'PumpSync')
    cd /tmp/pumpsync-ui-audit-harness
    builtin-SwiftPerFileCompile ForegroundRecoveryController.swift

SwiftCompile normal arm64 /tmp/pumpsync-ui-audit-harness/PumpSync/Sources/UI/GlassUI.swift (in target 'PumpSync' from project 'PumpSync')
    cd /tmp/pumpsync-ui-audit-harness
    builtin-SwiftPerFileCompile GlassUI.swift

SwiftCompile normal arm64 /tmp/pumpsync-ui-audit-harness/PumpSync/Sources/UI/HealthAccessView.swift (in target 'PumpSync' from project 'PumpSync')
    cd /tmp/pumpsync-ui-audit-harness
    builtin-SwiftPerFileCompile HealthAccessView.swift

SwiftCompile normal arm64 Compiling\ PumpSyncAPIClient.swift,\ PumpSyncApp.swift,\ PumpSyncShortcuts.swift,\ SecureKeychainStore.swift /tmp/pumpsync-ui-audit-harness/PumpSync/Sources/Networking/PumpSyncAPIClient.swift /tmp/pumpsync-ui-audit-harness/PumpSync/Sources/App/PumpSyncApp.swift /tmp/pumpsync-ui-audit-harness/PumpSync/Sources/App/PumpSyncShortcuts.swift /tmp/pumpsync-ui-audit-harness/PumpSync/Sources/Storage/SecureKeychainStore.swift (in target 'PumpSync' from project 'PumpSync')

SwiftCompile normal arm64 /tmp/pumpsync-ui-audit-harness/PumpSync/Sources/Networking/PumpSyncAPIClient.swift (in target 'PumpSync' from project 'PumpSync')
    cd /tmp/pumpsync-ui-audit-harness
    builtin-SwiftPerFileCompile PumpSyncAPIClient.swift

SwiftCompile normal arm64 /tmp/pumpsync-ui-audit-harness/PumpSync/Sources/App/PumpSyncApp.swift (in target 'PumpSync' from project 'PumpSync')
    cd /tmp/pumpsync-ui-audit-harness
    builtin-SwiftPerFileCompile PumpSyncApp.swift

SwiftCompile normal arm64 /tmp/pumpsync-ui-audit-harness/PumpSync/Sources/App/PumpSyncShortcuts.swift (in target 'PumpSync' from project 'PumpSync')
    cd /tmp/pumpsync-ui-audit-harness
    builtin-SwiftPerFileCompile PumpSyncShortcuts.swift

SwiftCompile normal arm64 /tmp/pumpsync-ui-audit-harness/PumpSync/Sources/Storage/SecureKeychainStore.swift (in target 'PumpSync' from project 'PumpSync')
    cd /tmp/pumpsync-ui-audit-harness
    builtin-SwiftPerFileCompile SecureKeychainStore.swift

SwiftCompile normal arm64 Compiling\ SettingsView.swift,\ SupportBundleBuilder.swift,\ SyncCoordinator.swift,\ SyncMetadataStore.swift /tmp/pumpsync-ui-audit-harness/PumpSync/Sources/UI/SettingsView.swift /tmp/pumpsync-ui-audit-harness/PumpSync/Sources/App/SupportBundleBuilder.swift /tmp/pumpsync-ui-audit-harness/PumpSync/Sources/Sync/SyncCoordinator.swift /tmp/pumpsync-ui-audit-harness/PumpSync/Sources/Storage/SyncMetadataStore.swift (in target 'PumpSync' from project 'PumpSync')

SwiftCompile normal arm64 /tmp/pumpsync-ui-audit-harness/PumpSync/Sources/UI/SettingsView.swift (in target 'PumpSync' from project 'PumpSync')
    cd /tmp/pumpsync-ui-audit-harness
    builtin-SwiftPerFileCompile SettingsView.swift

SwiftCompile normal arm64 /tmp/pumpsync-ui-audit-harness/PumpSync/Sources/App/SupportBundleBuilder.swift (in target 'PumpSync' from project 'PumpSync')
    cd /tmp/pumpsync-ui-audit-harness
    builtin-SwiftPerFileCompile SupportBundleBuilder.swift

SwiftCompile normal arm64 /tmp/pumpsync-ui-audit-harness/PumpSync/Sources/Sync/SyncCoordinator.swift (in target 'PumpSync' from project 'PumpSync')
    cd /tmp/pumpsync-ui-audit-harness
    builtin-SwiftPerFileCompile SyncCoordinator.swift

SwiftCompile normal arm64 /tmp/pumpsync-ui-audit-harness/PumpSync/Sources/Storage/SyncMetadataStore.swift (in target 'PumpSync' from project 'PumpSync')
    cd /tmp/pumpsync-ui-audit-harness
    builtin-SwiftPerFileCompile SyncMetadataStore.swift

SwiftCompile normal arm64 Compiling\ BackgroundSyncScheduler.swift,\ CredentialValidationLifetime.swift,\ DeveloperView.swift,\ DeviceSessionProofProvider.swift /tmp/pumpsync-ui-audit-harness/PumpSync/Sources/Sync/BackgroundSyncScheduler.swift /tmp/pumpsync-ui-audit-harness/PumpSync/Sources/Tandem/CredentialValidationLifetime.swift /tmp/pumpsync-ui-audit-harness/PumpSync/Sources/UI/DeveloperView.swift /tmp/pumpsync-ui-audit-harness/PumpSync/Sources/Auth/DeviceSessionProofProvider.swift (in target 'PumpSync' from project 'PumpSync')

SwiftCompile normal arm64 /tmp/pumpsync-ui-audit-harness/PumpSync/Sources/Sync/BackgroundSyncScheduler.swift (in target 'PumpSync' from project 'PumpSync')
    cd /tmp/pumpsync-ui-audit-harness
    builtin-SwiftPerFileCompile BackgroundSyncScheduler.swift

SwiftCompile normal arm64 /tmp/pumpsync-ui-audit-harness/PumpSync/Sources/Tandem/CredentialValidationLifetime.swift (in target 'PumpSync' from project 'PumpSync')
    cd /tmp/pumpsync-ui-audit-harness
    builtin-SwiftPerFileCompile CredentialValidationLifetime.swift

SwiftCompile normal arm64 /tmp/pumpsync-ui-audit-harness/PumpSync/Sources/UI/DeveloperView.swift (in target 'PumpSync' from project 'PumpSync')
    cd /tmp/pumpsync-ui-audit-harness
    builtin-SwiftPerFileCompile DeveloperView.swift

SwiftCompile normal arm64 /tmp/pumpsync-ui-audit-harness/PumpSync/Sources/Auth/DeviceSessionProofProvider.swift (in target 'PumpSync' from project 'PumpSync')
    cd /tmp/pumpsync-ui-audit-harness
    builtin-SwiftPerFileCompile DeviceSessionProofProvider.swift

SwiftCompile normal arm64 Compiling\ SyncStatusBanner.swift,\ SyncView.swift,\ TandemCredentialForm.swift /tmp/pumpsync-ui-audit-harness/PumpSync/Sources/UI/SyncStatusBanner.swift /tmp/pumpsync-ui-audit-harness/PumpSync/Sources/UI/SyncView.swift /tmp/pumpsync-ui-audit-harness/PumpSync/Sources/Tandem/TandemCredentialForm.swift (in target 'PumpSync' from project 'PumpSync')

SwiftCompile normal arm64 /tmp/pumpsync-ui-audit-harness/PumpSync/Sources/UI/SyncStatusBanner.swift (in target 'PumpSync' from project 'PumpSync')
    cd /tmp/pumpsync-ui-audit-harness
    builtin-SwiftPerFileCompile SyncStatusBanner.swift

SwiftCompile normal arm64 /tmp/pumpsync-ui-audit-harness/PumpSync/Sources/UI/SyncView.swift (in target 'PumpSync' from project 'PumpSync')
    cd /tmp/pumpsync-ui-audit-harness
    builtin-SwiftPerFileCompile SyncView.swift

SwiftCompile normal arm64 /tmp/pumpsync-ui-audit-harness/PumpSync/Sources/Tandem/TandemCredentialForm.swift (in target 'PumpSync' from project 'PumpSync')
    cd /tmp/pumpsync-ui-audit-harness
    builtin-SwiftPerFileCompile TandemCredentialForm.swift

SwiftCompile normal arm64 Compiling\ APIModels.swift,\ AppConstants.swift,\ AppLaunchEnvironment.swift,\ AppServices.swift /tmp/pumpsync-ui-audit-harness/PumpSync/Sources/Networking/APIModels.swift /tmp/pumpsync-ui-audit-harness/PumpSync/Sources/App/AppConstants.swift /tmp/pumpsync-ui-audit-harness/PumpSync/Sources/App/AppLaunchEnvironment.swift /tmp/pumpsync-ui-audit-harness/PumpSync/Sources/App/AppServices.swift (in target 'PumpSync' from project 'PumpSync')

SwiftCompile normal arm64 /tmp/pumpsync-ui-audit-harness/PumpSync/Sources/Networking/APIModels.swift (in target 'PumpSync' from project 'PumpSync')
    cd /tmp/pumpsync-ui-audit-harness
    builtin-SwiftPerFileCompile APIModels.swift

SwiftCompile normal arm64 /tmp/pumpsync-ui-audit-harness/PumpSync/Sources/App/AppConstants.swift (in target 'PumpSync' from project 'PumpSync')
    cd /tmp/pumpsync-ui-audit-harness
    builtin-SwiftPerFileCompile AppConstants.swift

SwiftCompile normal arm64 /tmp/pumpsync-ui-audit-harness/PumpSync/Sources/App/AppLaunchEnvironment.swift (in target 'PumpSync' from project 'PumpSync')
    cd /tmp/pumpsync-ui-audit-harness
    builtin-SwiftPerFileCompile AppLaunchEnvironment.swift

SwiftCompile normal arm64 /tmp/pumpsync-ui-audit-harness/PumpSync/Sources/App/AppServices.swift (in target 'PumpSync' from project 'PumpSync')
    cd /tmp/pumpsync-ui-audit-harness
    builtin-SwiftPerFileCompile AppServices.swift

SwiftCompile normal arm64 Compiling\ TandemCredentialStore.swift,\ TandemCredentials.swift,\ GeneratedAssetSymbols.swift /tmp/pumpsync-ui-audit-harness/PumpSync/Sources/Tandem/TandemCredentialStore.swift /tmp/pumpsync-ui-audit-harness/PumpSync/Sources/Tandem/TandemCredentials.swift /tmp/pumpsync-remediation-runtime-build/Build/Intermediates.noindex/PumpSync.build/Debug-iphonesimulator/PumpSync.build/DerivedSources/GeneratedAssetSymbols.swift (in target 'PumpSync' from project 'PumpSync')

SwiftCompile normal arm64 /tmp/pumpsync-ui-audit-harness/PumpSync/Sources/Tandem/TandemCredentialStore.swift (in target 'PumpSync' from project 'PumpSync')
    cd /tmp/pumpsync-ui-audit-harness
    builtin-SwiftPerFileCompile TandemCredentialStore.swift

SwiftCompile normal arm64 /tmp/pumpsync-ui-audit-harness/PumpSync/Sources/Tandem/TandemCredentials.swift (in target 'PumpSync' from project 'PumpSync')
    cd /tmp/pumpsync-ui-audit-harness
    builtin-SwiftPerFileCompile TandemCredentials.swift

SwiftCompile normal arm64 /tmp/pumpsync-remediation-runtime-build/Build/Intermediates.noindex/PumpSync.build/Debug-iphonesimulator/PumpSync.build/DerivedSources/GeneratedAssetSymbols.swift (in target 'PumpSync' from project 'PumpSync')
    cd /tmp/pumpsync-ui-audit-harness
    builtin-SwiftPerFileCompile GeneratedAssetSymbols.swift

SwiftCompile normal arm64 Compiling\ AppView.swift,\ AuthService.swift,\ BackendSessionStore.swift,\ BackgroundSyncDiagnostics.swift /tmp/pumpsync-ui-audit-harness/PumpSync/Sources/App/AppView.swift /tmp/pumpsync-ui-audit-harness/PumpSync/Sources/Auth/AuthService.swift /tmp/pumpsync-ui-audit-harness/PumpSync/Sources/Auth/BackendSessionStore.swift /tmp/pumpsync-ui-audit-harness/PumpSync/Sources/Sync/BackgroundSyncDiagnostics.swift (in target 'PumpSync' from project 'PumpSync')

SwiftCompile normal arm64 /tmp/pumpsync-ui-audit-harness/PumpSync/Sources/App/AppView.swift (in target 'PumpSync' from project 'PumpSync')
    cd /tmp/pumpsync-ui-audit-harness
    builtin-SwiftPerFileCompile AppView.swift

SwiftCompile normal arm64 /tmp/pumpsync-ui-audit-harness/PumpSync/Sources/Auth/AuthService.swift (in target 'PumpSync' from project 'PumpSync')
    cd /tmp/pumpsync-ui-audit-harness
    builtin-SwiftPerFileCompile AuthService.swift

SwiftCompile normal arm64 /tmp/pumpsync-ui-audit-harness/PumpSync/Sources/Auth/BackendSessionStore.swift (in target 'PumpSync' from project 'PumpSync')
    cd /tmp/pumpsync-ui-audit-harness
    builtin-SwiftPerFileCompile BackendSessionStore.swift

SwiftCompile normal arm64 /tmp/pumpsync-ui-audit-harness/PumpSync/Sources/Sync/BackgroundSyncDiagnostics.swift (in target 'PumpSync' from project 'PumpSync')
    cd /tmp/pumpsync-ui-audit-harness
    builtin-SwiftPerFileCompile BackgroundSyncDiagnostics.swift

SwiftDriverJobDiscovery normal arm64 Emitting module for PumpSync (in target 'PumpSync' from project 'PumpSync')

SwiftDriver\ Compilation\ Requirements PumpSync normal arm64 com.apple.xcode.tools.swift.compiler (in target 'PumpSync' from project 'PumpSync')
    cd /tmp/pumpsync-ui-audit-harness
    builtin-Swift-Compilation-Requirements -- /Applications/Development/Xcode.app/Contents/Developer/Toolchains/XcodeDefault.xctoolchain/usr/bin/swiftc -module-name PumpSync -Onone @/tmp/pumpsync-remediation-runtime-build/Build/Intermediates.noindex/PumpSync.build/Debug-iphonesimulator/PumpSync.build/Objects-normal/arm64/PumpSync.SwiftFileList -DDEBUG -enable-experimental-feature DebugDescriptionMacro -sdk /Applications/Development/Xcode.app/Contents/Developer/Platforms/iPhoneSimulator.platform/Developer/SDKs/iPhoneSimulator27.0.sdk -target arm64-apple-ios26.0-simulator -g -module-cache-path /tmp/pumpsync-remediation-runtime-build/ModuleCache.noindex -Xfrontend -serialize-debugging-options -enable-testing -warnings-as-errors -index-store-path /tmp/pumpsync-remediation-runtime-build/Index.noindex/DataStore -Xcc -D_LIBCPP_HARDENING_MODE\=_LIBCPP_HARDENING_MODE_DEBUG -swift-version 6 -I /tmp/pumpsync-remediation-runtime-build/Build/Products/Debug-iphonesimulator -F /tmp/pumpsync-remediation-runtime-build/Build/Products/Debug-iphonesimulator -c -j10 -enable-batch-mode -incremental -Xcc -ivfsstatcache -Xcc /tmp/pumpsync-remediation-runtime-build/SDKStatCaches.noindex/iphonesimulator27.0-24A430-8b98ade55cdca77b755c004ede0894fd.sdkstatcache -output-file-map /tmp/pumpsync-remediation-runtime-build/Build/Intermediates.noindex/PumpSync.build/Debug-iphonesimulator/PumpSync.build/Objects-normal/arm64/PumpSync-OutputFileMap.json -save-temps -no-color-diagnostics -explicit-module-build -module-cache-path /tmp/pumpsync-remediation-runtime-build/Build/Intermediates.noindex/SwiftExplicitPrecompiledModules -clang-scanner-module-cache-path /tmp/pumpsync-remediation-runtime-build/ModuleCache.noindex -sdk-module-cache-path /tmp/pumpsync-remediation-runtime-build/SDKExplicitPrecompiledModules -emit-dependencies -emit-module -emit-module-path /tmp/pumpsync-remediation-runtime-build/Build/Intermediates.noindex/PumpSync.build/Debug-iphonesimulator/PumpSync.build/Objects-normal/arm64/PumpSync.swiftmodule -serialize-diagnostics -dependency-scan-serialize-diagnostics-path /tmp/pumpsync-remediation-runtime-build/Build/Intermediates.noindex/PumpSync.build/Debug-iphonesimulator/PumpSync.build/Objects-normal/arm64/PumpSync-dependency-scan.dia -validate-clang-modules-once -clang-build-session-file /tmp/pumpsync-remediation-runtime-build/ModuleCache.noindex/Session.modulevalidation -Xcc -fmodules-prune-interval\=86400 -Xcc -fmodules-prune-after\=345600 -emit-const-values -const-gather-protocols-list /tmp/pumpsync-remediation-runtime-build/Build/Intermediates.noindex/PumpSync.build/Debug-iphonesimulator/PumpSync.build/Objects-normal/arm64/PumpSync_const_extract_protocols.json -Xcc -iquote -Xcc /tmp/pumpsync-remediation-runtime-build/Build/Intermediates.noindex/PumpSync.build/Debug-iphonesimulator/PumpSync.build/PumpSync-generated-files.hmap -Xcc -I/tmp/pumpsync-remediation-runtime-build/Build/Intermediates.noindex/PumpSync.build/Debug-iphonesimulator/PumpSync.build/PumpSync-own-target-headers.hmap -Xcc -I/tmp/pumpsync-remediation-runtime-build/Build/Intermediates.noindex/PumpSync.build/Debug-iphonesimulator/PumpSync.build/PumpSync-all-target-headers.hmap -Xcc -iquote -Xcc /tmp/pumpsync-remediation-runtime-build/Build/Intermediates.noindex/PumpSync.build/Debug-iphonesimulator/PumpSync.build/PumpSync-project-headers.hmap -Xcc -I/tmp/pumpsync-remediation-runtime-build/Build/Products/Debug-iphonesimulator/include -Xcc -I/tmp/pumpsync-remediation-runtime-build/Build/Intermediates.noindex/PumpSync.build/Debug-iphonesimulator/PumpSync.build/DerivedSources-normal/arm64 -Xcc -I/tmp/pumpsync-remediation-runtime-build/Build/Intermediates.noindex/PumpSync.build/Debug-iphonesimulator/PumpSync.build/DerivedSources/arm64 -Xcc -I/tmp/pumpsync-remediation-runtime-build/Build/Intermediates.noindex/PumpSync.build/Debug-iphonesimulator/PumpSync.build/DerivedSources -Xcc -DDEBUG\=1 -emit-objc-header -emit-objc-header-path /tmp/pumpsync-remediation-runtime-build/Build/Intermediates.noindex/PumpSync.build/Debug-iphonesimulator/PumpSync.build/Objects-normal/arm64/PumpSync-Swift.h -working-directory /tmp/pumpsync-ui-audit-harness -experimental-emit-module-separately -disable-cmo

SwiftDriverJobDiscovery normal arm64 Compiling APIModels.swift, AppConstants.swift, AppLaunchEnvironment.swift, AppServices.swift (in target 'PumpSync' from project 'PumpSync')

SwiftMergeGeneratedHeaders /tmp/pumpsync-remediation-runtime-build/Build/Intermediates.noindex/PumpSync.build/Debug-iphonesimulator/PumpSync.build/DerivedSources/PumpSync-Swift.h /tmp/pumpsync-remediation-runtime-build/Build/Intermediates.noindex/PumpSync.build/Debug-iphonesimulator/PumpSync.build/Objects-normal/arm64/PumpSync-Swift.h (in target 'PumpSync' from project 'PumpSync')
    cd /tmp/pumpsync-ui-audit-harness
    builtin-swiftHeaderTool -arch arm64 /tmp/pumpsync-remediation-runtime-build/Build/Intermediates.noindex/PumpSync.build/Debug-iphonesimulator/PumpSync.build/Objects-normal/arm64/PumpSync-Swift.h -o /tmp/pumpsync-remediation-runtime-build/Build/Intermediates.noindex/PumpSync.build/Debug-iphonesimulator/PumpSync.build/DerivedSources/PumpSync-Swift.h

Copy /tmp/pumpsync-remediation-runtime-build/Build/Products/Debug-iphonesimulator/PumpSync.swiftmodule/arm64-apple-ios-simulator.swiftmodule /tmp/pumpsync-remediation-runtime-build/Build/Intermediates.noindex/PumpSync.build/Debug-iphonesimulator/PumpSync.build/Objects-normal/arm64/PumpSync.swiftmodule (in target 'PumpSync' from project 'PumpSync')
    cd /tmp/pumpsync-ui-audit-harness
    builtin-copy -exclude .DS_Store -exclude CVS -exclude .svn -exclude .git -exclude .hg -resolve-src-symlinks -rename /tmp/pumpsync-remediation-runtime-build/Build/Intermediates.noindex/PumpSync.build/Debug-iphonesimulator/PumpSync.build/Objects-normal/arm64/PumpSync.swiftmodule /tmp/pumpsync-remediation-runtime-build/Build/Products/Debug-iphonesimulator/PumpSync.swiftmodule/arm64-apple-ios-simulator.swiftmodule

Copy /tmp/pumpsync-remediation-runtime-build/Build/Products/Debug-iphonesimulator/PumpSync.swiftmodule/arm64-apple-ios-simulator.swiftdoc /tmp/pumpsync-remediation-runtime-build/Build/Intermediates.noindex/PumpSync.build/Debug-iphonesimulator/PumpSync.build/Objects-normal/arm64/PumpSync.swiftdoc (in target 'PumpSync' from project 'PumpSync')
    cd /tmp/pumpsync-ui-audit-harness
    builtin-copy -exclude .DS_Store -exclude CVS -exclude .svn -exclude .git -exclude .hg -resolve-src-symlinks -rename /tmp/pumpsync-remediation-runtime-build/Build/Intermediates.noindex/PumpSync.build/Debug-iphonesimulator/PumpSync.build/Objects-normal/arm64/PumpSync.swiftdoc /tmp/pumpsync-remediation-runtime-build/Build/Products/Debug-iphonesimulator/PumpSync.swiftmodule/arm64-apple-ios-simulator.swiftdoc

Copy /tmp/pumpsync-remediation-runtime-build/Build/Products/Debug-iphonesimulator/PumpSync.swiftmodule/arm64-apple-ios-simulator.abi.json /tmp/pumpsync-remediation-runtime-build/Build/Intermediates.noindex/PumpSync.build/Debug-iphonesimulator/PumpSync.build/Objects-normal/arm64/PumpSync.abi.json (in target 'PumpSync' from project 'PumpSync')
    cd /tmp/pumpsync-ui-audit-harness
    builtin-copy -exclude .DS_Store -exclude CVS -exclude .svn -exclude .git -exclude .hg -resolve-src-symlinks -rename /tmp/pumpsync-remediation-runtime-build/Build/Intermediates.noindex/PumpSync.build/Debug-iphonesimulator/PumpSync.build/Objects-normal/arm64/PumpSync.abi.json /tmp/pumpsync-remediation-runtime-build/Build/Products/Debug-iphonesimulator/PumpSync.swiftmodule/arm64-apple-ios-simulator.abi.json

Copy /tmp/pumpsync-remediation-runtime-build/Build/Products/Debug-iphonesimulator/PumpSync.swiftmodule/Project/arm64-apple-ios-simulator.swiftsourceinfo /tmp/pumpsync-remediation-runtime-build/Build/Intermediates.noindex/PumpSync.build/Debug-iphonesimulator/PumpSync.build/Objects-normal/arm64/PumpSync.swiftsourceinfo (in target 'PumpSync' from project 'PumpSync')
    cd /tmp/pumpsync-ui-audit-harness
    builtin-copy -exclude .DS_Store -exclude CVS -exclude .svn -exclude .git -exclude .hg -resolve-src-symlinks -rename /tmp/pumpsync-remediation-runtime-build/Build/Intermediates.noindex/PumpSync.build/Debug-iphonesimulator/PumpSync.build/Objects-normal/arm64/PumpSync.swiftsourceinfo /tmp/pumpsync-remediation-runtime-build/Build/Products/Debug-iphonesimulator/PumpSync.swiftmodule/Project/arm64-apple-ios-simulator.swiftsourceinfo

ProcessProductPackaging "" /tmp/pumpsync-remediation-runtime-build/Build/Intermediates.noindex/PumpSync.build/Debug-iphonesimulator/PumpSyncUITests.build/PumpSyncUITests.xctest-Simulated.xcent (in target 'PumpSyncUITests' from project 'PumpSync')
    cd /tmp/pumpsync-ui-audit-harness

    Entitlements:

    {
    "application-identifier" = "QS3GC3CT43.dev.ericslutz.PumpSyncUITests.xctrunner";
    "keychain-access-groups" =     (
        "QS3GC3CT43.dev.ericslutz.PumpSyncUITests.xctrunner"
    );
}

    builtin-productPackagingUtility -entitlements -format xml -o /tmp/pumpsync-remediation-runtime-build/Build/Intermediates.noindex/PumpSync.build/Debug-iphonesimulator/PumpSyncUITests.build/PumpSyncUITests.xctest-Simulated.xcent

ProcessProductPackagingDER /tmp/pumpsync-remediation-runtime-build/Build/Intermediates.noindex/PumpSync.build/Debug-iphonesimulator/PumpSyncUITests.build/PumpSyncUITests.xctest-Simulated.xcent /tmp/pumpsync-remediation-runtime-build/Build/Intermediates.noindex/PumpSync.build/Debug-iphonesimulator/PumpSyncUITests.build/PumpSyncUITests.xctest-Simulated.xcent.der (in target 'PumpSyncUITests' from project 'PumpSync')
    cd /tmp/pumpsync-ui-audit-harness
    /usr/bin/derq query -f xml -i /tmp/pumpsync-remediation-runtime-build/Build/Intermediates.noindex/PumpSync.build/Debug-iphonesimulator/PumpSyncUITests.build/PumpSyncUITests.xctest-Simulated.xcent -o /tmp/pumpsync-remediation-runtime-build/Build/Intermediates.noindex/PumpSync.build/Debug-iphonesimulator/PumpSyncUITests.build/PumpSyncUITests.xctest-Simulated.xcent.der --raw

SwiftDriverJobDiscovery normal arm64 Compiling TandemCredentialStore.swift, TandemCredentials.swift, GeneratedAssetSymbols.swift (in target 'PumpSync' from project 'PumpSync')

SwiftDriver PumpSyncUITests normal arm64 com.apple.xcode.tools.swift.compiler (in target 'PumpSyncUITests' from project 'PumpSync')
    cd /tmp/pumpsync-ui-audit-harness
    builtin-SwiftDriver -- /Applications/Development/Xcode.app/Contents/Developer/Toolchains/XcodeDefault.xctoolchain/usr/bin/swiftc -module-name PumpSyncUITests -Onone @/tmp/pumpsync-remediation-runtime-build/Build/Intermediates.noindex/PumpSync.build/Debug-iphonesimulator/PumpSyncUITests.build/Objects-normal/arm64/PumpSyncUITests.SwiftFileList -DDEBUG -module-alias Testing\=_Testing_Unavailable -plugin-path /Applications/Development/Xcode.app/Contents/Developer/Toolchains/XcodeDefault.xctoolchain/usr/lib/swift/host/plugins/testing -enable-experimental-feature DebugDescriptionMacro -sdk /Applications/Development/Xcode.app/Contents/Developer/Platforms/iPhoneSimulator.platform/Developer/SDKs/iPhoneSimulator27.0.sdk -target arm64-apple-ios26.0-simulator -g -module-cache-path /tmp/pumpsync-remediation-runtime-build/ModuleCache.noindex -Xfrontend -serialize-debugging-options -enable-testing -warnings-as-errors -index-store-path /tmp/pumpsync-remediation-runtime-build/Index.noindex/DataStore -Xcc -D_LIBCPP_HARDENING_MODE\=_LIBCPP_HARDENING_MODE_DEBUG -swift-version 6 -I /tmp/pumpsync-remediation-runtime-build/Build/Products/Debug-iphonesimulator -Isystem /Applications/Development/Xcode.app/Contents/Developer/Platforms/iPhoneSimulator.platform/Developer/usr/lib -F /tmp/pumpsync-remediation-runtime-build/Build/Products/Debug-iphonesimulator -F /Applications/Development/Xcode.app/Contents/Developer/Platforms/iPhoneSimulator.platform/Developer/Library/Frameworks -F /Applications/Development/Xcode.app/Contents/Developer/Platforms/iPhoneSimulator.platform/Developer/SDKs/iPhoneSimulator27.0.sdk/Developer/Library/Frameworks -parse-as-library -c -j10 -enable-batch-mode -incremental -Xcc -ivfsstatcache -Xcc /tmp/pumpsync-remediation-runtime-build/SDKStatCaches.noindex/iphonesimulator27.0-24A430-8b98ade55cdca77b755c004ede0894fd.sdkstatcache -output-file-map /tmp/pumpsync-remediation-runtime-build/Build/Intermediates.noindex/PumpSync.build/Debug-iphonesimulator/PumpSyncUITests.build/Objects-normal/arm64/PumpSyncUITests-OutputFileMap.json -save-temps -no-color-diagnostics -explicit-module-build -module-cache-path /tmp/pumpsync-remediation-runtime-build/Build/Intermediates.noindex/SwiftExplicitPrecompiledModules -clang-scanner-module-cache-path /tmp/pumpsync-remediation-runtime-build/ModuleCache.noindex -sdk-module-cache-path /tmp/pumpsync-remediation-runtime-build/SDKExplicitPrecompiledModules -emit-dependencies -emit-module -emit-module-path /tmp/pumpsync-remediation-runtime-build/Build/Intermediates.noindex/PumpSync.build/Debug-iphonesimulator/PumpSyncUITests.build/Objects-normal/arm64/PumpSyncUITests.swiftmodule -serialize-diagnostics -dependency-scan-serialize-diagnostics-path /tmp/pumpsync-remediation-runtime-build/Build/Intermediates.noindex/PumpSync.build/Debug-iphonesimulator/PumpSyncUITests.build/Objects-normal/arm64/PumpSyncUITests-dependency-scan.dia -validate-clang-modules-once -clang-build-session-file /tmp/pumpsync-remediation-runtime-build/ModuleCache.noindex/Session.modulevalidation -Xcc -fmodules-prune-interval\=86400 -Xcc -fmodules-prune-after\=345600 -emit-const-values -const-gather-protocols-list /tmp/pumpsync-remediation-runtime-build/Build/Intermediates.noindex/PumpSync.build/Debug-iphonesimulator/PumpSyncUITests.build/Objects-normal/arm64/PumpSyncUITests_const_extract_protocols.json -Xcc -iquote -Xcc /tmp/pumpsync-remediation-runtime-build/Build/Intermediates.noindex/PumpSync.build/Debug-iphonesimulator/PumpSyncUITests.build/PumpSyncUITests-generated-files.hmap -Xcc -I/tmp/pumpsync-remediation-runtime-build/Build/Intermediates.noindex/PumpSync.build/Debug-iphonesimulator/PumpSyncUITests.build/PumpSyncUITests-own-target-headers.hmap -Xcc -I/tmp/pumpsync-remediation-runtime-build/Build/Intermediates.noindex/PumpSync.build/Debug-iphonesimulator/PumpSyncUITests.build/PumpSyncUITests-all-target-headers.hmap -Xcc -iquote -Xcc /tmp/pumpsync-remediation-runtime-build/Build/Intermediates.noindex/PumpSync.build/Debug-iphonesimulator/PumpSyncUITests.build/PumpSyncUITests-project-headers.hmap -Xcc -I/tmp/pumpsync-remediation-runtime-build/Build/Products/Debug-iphonesimulator/include -Xcc -I/tmp/pumpsync-remediation-runtime-build/Build/Intermediates.noindex/PumpSync.build/Debug-iphonesimulator/PumpSyncUITests.build/DerivedSources-normal/arm64 -Xcc -I/tmp/pumpsync-remediation-runtime-build/Build/Intermediates.noindex/PumpSync.build/Debug-iphonesimulator/PumpSyncUITests.build/DerivedSources/arm64 -Xcc -I/tmp/pumpsync-remediation-runtime-build/Build/Intermediates.noindex/PumpSync.build/Debug-iphonesimulator/PumpSyncUITests.build/DerivedSources -Xcc -DDEBUG\=1 -emit-objc-header -emit-objc-header-path /tmp/pumpsync-remediation-runtime-build/Build/Intermediates.noindex/PumpSync.build/Debug-iphonesimulator/PumpSyncUITests.build/Objects-normal/arm64/PumpSyncUITests-Swift.h -working-directory /tmp/pumpsync-ui-audit-harness -experimental-emit-module-separately -disable-cmo

SwiftDriver PumpSyncTests normal arm64 com.apple.xcode.tools.swift.compiler (in target 'PumpSyncTests' from project 'PumpSync')
    cd /tmp/pumpsync-ui-audit-harness
    builtin-SwiftDriver -- /Applications/Development/Xcode.app/Contents/Developer/Toolchains/XcodeDefault.xctoolchain/usr/bin/swiftc -module-name PumpSyncTests -Onone @/tmp/pumpsync-remediation-runtime-build/Build/Intermediates.noindex/PumpSync.build/Debug-iphonesimulator/PumpSyncTests.build/Objects-normal/arm64/PumpSyncTests.SwiftFileList -DDEBUG -plugin-path /Applications/Development/Xcode.app/Contents/Developer/Toolchains/XcodeDefault.xctoolchain/usr/lib/swift/host/plugins/testing -enable-experimental-feature DebugDescriptionMacro -sdk /Applications/Development/Xcode.app/Contents/Developer/Platforms/iPhoneSimulator.platform/Developer/SDKs/iPhoneSimulator27.0.sdk -target arm64-apple-ios26.0-simulator -g -module-cache-path /tmp/pumpsync-remediation-runtime-build/ModuleCache.noindex -Xfrontend -serialize-debugging-options -enable-testing -warnings-as-errors -index-store-path /tmp/pumpsync-remediation-runtime-build/Index.noindex/DataStore -Xcc -D_LIBCPP_HARDENING_MODE\=_LIBCPP_HARDENING_MODE_DEBUG -swift-version 6 -I /tmp/pumpsync-remediation-runtime-build/Build/Products/Debug-iphonesimulator -Isystem /Applications/Development/Xcode.app/Contents/Developer/Platforms/iPhoneSimulator.platform/Developer/usr/lib -F /tmp/pumpsync-remediation-runtime-build/Build/Products/Debug-iphonesimulator -F /Applications/Development/Xcode.app/Contents/Developer/Platforms/iPhoneSimulator.platform/Developer/Library/Frameworks -F /Applications/Development/Xcode.app/Contents/Developer/Platforms/iPhoneSimulator.platform/Developer/SDKs/iPhoneSimulator27.0.sdk/Developer/Library/Frameworks -c -j10 -enable-batch-mode -incremental -Xcc -ivfsstatcache -Xcc /tmp/pumpsync-remediation-runtime-build/SDKStatCaches.noindex/iphonesimulator27.0-24A430-8b98ade55cdca77b755c004ede0894fd.sdkstatcache -output-file-map /tmp/pumpsync-remediation-runtime-build/Build/Intermediates.noindex/PumpSync.build/Debug-iphonesimulator/PumpSyncTests.build/Objects-normal/arm64/PumpSyncTests-OutputFileMap.json -save-temps -no-color-diagnostics -explicit-module-build -module-cache-path /tmp/pumpsync-remediation-runtime-build/Build/Intermediates.noindex/SwiftExplicitPrecompiledModules -clang-scanner-module-cache-path /tmp/pumpsync-remediation-runtime-build/ModuleCache.noindex -sdk-module-cache-path /tmp/pumpsync-remediation-runtime-build/SDKExplicitPrecompiledModules -emit-dependencies -emit-module -emit-module-path /tmp/pumpsync-remediation-runtime-build/Build/Intermediates.noindex/PumpSync.build/Debug-iphonesimulator/PumpSyncTests.build/Objects-normal/arm64/PumpSyncTests.swiftmodule -serialize-diagnostics -dependency-scan-serialize-diagnostics-path /tmp/pumpsync-remediation-runtime-build/Build/Intermediates.noindex/PumpSync.build/Debug-iphonesimulator/PumpSyncTests.build/Objects-normal/arm64/PumpSyncTests-dependency-scan.dia -validate-clang-modules-once -clang-build-session-file /tmp/pumpsync-remediation-runtime-build/ModuleCache.noindex/Session.modulevalidation -Xcc -fmodules-prune-interval\=86400 -Xcc -fmodules-prune-after\=345600 -emit-const-values -const-gather-protocols-list /tmp/pumpsync-remediation-runtime-build/Build/Intermediates.noindex/PumpSync.build/Debug-iphonesimulator/PumpSyncTests.build/Objects-normal/arm64/PumpSyncTests_const_extract_protocols.json -Xcc -iquote -Xcc /tmp/pumpsync-remediation-runtime-build/Build/Intermediates.noindex/PumpSync.build/Debug-iphonesimulator/PumpSyncTests.build/PumpSyncTests-generated-files.hmap -Xcc -I/tmp/pumpsync-remediation-runtime-build/Build/Intermediates.noindex/PumpSync.build/Debug-iphonesimulator/PumpSyncTests.build/PumpSyncTests-own-target-headers.hmap -Xcc -I/tmp/pumpsync-remediation-runtime-build/Build/Intermediates.noindex/PumpSync.build/Debug-iphonesimulator/PumpSyncTests.build/PumpSyncTests-all-target-headers.hmap -Xcc -iquote -Xcc /tmp/pumpsync-remediation-runtime-build/Build/Intermediates.noindex/PumpSync.build/Debug-iphonesimulator/PumpSyncTests.build/PumpSyncTests-project-headers.hmap -Xcc -I/tmp/pumpsync-remediation-runtime-build/Build/Products/Debug-iphonesimulator/include -Xcc -I/tmp/pumpsync-remediation-runtime-build/Build/Intermediates.noindex/PumpSync.build/Debug-iphonesimulator/PumpSyncTests.build/DerivedSources-normal/arm64 -Xcc -I/tmp/pumpsync-remediation-runtime-build/Build/Intermediates.noindex/PumpSync.build/Debug-iphonesimulator/PumpSyncTests.build/DerivedSources/arm64 -Xcc -I/tmp/pumpsync-remediation-runtime-build/Build/Intermediates.noindex/PumpSync.build/Debug-iphonesimulator/PumpSyncTests.build/DerivedSources -Xcc -DDEBUG\=1 -emit-objc-header -emit-objc-header-path /tmp/pumpsync-remediation-runtime-build/Build/Intermediates.noindex/PumpSync.build/Debug-iphonesimulator/PumpSyncTests.build/Objects-normal/arm64/PumpSyncTests-Swift.h -working-directory /tmp/pumpsync-ui-audit-harness -experimental-emit-module-separately -disable-cmo

SwiftDriverJobDiscovery normal arm64 Compiling HealthKitService.swift, HealthWritePermission.swift, ImportedSampleLedger.swift, InitialImportRange.swift (in target 'PumpSync' from project 'PumpSync')

SwiftExplicitDependencyGeneratePcm arm64 /tmp/pumpsync-remediation-runtime-build/Build/Intermediates.noindex/SwiftExplicitPrecompiledModules/XCUIAutomation-1L5Z1AUH1UDMS5HA5CWM3IV4G.pcm

SwiftExplicitDependencyGeneratePcm arm64 /tmp/pumpsync-remediation-runtime-build/Build/Intermediates.noindex/SwiftExplicitPrecompiledModules/XCTest-4OTIIZGA19FIOO3MKHRNEMZPY.pcm

SwiftExplicitDependencyCompileModuleFromInterface arm64 /tmp/pumpsync-remediation-runtime-build/Build/Intermediates.noindex/SwiftExplicitPrecompiledModules/XCUIAutomation-GAY03S803YOF.swiftmodule

SwiftExplicitDependencyCompileModuleFromInterface arm64 /tmp/pumpsync-remediation-runtime-build/Build/Intermediates.noindex/SwiftExplicitPrecompiledModules/XCTest-38I6XW1F57LBC.swiftmodule

PruneExplicitPrecompiledModules /tmp/pumpsync-remediation-runtime-build/Build/Intermediates.noindex/ExplicitPrecompiledModules

PruneExplicitPrecompiledModules /tmp/pumpsync-remediation-runtime-build/SDKExplicitPrecompiledModules

PruneExplicitPrecompiledModules /tmp/pumpsync-remediation-runtime-build/Build/Intermediates.noindex/SwiftExplicitPrecompiledModules


Test session results, code coverage, and logs:
	/tmp/pumpsync-remediation-ax5.xcresult

** TEST INTERRUPTED **

Environment:restorePersistedBuildResults:operationToEnqueue:error:] (in Xcode3Core)
 12   -[Xcode3CommandLineBuildTool doBuildForBuildAction:timingSection:colorize:colorizeFailure:error:] (in Xcode3Core)
 13   -[Xcode3CommandLineBuildTool _buildWithTimingSection:] (in Xcode3Core)
 14   -[Xcode3CommandLineBuildTool run] (in Xcode3Core)
 15   XcodeBuildMain (in libxcodebuildLoader.dylib)
 16   -[XcodebuildPreIDEHandler loadXcode3ProjectSupportAndRunXcode3CommandLineBuildToolWithArguments:] (in xcodebuild)
 17   -[XcodebuildPreIDEHandler runWithArguments:] (in xcodebuild)
 18   main (in xcodebuild)
 19   start (in dyld)
